card_id,text,raw_text,type,rank
0,Legal,Legal,a_inner_text,A
0,legal,/legal,href,C
1,"Level 30, 126 Phillip Street Sydney, NSW 2000","Level 30, 126 Phillip Street Sydney, NSW 2000",a_inner_text,D
1,data=!3m2!4b1!5s0x6b12ae6a601a02dd:0x87811d5527f5c8e6!4m6!3m5!1s0x6b12ae6a6075f6d7:0x62160e8e94fa9921!8m2!3d 33.866745!4d151.2117!16s%2Fg%2F1pv0 s054,"https://www.google.com/maps/place/Quadrant+Private+Equity/@-33.866745,151.2091197,17z/data=!3m2!4b1!5s0x6b12ae6a601a02dd:0x87811d5527f5c8e6!4m6!3m5!1s0x6b12ae6a6075f6d7:0x62160e8e94fa9921!8m2!3d-33.866745!4d151.2117!16s%2Fg%2F1pv0_s054?entry=ttu",href,C
2,quadrant@quadrantpe.com.au,quadrant@quadrantpe.com.au,a_inner_text,D
2,quadrant@quadrantpe.com,mailto:quadrant@quadrantpe.com.au,href,C
3,"Level 30, 126 Phillip Street Sydney, NSW 2000","Level 30, 126 Phillip Street Sydney, NSW 2000",a_inner_text,D
3,data=!3m2!4b1!5s0x6b12ae6a601a02dd:0x87811d5527f5c8e6!4m6!3m5!1s0x6b12ae6a6075f6d7:0x62160e8e94fa9921!8m2!3d 33.866745!4d151.2117!16s%2Fg%2F1pv0 s054,"https://www.google.com/maps/place/Quadrant+Private+Equity/@-33.866745,151.2091197,17z/data=!3m2!4b1!5s0x6b12ae6a601a02dd:0x87811d5527f5c8e6!4m6!3m5!1s0x6b12ae6a6075f6d7:0x62160e8e94fa9921!8m2!3d-33.866745!4d151.2117!16s%2Fg%2F1pv0_s054?entry=ttu",href,C
4,quadrant@quadrantpe.com.au,quadrant@quadrantpe.com.au,a_inner_text,D
4,quadrant@quadrantpe.com,mailto:quadrant@quadrantpe.com.au,href,C
5,Close,Close,a_inner_text,D
5,,#,href,D
6,Close,Close,a_inner_text,D
6,,#,href,D
7,Close,Close,a_inner_text,D
7,,#,href,D
8,Close,Close,a_inner_text,D
8,,#,href,D
9,Close,Close,a_inner_text,D
9,,#,href,D
10,Close,Close,a_inner_text,D
10,,#,href,D
11,Close,Close,a_inner_text,D
11,,#,href,D
12,Close,Close,a_inner_text,D
12,,#,href,D
13,Close,Close,a_inner_text,D
13,,#,href,D
14,Close,Close,a_inner_text,D
14,,#,href,D
15,Close,Close,a_inner_text,D
15,,#,href,D
16,Close,Close,a_inner_text,D
16,,#,href,D
17,Close,Close,a_inner_text,D
17,,#,href,D
18,Close,Close,a_inner_text,D
18,,#,href,D
19,Close,Close,a_inner_text,D
19,,#,href,D
20,Close,Close,a_inner_text,D
20,,#,href,D
21,Close,Close,a_inner_text,D
21,,#,href,D
22,Close,Close,a_inner_text,D
22,,#,href,D
23,Close,Close,a_inner_text,D
23,,#,href,D
24,Close,Close,a_inner_text,D
24,,#,href,D
25,Close,Close,a_inner_text,D
25,,#,href,D
26,Close,Close,a_inner_text,D
26,,#,href,D
27,Close,Close,a_inner_text,D
27,,#,href,D
28,Close,Close,a_inner_text,D
28,,#,href,D
29,Close,Close,a_inner_text,D
29,,#,href,D
30,Close,Close,a_inner_text,D
30,,#,href,D
31,Close,Close,a_inner_text,D
31,,#,href,D
32,Close,Close,a_inner_text,D
32,,#,href,D
33,Close,Close,a_inner_text,D
33,,#,href,D
34,Close,Close,a_inner_text,D
34,,#,href,D
35,quadrant@quadrantpe.com.au,quadrant@quadrantpe.com.au,a_inner_text,D
35,quadrant@quadrantpe.com,mailto:quadrant@quadrantpe.com.au,href,C
36,"Level 30, 126 Phillip Street Sydney, NSW 2000","Level 30, 126 Phillip Street Sydney, NSW 2000",a_inner_text,D
36,data=!3m2!4b1!5s0x6b12ae6a601a02dd:0x87811d5527f5c8e6!4m6!3m5!1s0x6b12ae6a6075f6d7:0x62160e8e94fa9921!8m2!3d 33.866745!4d151.2117!16s%2Fg%2F1pv0 s054,"https://www.google.com/maps/place/Quadrant+Private+Equity/@-33.866745,151.2091197,17z/data=!3m2!4b1!5s0x6b12ae6a601a02dd:0x87811d5527f5c8e6!4m6!3m5!1s0x6b12ae6a6075f6d7:0x62160e8e94fa9921!8m2!3d-33.866745!4d151.2117!16s%2Fg%2F1pv0_s054?entry=ttu",href,C
37,quadrant@quadrantpe.com.au,quadrant@quadrantpe.com.au,a_inner_text,D
37,quadrant@quadrantpe.com,mailto:quadrant@quadrantpe.com.au,href,C
38,"Level 30, 126 Phillip Street Sydney, NSW 2000","Level 30, 126 Phillip Street Sydney, NSW 2000",a_inner_text,D
38,data=!3m2!4b1!5s0x6b12ae6a601a02dd:0x87811d5527f5c8e6!4m6!3m5!1s0x6b12ae6a6075f6d7:0x62160e8e94fa9921!8m2!3d 33.866745!4d151.2117!16s%2Fg%2F1pv0 s054,"https://www.google.com/maps/place/Quadrant+Private+Equity/@-33.866745,151.2091197,17z/data=!3m2!4b1!5s0x6b12ae6a601a02dd:0x87811d5527f5c8e6!4m6!3m5!1s0x6b12ae6a6075f6d7:0x62160e8e94fa9921!8m2!3d-33.866745!4d151.2117!16s%2Fg%2F1pv0_s054?entry=ttu",href,C
78,65dffc4d61cf44d2f500a904,https://cdn.prod.website-files.com/65dffc4d61cf44d2f500a904/65e6929a72b35a7ee1803c6c_close%20(1).svg,image_src,I
80,65e6929a72b35a7ee1803c6c close%20(1),https://cdn.prod.website-files.com/65dffc4d61cf44d2f500a904/65e6929a72b35a7ee1803c6c_close%20(1).svg,image_src,I
82,65e517300caabe7e988fa435,https://cdn.prod.website-files.com/65e517300caabe7e988fa435/6837b0266aa5ff90f352f829_Legal-Vision-Logo.png,image_src,I
84,6837b0266aa5ff90f352f829 Legal Vision Logo,https://cdn.prod.website-files.com/65e517300caabe7e988fa435/6837b0266aa5ff90f352f829_Legal-Vision-Logo.png,image_src,I
86,plugins,https://cdn.prod.website-files.com/plugins/Basic/assets/placeholder.60f9b1840c.svg,image_src,I
88,Basic,https://cdn.prod.website-files.com/plugins/Basic/assets/placeholder.60f9b1840c.svg,image_src,I
90,assets,https://cdn.prod.website-files.com/plugins/Basic/assets/placeholder.60f9b1840c.svg,image_src,I
92,placeholder,https://cdn.prod.website-files.com/plugins/Basic/assets/placeholder.60f9b1840c.svg,image_src,I
94,plugins,https://cdn.prod.website-files.com/plugins/Basic/assets/placeholder.60f9b1840c.svg,image_src,I
96,Basic,https://cdn.prod.website-files.com/plugins/Basic/assets/placeholder.60f9b1840c.svg,image_src,I
98,assets,https://cdn.prod.website-files.com/plugins/Basic/assets/placeholder.60f9b1840c.svg,image_src,I
100,placeholder,https://cdn.prod.website-files.com/plugins/Basic/assets/placeholder.60f9b1840c.svg,image_src,I
102,plugins,https://cdn.prod.website-files.com/plugins/Basic/assets/placeholder.60f9b1840c.svg,image_src,I
104,Basic,https://cdn.prod.website-files.com/plugins/Basic/assets/placeholder.60f9b1840c.svg,image_src,I
106,assets,https://cdn.prod.website-files.com/plugins/Basic/assets/placeholder.60f9b1840c.svg,image_src,I
108,placeholder,https://cdn.prod.website-files.com/plugins/Basic/assets/placeholder.60f9b1840c.svg,image_src,I
110,plugins,https://cdn.prod.website-files.com/plugins/Basic/assets/placeholder.60f9b1840c.svg,image_src,I
112,Basic,https://cdn.prod.website-files.com/plugins/Basic/assets/placeholder.60f9b1840c.svg,image_src,I
114,assets,https://cdn.prod.website-files.com/plugins/Basic/assets/placeholder.60f9b1840c.svg,image_src,I
116,placeholder,https://cdn.prod.website-files.com/plugins/Basic/assets/placeholder.60f9b1840c.svg,image_src,I
118,plugins,https://cdn.prod.website-files.com/plugins/Basic/assets/placeholder.60f9b1840c.svg,image_src,I
120,Basic,https://cdn.prod.website-files.com/plugins/Basic/assets/placeholder.60f9b1840c.svg,image_src,I
122,assets,https://cdn.prod.website-files.com/plugins/Basic/assets/placeholder.60f9b1840c.svg,image_src,I
124,placeholder,https://cdn.prod.website-files.com/plugins/Basic/assets/placeholder.60f9b1840c.svg,image_src,I
126,plugins,https://cdn.prod.website-files.com/plugins/Basic/assets/placeholder.60f9b1840c.svg,image_src,I
128,Basic,https://cdn.prod.website-files.com/plugins/Basic/assets/placeholder.60f9b1840c.svg,image_src,I
130,assets,https://cdn.prod.website-files.com/plugins/Basic/assets/placeholder.60f9b1840c.svg,image_src,I
132,placeholder,https://cdn.prod.website-files.com/plugins/Basic/assets/placeholder.60f9b1840c.svg,image_src,I
134,plugins,https://cdn.prod.website-files.com/plugins/Basic/assets/placeholder.60f9b1840c.svg,image_src,I
136,Basic,https://cdn.prod.website-files.com/plugins/Basic/assets/placeholder.60f9b1840c.svg,image_src,I
138,assets,https://cdn.prod.website-files.com/plugins/Basic/assets/placeholder.60f9b1840c.svg,image_src,I
140,placeholder,https://cdn.prod.website-files.com/plugins/Basic/assets/placeholder.60f9b1840c.svg,image_src,I
142,plugins,https://cdn.prod.website-files.com/plugins/Basic/assets/placeholder.60f9b1840c.svg,image_src,I
144,Basic,https://cdn.prod.website-files.com/plugins/Basic/assets/placeholder.60f9b1840c.svg,image_src,I
146,assets,https://cdn.prod.website-files.com/plugins/Basic/assets/placeholder.60f9b1840c.svg,image_src,I
148,placeholder,https://cdn.prod.website-files.com/plugins/Basic/assets/placeholder.60f9b1840c.svg,image_src,I
150,plugins,https://cdn.prod.website-files.com/plugins/Basic/assets/placeholder.60f9b1840c.svg,image_src,I
152,Basic,https://cdn.prod.website-files.com/plugins/Basic/assets/placeholder.60f9b1840c.svg,image_src,I
154,assets,https://cdn.prod.website-files.com/plugins/Basic/assets/placeholder.60f9b1840c.svg,image_src,I
156,placeholder,https://cdn.prod.website-files.com/plugins/Basic/assets/placeholder.60f9b1840c.svg,image_src,I
158,plugins,https://cdn.prod.website-files.com/plugins/Basic/assets/placeholder.60f9b1840c.svg,image_src,I
160,Basic,https://cdn.prod.website-files.com/plugins/Basic/assets/placeholder.60f9b1840c.svg,image_src,I
162,assets,https://cdn.prod.website-files.com/plugins/Basic/assets/placeholder.60f9b1840c.svg,image_src,I
164,placeholder,https://cdn.prod.website-files.com/plugins/Basic/assets/placeholder.60f9b1840c.svg,image_src,I
166,plugins,https://cdn.prod.website-files.com/plugins/Basic/assets/placeholder.60f9b1840c.svg,image_src,I
168,Basic,https://cdn.prod.website-files.com/plugins/Basic/assets/placeholder.60f9b1840c.svg,image_src,I
170,assets,https://cdn.prod.website-files.com/plugins/Basic/assets/placeholder.60f9b1840c.svg,image_src,I
172,placeholder,https://cdn.prod.website-files.com/plugins/Basic/assets/placeholder.60f9b1840c.svg,image_src,I
174,plugins,https://cdn.prod.website-files.com/plugins/Basic/assets/placeholder.60f9b1840c.svg,image_src,I
176,Basic,https://cdn.prod.website-files.com/plugins/Basic/assets/placeholder.60f9b1840c.svg,image_src,I
178,assets,https://cdn.prod.website-files.com/plugins/Basic/assets/placeholder.60f9b1840c.svg,image_src,I
180,placeholder,https://cdn.prod.website-files.com/plugins/Basic/assets/placeholder.60f9b1840c.svg,image_src,I
182,plugins,https://cdn.prod.website-files.com/plugins/Basic/assets/placeholder.60f9b1840c.svg,image_src,I
184,Basic,https://cdn.prod.website-files.com/plugins/Basic/assets/placeholder.60f9b1840c.svg,image_src,I
186,assets,https://cdn.prod.website-files.com/plugins/Basic/assets/placeholder.60f9b1840c.svg,image_src,I
188,placeholder,https://cdn.prod.website-files.com/plugins/Basic/assets/placeholder.60f9b1840c.svg,image_src,I
190,plugins,https://cdn.prod.website-files.com/plugins/Basic/assets/placeholder.60f9b1840c.svg,image_src,I
192,Basic,https://cdn.prod.website-files.com/plugins/Basic/assets/placeholder.60f9b1840c.svg,image_src,I
194,assets,https://cdn.prod.website-files.com/plugins/Basic/assets/placeholder.60f9b1840c.svg,image_src,I
196,placeholder,https://cdn.prod.website-files.com/plugins/Basic/assets/placeholder.60f9b1840c.svg,image_src,I
198,plugins,https://cdn.prod.website-files.com/plugins/Basic/assets/placeholder.60f9b1840c.svg,image_src,I
200,Basic,https://cdn.prod.website-files.com/plugins/Basic/assets/placeholder.60f9b1840c.svg,image_src,I
202,assets,https://cdn.prod.website-files.com/plugins/Basic/assets/placeholder.60f9b1840c.svg,image_src,I
204,placeholder,https://cdn.prod.website-files.com/plugins/Basic/assets/placeholder.60f9b1840c.svg,image_src,I
206,plugins,https://cdn.prod.website-files.com/plugins/Basic/assets/placeholder.60f9b1840c.svg,image_src,I
208,Basic,https://cdn.prod.website-files.com/plugins/Basic/assets/placeholder.60f9b1840c.svg,image_src,I
210,assets,https://cdn.prod.website-files.com/plugins/Basic/assets/placeholder.60f9b1840c.svg,image_src,I
212,placeholder,https://cdn.prod.website-files.com/plugins/Basic/assets/placeholder.60f9b1840c.svg,image_src,I
214,plugins,https://cdn.prod.website-files.com/plugins/Basic/assets/placeholder.60f9b1840c.svg,image_src,I
216,Basic,https://cdn.prod.website-files.com/plugins/Basic/assets/placeholder.60f9b1840c.svg,image_src,I
218,assets,https://cdn.prod.website-files.com/plugins/Basic/assets/placeholder.60f9b1840c.svg,image_src,I
220,placeholder,https://cdn.prod.website-files.com/plugins/Basic/assets/placeholder.60f9b1840c.svg,image_src,I
222,plugins,https://cdn.prod.website-files.com/plugins/Basic/assets/placeholder.60f9b1840c.svg,image_src,I
224,Basic,https://cdn.prod.website-files.com/plugins/Basic/assets/placeholder.60f9b1840c.svg,image_src,I
226,assets,https://cdn.prod.website-files.com/plugins/Basic/assets/placeholder.60f9b1840c.svg,image_src,I
228,placeholder,https://cdn.prod.website-files.com/plugins/Basic/assets/placeholder.60f9b1840c.svg,image_src,I
230,plugins,https://cdn.prod.website-files.com/plugins/Basic/assets/placeholder.60f9b1840c.svg,image_src,I
232,Basic,https://cdn.prod.website-files.com/plugins/Basic/assets/placeholder.60f9b1840c.svg,image_src,I
234,assets,https://cdn.prod.website-files.com/plugins/Basic/assets/placeholder.60f9b1840c.svg,image_src,I
236,placeholder,https://cdn.prod.website-files.com/plugins/Basic/assets/placeholder.60f9b1840c.svg,image_src,I
238,plugins,https://cdn.prod.website-files.com/plugins/Basic/assets/placeholder.60f9b1840c.svg,image_src,I
240,Basic,https://cdn.prod.website-files.com/plugins/Basic/assets/placeholder.60f9b1840c.svg,image_src,I
242,assets,https://cdn.prod.website-files.com/plugins/Basic/assets/placeholder.60f9b1840c.svg,image_src,I
244,placeholder,https://cdn.prod.website-files.com/plugins/Basic/assets/placeholder.60f9b1840c.svg,image_src,I
246,plugins,https://cdn.prod.website-files.com/plugins/Basic/assets/placeholder.60f9b1840c.svg,image_src,I
248,Basic,https://cdn.prod.website-files.com/plugins/Basic/assets/placeholder.60f9b1840c.svg,image_src,I
250,assets,https://cdn.prod.website-files.com/plugins/Basic/assets/placeholder.60f9b1840c.svg,image_src,I
252,placeholder,https://cdn.prod.website-files.com/plugins/Basic/assets/placeholder.60f9b1840c.svg,image_src,I
254,plugins,https://cdn.prod.website-files.com/plugins/Basic/assets/placeholder.60f9b1840c.svg,image_src,I
256,Basic,https://cdn.prod.website-files.com/plugins/Basic/assets/placeholder.60f9b1840c.svg,image_src,I
258,assets,https://cdn.prod.website-files.com/plugins/Basic/assets/placeholder.60f9b1840c.svg,image_src,I
260,placeholder,https://cdn.prod.website-files.com/plugins/Basic/assets/placeholder.60f9b1840c.svg,image_src,I
262,plugins,https://cdn.prod.website-files.com/plugins/Basic/assets/placeholder.60f9b1840c.svg,image_src,I
264,Basic,https://cdn.prod.website-files.com/plugins/Basic/assets/placeholder.60f9b1840c.svg,image_src,I
266,assets,https://cdn.prod.website-files.com/plugins/Basic/assets/placeholder.60f9b1840c.svg,image_src,I
268,placeholder,https://cdn.prod.website-files.com/plugins/Basic/assets/placeholder.60f9b1840c.svg,image_src,I
270,65e517300caabe7e988fa435,https://cdn.prod.website-files.com/65e517300caabe7e988fa435/664552755ce2459c044a3bdc_Quadrant-Investment_Companies-Logo-canva.png,image_src,I
272,664552755ce2459c044a3bdc Quadrant Investment Companies Logo canva,https://cdn.prod.website-files.com/65e517300caabe7e988fa435/664552755ce2459c044a3bdc_Quadrant-Investment_Companies-Logo-canva.png,image_src,I
274,65e517300caabe7e988fa435,https://cdn.prod.website-files.com/65e517300caabe7e988fa435/679aeb73349a0a199ce150ff_apm_v2.png,image_src,I
276,679aeb73349a0a199ce150ff apm v2,https://cdn.prod.website-files.com/65e517300caabe7e988fa435/679aeb73349a0a199ce150ff_apm_v2.png,image_src,I
278,65e517300caabe7e988fa435,https://cdn.prod.website-files.com/65e517300caabe7e988fa435/6799abeb023951baba892eb4_EMM.png,image_src,I
280,6799abeb023951baba892eb4 EMM,https://cdn.prod.website-files.com/65e517300caabe7e988fa435/6799abeb023951baba892eb4_EMM.png,image_src,I
282,plugins,https://cdn.prod.website-files.com/plugins/Basic/assets/placeholder.60f9b1840c.svg,image_src,I
284,Basic,https://cdn.prod.website-files.com/plugins/Basic/assets/placeholder.60f9b1840c.svg,image_src,I
286,assets,https://cdn.prod.website-files.com/plugins/Basic/assets/placeholder.60f9b1840c.svg,image_src,I
288,placeholder,https://cdn.prod.website-files.com/plugins/Basic/assets/placeholder.60f9b1840c.svg,image_src,I
290,plugins,https://cdn.prod.website-files.com/plugins/Basic/assets/placeholder.60f9b1840c.svg,image_src,I
292,Basic,https://cdn.prod.website-files.com/plugins/Basic/assets/placeholder.60f9b1840c.svg,image_src,I
294,assets,https://cdn.prod.website-files.com/plugins/Basic/assets/placeholder.60f9b1840c.svg,image_src,I
296,placeholder,https://cdn.prod.website-files.com/plugins/Basic/assets/placeholder.60f9b1840c.svg,image_src,I
298,plugins,https://cdn.prod.website-files.com/plugins/Basic/assets/placeholder.60f9b1840c.svg,image_src,I
300,Basic,https://cdn.prod.website-files.com/plugins/Basic/assets/placeholder.60f9b1840c.svg,image_src,I
302,assets,https://cdn.prod.website-files.com/plugins/Basic/assets/placeholder.60f9b1840c.svg,image_src,I
304,placeholder,https://cdn.prod.website-files.com/plugins/Basic/assets/placeholder.60f9b1840c.svg,image_src,I
306,plugins,https://cdn.prod.website-files.com/plugins/Basic/assets/placeholder.60f9b1840c.svg,image_src,I
308,Basic,https://cdn.prod.website-files.com/plugins/Basic/assets/placeholder.60f9b1840c.svg,image_src,I
310,assets,https://cdn.prod.website-files.com/plugins/Basic/assets/placeholder.60f9b1840c.svg,image_src,I
312,placeholder,https://cdn.prod.website-files.com/plugins/Basic/assets/placeholder.60f9b1840c.svg,image_src,I
314,plugins,https://cdn.prod.website-files.com/plugins/Basic/assets/placeholder.60f9b1840c.svg,image_src,I
316,Basic,https://cdn.prod.website-files.com/plugins/Basic/assets/placeholder.60f9b1840c.svg,image_src,I
318,assets,https://cdn.prod.website-files.com/plugins/Basic/assets/placeholder.60f9b1840c.svg,image_src,I
320,placeholder,https://cdn.prod.website-files.com/plugins/Basic/assets/placeholder.60f9b1840c.svg,image_src,I
322,plugins,https://cdn.prod.website-files.com/plugins/Basic/assets/placeholder.60f9b1840c.svg,image_src,I
324,Basic,https://cdn.prod.website-files.com/plugins/Basic/assets/placeholder.60f9b1840c.svg,image_src,I
326,assets,https://cdn.prod.website-files.com/plugins/Basic/assets/placeholder.60f9b1840c.svg,image_src,I
328,placeholder,https://cdn.prod.website-files.com/plugins/Basic/assets/placeholder.60f9b1840c.svg,image_src,I
330,plugins,https://cdn.prod.website-files.com/plugins/Basic/assets/placeholder.60f9b1840c.svg,image_src,I
332,Basic,https://cdn.prod.website-files.com/plugins/Basic/assets/placeholder.60f9b1840c.svg,image_src,I
334,assets,https://cdn.prod.website-files.com/plugins/Basic/assets/placeholder.60f9b1840c.svg,image_src,I
336,placeholder,https://cdn.prod.website-files.com/plugins/Basic/assets/placeholder.60f9b1840c.svg,image_src,I
338,plugins,https://cdn.prod.website-files.com/plugins/Basic/assets/placeholder.60f9b1840c.svg,image_src,I
340,Basic,https://cdn.prod.website-files.com/plugins/Basic/assets/placeholder.60f9b1840c.svg,image_src,I
342,assets,https://cdn.prod.website-files.com/plugins/Basic/assets/placeholder.60f9b1840c.svg,image_src,I
344,placeholder,https://cdn.prod.website-files.com/plugins/Basic/assets/placeholder.60f9b1840c.svg,image_src,I
346,plugins,https://cdn.prod.website-files.com/plugins/Basic/assets/placeholder.60f9b1840c.svg,image_src,I
348,Basic,https://cdn.prod.website-files.com/plugins/Basic/assets/placeholder.60f9b1840c.svg,image_src,I
350,assets,https://cdn.prod.website-files.com/plugins/Basic/assets/placeholder.60f9b1840c.svg,image_src,I
352,placeholder,https://cdn.prod.website-files.com/plugins/Basic/assets/placeholder.60f9b1840c.svg,image_src,I
354,plugins,https://cdn.prod.website-files.com/plugins/Basic/assets/placeholder.60f9b1840c.svg,image_src,I
356,Basic,https://cdn.prod.website-files.com/plugins/Basic/assets/placeholder.60f9b1840c.svg,image_src,I
358,assets,https://cdn.prod.website-files.com/plugins/Basic/assets/placeholder.60f9b1840c.svg,image_src,I
360,placeholder,https://cdn.prod.website-files.com/plugins/Basic/assets/placeholder.60f9b1840c.svg,image_src,I
362,plugins,https://cdn.prod.website-files.com/plugins/Basic/assets/placeholder.60f9b1840c.svg,image_src,I
364,Basic,https://cdn.prod.website-files.com/plugins/Basic/assets/placeholder.60f9b1840c.svg,image_src,I
366,assets,https://cdn.prod.website-files.com/plugins/Basic/assets/placeholder.60f9b1840c.svg,image_src,I
368,placeholder,https://cdn.prod.website-files.com/plugins/Basic/assets/placeholder.60f9b1840c.svg,image_src,I
370,plugins,https://cdn.prod.website-files.com/plugins/Basic/assets/placeholder.60f9b1840c.svg,image_src,I
372,Basic,https://cdn.prod.website-files.com/plugins/Basic/assets/placeholder.60f9b1840c.svg,image_src,I
374,assets,https://cdn.prod.website-files.com/plugins/Basic/assets/placeholder.60f9b1840c.svg,image_src,I
376,placeholder,https://cdn.prod.website-files.com/plugins/Basic/assets/placeholder.60f9b1840c.svg,image_src,I
378,plugins,https://cdn.prod.website-files.com/plugins/Basic/assets/placeholder.60f9b1840c.svg,image_src,I
380,Basic,https://cdn.prod.website-files.com/plugins/Basic/assets/placeholder.60f9b1840c.svg,image_src,I
382,assets,https://cdn.prod.website-files.com/plugins/Basic/assets/placeholder.60f9b1840c.svg,image_src,I
384,placeholder,https://cdn.prod.website-files.com/plugins/Basic/assets/placeholder.60f9b1840c.svg,image_src,I
386,plugins,https://cdn.prod.website-files.com/plugins/Basic/assets/placeholder.60f9b1840c.svg,image_src,I
388,Basic,https://cdn.prod.website-files.com/plugins/Basic/assets/placeholder.60f9b1840c.svg,image_src,I
390,assets,https://cdn.prod.website-files.com/plugins/Basic/assets/placeholder.60f9b1840c.svg,image_src,I
392,placeholder,https://cdn.prod.website-files.com/plugins/Basic/assets/placeholder.60f9b1840c.svg,image_src,I
394,plugins,https://cdn.prod.website-files.com/plugins/Basic/assets/placeholder.60f9b1840c.svg,image_src,I
396,Basic,https://cdn.prod.website-files.com/plugins/Basic/assets/placeholder.60f9b1840c.svg,image_src,I
398,assets,https://cdn.prod.website-files.com/plugins/Basic/assets/placeholder.60f9b1840c.svg,image_src,I
400,placeholder,https://cdn.prod.website-files.com/plugins/Basic/assets/placeholder.60f9b1840c.svg,image_src,I
402,plugins,https://cdn.prod.website-files.com/plugins/Basic/assets/placeholder.60f9b1840c.svg,image_src,I
404,Basic,https://cdn.prod.website-files.com/plugins/Basic/assets/placeholder.60f9b1840c.svg,image_src,I
406,assets,https://cdn.prod.website-files.com/plugins/Basic/assets/placeholder.60f9b1840c.svg,image_src,I
408,placeholder,https://cdn.prod.website-files.com/plugins/Basic/assets/placeholder.60f9b1840c.svg,image_src,I
410,plugins,https://cdn.prod.website-files.com/plugins/Basic/assets/placeholder.60f9b1840c.svg,image_src,I
412,Basic,https://cdn.prod.website-files.com/plugins/Basic/assets/placeholder.60f9b1840c.svg,image_src,I
414,assets,https://cdn.prod.website-files.com/plugins/Basic/assets/placeholder.60f9b1840c.svg,image_src,I
416,placeholder,https://cdn.prod.website-files.com/plugins/Basic/assets/placeholder.60f9b1840c.svg,image_src,I
418,plugins,https://cdn.prod.website-files.com/plugins/Basic/assets/placeholder.60f9b1840c.svg,image_src,I
420,Basic,https://cdn.prod.website-files.com/plugins/Basic/assets/placeholder.60f9b1840c.svg,image_src,I
422,assets,https://cdn.prod.website-files.com/plugins/Basic/assets/placeholder.60f9b1840c.svg,image_src,I
424,placeholder,https://cdn.prod.website-files.com/plugins/Basic/assets/placeholder.60f9b1840c.svg,image_src,I
426,plugins,https://cdn.prod.website-files.com/plugins/Basic/assets/placeholder.60f9b1840c.svg,image_src,I
428,Basic,https://cdn.prod.website-files.com/plugins/Basic/assets/placeholder.60f9b1840c.svg,image_src,I
430,assets,https://cdn.prod.website-files.com/plugins/Basic/assets/placeholder.60f9b1840c.svg,image_src,I
432,placeholder,https://cdn.prod.website-files.com/plugins/Basic/assets/placeholder.60f9b1840c.svg,image_src,I
434,plugins,https://cdn.prod.website-files.com/plugins/Basic/assets/placeholder.60f9b1840c.svg,image_src,I
436,Basic,https://cdn.prod.website-files.com/plugins/Basic/assets/placeholder.60f9b1840c.svg,image_src,I
438,assets,https://cdn.prod.website-files.com/plugins/Basic/assets/placeholder.60f9b1840c.svg,image_src,I
440,placeholder,https://cdn.prod.website-files.com/plugins/Basic/assets/placeholder.60f9b1840c.svg,image_src,I
442,plugins,https://cdn.prod.website-files.com/plugins/Basic/assets/placeholder.60f9b1840c.svg,image_src,I
444,Basic,https://cdn.prod.website-files.com/plugins/Basic/assets/placeholder.60f9b1840c.svg,image_src,I
446,assets,https://cdn.prod.website-files.com/plugins/Basic/assets/placeholder.60f9b1840c.svg,image_src,I
448,placeholder,https://cdn.prod.website-files.com/plugins/Basic/assets/placeholder.60f9b1840c.svg,image_src,I
450,65e517300caabe7e988fa435,https://cdn.prod.website-files.com/65e517300caabe7e988fa435/6600bb816340908f698262df_Quadrant-Investment_Companies-motorone-Black.png,image_src,I
452,6600bb816340908f698262df Quadrant Investment Companies motorone Black,https://cdn.prod.website-files.com/65e517300caabe7e988fa435/6600bb816340908f698262df_Quadrant-Investment_Companies-motorone-Black.png,image_src,I
454,plugins,https://cdn.prod.website-files.com/plugins/Basic/assets/placeholder.60f9b1840c.svg,image_src,I
456,Basic,https://cdn.prod.website-files.com/plugins/Basic/assets/placeholder.60f9b1840c.svg,image_src,I
458,assets,https://cdn.prod.website-files.com/plugins/Basic/assets/placeholder.60f9b1840c.svg,image_src,I
460,placeholder,https://cdn.prod.website-files.com/plugins/Basic/assets/placeholder.60f9b1840c.svg,image_src,I
462,plugins,https://cdn.prod.website-files.com/plugins/Basic/assets/placeholder.60f9b1840c.svg,image_src,I
464,Basic,https://cdn.prod.website-files.com/plugins/Basic/assets/placeholder.60f9b1840c.svg,image_src,I
466,assets,https://cdn.prod.website-files.com/plugins/Basic/assets/placeholder.60f9b1840c.svg,image_src,I
468,placeholder,https://cdn.prod.website-files.com/plugins/Basic/assets/placeholder.60f9b1840c.svg,image_src,I
470,plugins,https://cdn.prod.website-files.com/plugins/Basic/assets/placeholder.60f9b1840c.svg,image_src,I
472,Basic,https://cdn.prod.website-files.com/plugins/Basic/assets/placeholder.60f9b1840c.svg,image_src,I
474,assets,https://cdn.prod.website-files.com/plugins/Basic/assets/placeholder.60f9b1840c.svg,image_src,I
476,placeholder,https://cdn.prod.website-files.com/plugins/Basic/assets/placeholder.60f9b1840c.svg,image_src,I
478,plugins,https://cdn.prod.website-files.com/plugins/Basic/assets/placeholder.60f9b1840c.svg,image_src,I
480,Basic,https://cdn.prod.website-files.com/plugins/Basic/assets/placeholder.60f9b1840c.svg,image_src,I
482,assets,https://cdn.prod.website-files.com/plugins/Basic/assets/placeholder.60f9b1840c.svg,image_src,I
484,placeholder,https://cdn.prod.website-files.com/plugins/Basic/assets/placeholder.60f9b1840c.svg,image_src,I
486,plugins,https://cdn.prod.website-files.com/plugins/Basic/assets/placeholder.60f9b1840c.svg,image_src,I
488,Basic,https://cdn.prod.website-files.com/plugins/Basic/assets/placeholder.60f9b1840c.svg,image_src,I
490,assets,https://cdn.prod.website-files.com/plugins/Basic/assets/placeholder.60f9b1840c.svg,image_src,I
492,placeholder,https://cdn.prod.website-files.com/plugins/Basic/assets/placeholder.60f9b1840c.svg,image_src,I
494,plugins,https://cdn.prod.website-files.com/plugins/Basic/assets/placeholder.60f9b1840c.svg,image_src,I
496,Basic,https://cdn.prod.website-files.com/plugins/Basic/assets/placeholder.60f9b1840c.svg,image_src,I
498,assets,https://cdn.prod.website-files.com/plugins/Basic/assets/placeholder.60f9b1840c.svg,image_src,I
500,placeholder,https://cdn.prod.website-files.com/plugins/Basic/assets/placeholder.60f9b1840c.svg,image_src,I
502,plugins,https://cdn.prod.website-files.com/plugins/Basic/assets/placeholder.60f9b1840c.svg,image_src,I
504,Basic,https://cdn.prod.website-files.com/plugins/Basic/assets/placeholder.60f9b1840c.svg,image_src,I
506,assets,https://cdn.prod.website-files.com/plugins/Basic/assets/placeholder.60f9b1840c.svg,image_src,I
508,placeholder,https://cdn.prod.website-files.com/plugins/Basic/assets/placeholder.60f9b1840c.svg,image_src,I
510,plugins,https://cdn.prod.website-files.com/plugins/Basic/assets/placeholder.60f9b1840c.svg,image_src,I
512,Basic,https://cdn.prod.website-files.com/plugins/Basic/assets/placeholder.60f9b1840c.svg,image_src,I
514,assets,https://cdn.prod.website-files.com/plugins/Basic/assets/placeholder.60f9b1840c.svg,image_src,I
516,placeholder,https://cdn.prod.website-files.com/plugins/Basic/assets/placeholder.60f9b1840c.svg,image_src,I
518,plugins,https://cdn.prod.website-files.com/plugins/Basic/assets/placeholder.60f9b1840c.svg,image_src,I
520,Basic,https://cdn.prod.website-files.com/plugins/Basic/assets/placeholder.60f9b1840c.svg,image_src,I
522,assets,https://cdn.prod.website-files.com/plugins/Basic/assets/placeholder.60f9b1840c.svg,image_src,I
524,placeholder,https://cdn.prod.website-files.com/plugins/Basic/assets/placeholder.60f9b1840c.svg,image_src,I
526,plugins,https://cdn.prod.website-files.com/plugins/Basic/assets/placeholder.60f9b1840c.svg,image_src,I
528,Basic,https://cdn.prod.website-files.com/plugins/Basic/assets/placeholder.60f9b1840c.svg,image_src,I
530,assets,https://cdn.prod.website-files.com/plugins/Basic/assets/placeholder.60f9b1840c.svg,image_src,I
532,placeholder,https://cdn.prod.website-files.com/plugins/Basic/assets/placeholder.60f9b1840c.svg,image_src,I
534,plugins,https://cdn.prod.website-files.com/plugins/Basic/assets/placeholder.60f9b1840c.svg,image_src,I
536,Basic,https://cdn.prod.website-files.com/plugins/Basic/assets/placeholder.60f9b1840c.svg,image_src,I
538,assets,https://cdn.prod.website-files.com/plugins/Basic/assets/placeholder.60f9b1840c.svg,image_src,I
540,placeholder,https://cdn.prod.website-files.com/plugins/Basic/assets/placeholder.60f9b1840c.svg,image_src,I
542,plugins,https://cdn.prod.website-files.com/plugins/Basic/assets/placeholder.60f9b1840c.svg,image_src,I
544,Basic,https://cdn.prod.website-files.com/plugins/Basic/assets/placeholder.60f9b1840c.svg,image_src,I
546,assets,https://cdn.prod.website-files.com/plugins/Basic/assets/placeholder.60f9b1840c.svg,image_src,I
548,placeholder,https://cdn.prod.website-files.com/plugins/Basic/assets/placeholder.60f9b1840c.svg,image_src,I
550,plugins,https://cdn.prod.website-files.com/plugins/Basic/assets/placeholder.60f9b1840c.svg,image_src,I
552,Basic,https://cdn.prod.website-files.com/plugins/Basic/assets/placeholder.60f9b1840c.svg,image_src,I
554,assets,https://cdn.prod.website-files.com/plugins/Basic/assets/placeholder.60f9b1840c.svg,image_src,I
556,placeholder,https://cdn.prod.website-files.com/plugins/Basic/assets/placeholder.60f9b1840c.svg,image_src,I
558,plugins,https://cdn.prod.website-files.com/plugins/Basic/assets/placeholder.60f9b1840c.svg,image_src,I
560,Basic,https://cdn.prod.website-files.com/plugins/Basic/assets/placeholder.60f9b1840c.svg,image_src,I
562,assets,https://cdn.prod.website-files.com/plugins/Basic/assets/placeholder.60f9b1840c.svg,image_src,I
564,placeholder,https://cdn.prod.website-files.com/plugins/Basic/assets/placeholder.60f9b1840c.svg,image_src,I
566,plugins,https://cdn.prod.website-files.com/plugins/Basic/assets/placeholder.60f9b1840c.svg,image_src,I
568,Basic,https://cdn.prod.website-files.com/plugins/Basic/assets/placeholder.60f9b1840c.svg,image_src,I
570,assets,https://cdn.prod.website-files.com/plugins/Basic/assets/placeholder.60f9b1840c.svg,image_src,I
572,placeholder,https://cdn.prod.website-files.com/plugins/Basic/assets/placeholder.60f9b1840c.svg,image_src,I
574,plugins,https://cdn.prod.website-files.com/plugins/Basic/assets/placeholder.60f9b1840c.svg,image_src,I
576,Basic,https://cdn.prod.website-files.com/plugins/Basic/assets/placeholder.60f9b1840c.svg,image_src,I
578,assets,https://cdn.prod.website-files.com/plugins/Basic/assets/placeholder.60f9b1840c.svg,image_src,I
580,placeholder,https://cdn.prod.website-files.com/plugins/Basic/assets/placeholder.60f9b1840c.svg,image_src,I
582,plugins,https://cdn.prod.website-files.com/plugins/Basic/assets/placeholder.60f9b1840c.svg,image_src,I
584,Basic,https://cdn.prod.website-files.com/plugins/Basic/assets/placeholder.60f9b1840c.svg,image_src,I
586,assets,https://cdn.prod.website-files.com/plugins/Basic/assets/placeholder.60f9b1840c.svg,image_src,I
588,placeholder,https://cdn.prod.website-files.com/plugins/Basic/assets/placeholder.60f9b1840c.svg,image_src,I
590,plugins,https://cdn.prod.website-files.com/plugins/Basic/assets/placeholder.60f9b1840c.svg,image_src,I
592,Basic,https://cdn.prod.website-files.com/plugins/Basic/assets/placeholder.60f9b1840c.svg,image_src,I
594,assets,https://cdn.prod.website-files.com/plugins/Basic/assets/placeholder.60f9b1840c.svg,image_src,I
596,placeholder,https://cdn.prod.website-files.com/plugins/Basic/assets/placeholder.60f9b1840c.svg,image_src,I
598,plugins,https://cdn.prod.website-files.com/plugins/Basic/assets/placeholder.60f9b1840c.svg,image_src,I
600,Basic,https://cdn.prod.website-files.com/plugins/Basic/assets/placeholder.60f9b1840c.svg,image_src,I
602,assets,https://cdn.prod.website-files.com/plugins/Basic/assets/placeholder.60f9b1840c.svg,image_src,I
604,placeholder,https://cdn.prod.website-files.com/plugins/Basic/assets/placeholder.60f9b1840c.svg,image_src,I
606,plugins,https://cdn.prod.website-files.com/plugins/Basic/assets/placeholder.60f9b1840c.svg,image_src,I
608,Basic,https://cdn.prod.website-files.com/plugins/Basic/assets/placeholder.60f9b1840c.svg,image_src,I
610,assets,https://cdn.prod.website-files.com/plugins/Basic/assets/placeholder.60f9b1840c.svg,image_src,I
612,placeholder,https://cdn.prod.website-files.com/plugins/Basic/assets/placeholder.60f9b1840c.svg,image_src,I
614,plugins,https://cdn.prod.website-files.com/plugins/Basic/assets/placeholder.60f9b1840c.svg,image_src,I
616,Basic,https://cdn.prod.website-files.com/plugins/Basic/assets/placeholder.60f9b1840c.svg,image_src,I
618,assets,https://cdn.prod.website-files.com/plugins/Basic/assets/placeholder.60f9b1840c.svg,image_src,I
620,placeholder,https://cdn.prod.website-files.com/plugins/Basic/assets/placeholder.60f9b1840c.svg,image_src,I
622,plugins,https://cdn.prod.website-files.com/plugins/Basic/assets/placeholder.60f9b1840c.svg,image_src,I
624,Basic,https://cdn.prod.website-files.com/plugins/Basic/assets/placeholder.60f9b1840c.svg,image_src,I
626,assets,https://cdn.prod.website-files.com/plugins/Basic/assets/placeholder.60f9b1840c.svg,image_src,I
628,placeholder,https://cdn.prod.website-files.com/plugins/Basic/assets/placeholder.60f9b1840c.svg,image_src,I
630,plugins,https://cdn.prod.website-files.com/plugins/Basic/assets/placeholder.60f9b1840c.svg,image_src,I
632,Basic,https://cdn.prod.website-files.com/plugins/Basic/assets/placeholder.60f9b1840c.svg,image_src,I
634,assets,https://cdn.prod.website-files.com/plugins/Basic/assets/placeholder.60f9b1840c.svg,image_src,I
636,placeholder,https://cdn.prod.website-files.com/plugins/Basic/assets/placeholder.60f9b1840c.svg,image_src,I
638,65e517300caabe7e988fa435,https://cdn.prod.website-files.com/65e517300caabe7e988fa435/6645525ccd89d42c003f44c2_Quadrant-Investment_Companies-Logo-connetico.png,image_src,I
640,6645525ccd89d42c003f44c2 Quadrant Investment Companies Logo connetico,https://cdn.prod.website-files.com/65e517300caabe7e988fa435/6645525ccd89d42c003f44c2_Quadrant-Investment_Companies-Logo-connetico.png,image_src,I
642,65e517300caabe7e988fa435,https://cdn.prod.website-files.com/65e517300caabe7e988fa435/6645524b726d9159cf8ac61e_Quadrant-Investment_Companies-Logo-ciruitwise.png,image_src,I
644,6645524b726d9159cf8ac61e Quadrant Investment Companies Logo ciruitwise,https://cdn.prod.website-files.com/65e517300caabe7e988fa435/6645524b726d9159cf8ac61e_Quadrant-Investment_Companies-Logo-ciruitwise.png,image_src,I
646,65e517300caabe7e988fa435,https://cdn.prod.website-files.com/65e517300caabe7e988fa435/66454d51096c7308a5ea5c9b_Quadrant-Investment_Companies-Logo-bastion.png,image_src,I
648,66454d51096c7308a5ea5c9b Quadrant Investment Companies Logo bastion,https://cdn.prod.website-files.com/65e517300caabe7e988fa435/66454d51096c7308a5ea5c9b_Quadrant-Investment_Companies-Logo-bastion.png,image_src,I
650,65e517300caabe7e988fa435,https://cdn.prod.website-files.com/65e517300caabe7e988fa435/66454d421272aec1a0cf630b_Quadrant-Investment_Companies-Logo-seertech.png,image_src,I
652,66454d421272aec1a0cf630b Quadrant Investment Companies Logo seertech,https://cdn.prod.website-files.com/65e517300caabe7e988fa435/66454d421272aec1a0cf630b_Quadrant-Investment_Companies-Logo-seertech.png,image_src,I
654,65e517300caabe7e988fa435,https://cdn.prod.website-files.com/65e517300caabe7e988fa435/66454d25be9d824ecb62659f_Quadrant-Investment_Companies-Logo-southern_star_research.png,image_src,I
656,66454d25be9d824ecb62659f Quadrant Investment Companies Logo southern star research,https://cdn.prod.website-files.com/65e517300caabe7e988fa435/66454d25be9d824ecb62659f_Quadrant-Investment_Companies-Logo-southern_star_research.png,image_src,I
658,65e517300caabe7e988fa435,https://cdn.prod.website-files.com/65e517300caabe7e988fa435/66454d10fedda10ea6f83335_Quadrant-Investment_Companies-Logo-carecare_associates.png,image_src,I
660,66454d10fedda10ea6f83335 Quadrant Investment Companies Logo carecare associates,https://cdn.prod.website-files.com/65e517300caabe7e988fa435/66454d10fedda10ea6f83335_Quadrant-Investment_Companies-Logo-carecare_associates.png,image_src,I
662,65e517300caabe7e988fa435,https://cdn.prod.website-files.com/65e517300caabe7e988fa435/6799ab98e46313afe788b95e_evolution%20surgical.png,image_src,I
664,6799ab98e46313afe788b95e evolution%20surgical,https://cdn.prod.website-files.com/65e517300caabe7e988fa435/6799ab98e46313afe788b95e_evolution%20surgical.png,image_src,I
666,plugins,https://cdn.prod.website-files.com/plugins/Basic/assets/placeholder.60f9b1840c.svg,image_src,I
668,Basic,https://cdn.prod.website-files.com/plugins/Basic/assets/placeholder.60f9b1840c.svg,image_src,I
670,assets,https://cdn.prod.website-files.com/plugins/Basic/assets/placeholder.60f9b1840c.svg,image_src,I
672,placeholder,https://cdn.prod.website-files.com/plugins/Basic/assets/placeholder.60f9b1840c.svg,image_src,I
674,plugins,https://cdn.prod.website-files.com/plugins/Basic/assets/placeholder.60f9b1840c.svg,image_src,I
676,Basic,https://cdn.prod.website-files.com/plugins/Basic/assets/placeholder.60f9b1840c.svg,image_src,I
678,assets,https://cdn.prod.website-files.com/plugins/Basic/assets/placeholder.60f9b1840c.svg,image_src,I
680,placeholder,https://cdn.prod.website-files.com/plugins/Basic/assets/placeholder.60f9b1840c.svg,image_src,I
682,plugins,https://cdn.prod.website-files.com/plugins/Basic/assets/placeholder.60f9b1840c.svg,image_src,I
684,Basic,https://cdn.prod.website-files.com/plugins/Basic/assets/placeholder.60f9b1840c.svg,image_src,I
686,assets,https://cdn.prod.website-files.com/plugins/Basic/assets/placeholder.60f9b1840c.svg,image_src,I
688,placeholder,https://cdn.prod.website-files.com/plugins/Basic/assets/placeholder.60f9b1840c.svg,image_src,I
690,plugins,https://cdn.prod.website-files.com/plugins/Basic/assets/placeholder.60f9b1840c.svg,image_src,I
692,Basic,https://cdn.prod.website-files.com/plugins/Basic/assets/placeholder.60f9b1840c.svg,image_src,I
694,assets,https://cdn.prod.website-files.com/plugins/Basic/assets/placeholder.60f9b1840c.svg,image_src,I
696,placeholder,https://cdn.prod.website-files.com/plugins/Basic/assets/placeholder.60f9b1840c.svg,image_src,I
698,plugins,https://cdn.prod.website-files.com/plugins/Basic/assets/placeholder.60f9b1840c.svg,image_src,I
700,Basic,https://cdn.prod.website-files.com/plugins/Basic/assets/placeholder.60f9b1840c.svg,image_src,I
702,assets,https://cdn.prod.website-files.com/plugins/Basic/assets/placeholder.60f9b1840c.svg,image_src,I
704,placeholder,https://cdn.prod.website-files.com/plugins/Basic/assets/placeholder.60f9b1840c.svg,image_src,I
706,plugins,https://cdn.prod.website-files.com/plugins/Basic/assets/placeholder.60f9b1840c.svg,image_src,I
708,Basic,https://cdn.prod.website-files.com/plugins/Basic/assets/placeholder.60f9b1840c.svg,image_src,I
710,assets,https://cdn.prod.website-files.com/plugins/Basic/assets/placeholder.60f9b1840c.svg,image_src,I
712,placeholder,https://cdn.prod.website-files.com/plugins/Basic/assets/placeholder.60f9b1840c.svg,image_src,I
714,plugins,https://cdn.prod.website-files.com/plugins/Basic/assets/placeholder.60f9b1840c.svg,image_src,I
716,Basic,https://cdn.prod.website-files.com/plugins/Basic/assets/placeholder.60f9b1840c.svg,image_src,I
718,assets,https://cdn.prod.website-files.com/plugins/Basic/assets/placeholder.60f9b1840c.svg,image_src,I
720,placeholder,https://cdn.prod.website-files.com/plugins/Basic/assets/placeholder.60f9b1840c.svg,image_src,I
722,plugins,https://cdn.prod.website-files.com/plugins/Basic/assets/placeholder.60f9b1840c.svg,image_src,I
724,Basic,https://cdn.prod.website-files.com/plugins/Basic/assets/placeholder.60f9b1840c.svg,image_src,I
726,assets,https://cdn.prod.website-files.com/plugins/Basic/assets/placeholder.60f9b1840c.svg,image_src,I
728,placeholder,https://cdn.prod.website-files.com/plugins/Basic/assets/placeholder.60f9b1840c.svg,image_src,I
730,plugins,https://cdn.prod.website-files.com/plugins/Basic/assets/placeholder.60f9b1840c.svg,image_src,I
732,Basic,https://cdn.prod.website-files.com/plugins/Basic/assets/placeholder.60f9b1840c.svg,image_src,I
734,assets,https://cdn.prod.website-files.com/plugins/Basic/assets/placeholder.60f9b1840c.svg,image_src,I
736,placeholder,https://cdn.prod.website-files.com/plugins/Basic/assets/placeholder.60f9b1840c.svg,image_src,I
738,plugins,https://cdn.prod.website-files.com/plugins/Basic/assets/placeholder.60f9b1840c.svg,image_src,I
740,Basic,https://cdn.prod.website-files.com/plugins/Basic/assets/placeholder.60f9b1840c.svg,image_src,I
742,assets,https://cdn.prod.website-files.com/plugins/Basic/assets/placeholder.60f9b1840c.svg,image_src,I
744,placeholder,https://cdn.prod.website-files.com/plugins/Basic/assets/placeholder.60f9b1840c.svg,image_src,I
746,plugins,https://cdn.prod.website-files.com/plugins/Basic/assets/placeholder.60f9b1840c.svg,image_src,I
748,Basic,https://cdn.prod.website-files.com/plugins/Basic/assets/placeholder.60f9b1840c.svg,image_src,I
750,assets,https://cdn.prod.website-files.com/plugins/Basic/assets/placeholder.60f9b1840c.svg,image_src,I
752,placeholder,https://cdn.prod.website-files.com/plugins/Basic/assets/placeholder.60f9b1840c.svg,image_src,I
754,plugins,https://cdn.prod.website-files.com/plugins/Basic/assets/placeholder.60f9b1840c.svg,image_src,I
756,Basic,https://cdn.prod.website-files.com/plugins/Basic/assets/placeholder.60f9b1840c.svg,image_src,I
758,assets,https://cdn.prod.website-files.com/plugins/Basic/assets/placeholder.60f9b1840c.svg,image_src,I
760,placeholder,https://cdn.prod.website-files.com/plugins/Basic/assets/placeholder.60f9b1840c.svg,image_src,I
762,plugins,https://cdn.prod.website-files.com/plugins/Basic/assets/placeholder.60f9b1840c.svg,image_src,I
764,Basic,https://cdn.prod.website-files.com/plugins/Basic/assets/placeholder.60f9b1840c.svg,image_src,I
766,assets,https://cdn.prod.website-files.com/plugins/Basic/assets/placeholder.60f9b1840c.svg,image_src,I
768,placeholder,https://cdn.prod.website-files.com/plugins/Basic/assets/placeholder.60f9b1840c.svg,image_src,I
770,plugins,https://cdn.prod.website-files.com/plugins/Basic/assets/placeholder.60f9b1840c.svg,image_src,I
772,Basic,https://cdn.prod.website-files.com/plugins/Basic/assets/placeholder.60f9b1840c.svg,image_src,I
774,assets,https://cdn.prod.website-files.com/plugins/Basic/assets/placeholder.60f9b1840c.svg,image_src,I
776,placeholder,https://cdn.prod.website-files.com/plugins/Basic/assets/placeholder.60f9b1840c.svg,image_src,I
778,plugins,https://cdn.prod.website-files.com/plugins/Basic/assets/placeholder.60f9b1840c.svg,image_src,I
780,Basic,https://cdn.prod.website-files.com/plugins/Basic/assets/placeholder.60f9b1840c.svg,image_src,I
782,assets,https://cdn.prod.website-files.com/plugins/Basic/assets/placeholder.60f9b1840c.svg,image_src,I
784,placeholder,https://cdn.prod.website-files.com/plugins/Basic/assets/placeholder.60f9b1840c.svg,image_src,I
786,plugins,https://cdn.prod.website-files.com/plugins/Basic/assets/placeholder.60f9b1840c.svg,image_src,I
788,Basic,https://cdn.prod.website-files.com/plugins/Basic/assets/placeholder.60f9b1840c.svg,image_src,I
790,assets,https://cdn.prod.website-files.com/plugins/Basic/assets/placeholder.60f9b1840c.svg,image_src,I
792,placeholder,https://cdn.prod.website-files.com/plugins/Basic/assets/placeholder.60f9b1840c.svg,image_src,I
794,plugins,https://cdn.prod.website-files.com/plugins/Basic/assets/placeholder.60f9b1840c.svg,image_src,I
796,Basic,https://cdn.prod.website-files.com/plugins/Basic/assets/placeholder.60f9b1840c.svg,image_src,I
798,assets,https://cdn.prod.website-files.com/plugins/Basic/assets/placeholder.60f9b1840c.svg,image_src,I
800,placeholder,https://cdn.prod.website-files.com/plugins/Basic/assets/placeholder.60f9b1840c.svg,image_src,I
802,65e517300caabe7e988fa435,https://cdn.prod.website-files.com/65e517300caabe7e988fa435/664549cc8275b628423099a1_Quadrant-Investment_Companies-Logo-aidacare.png,image_src,I
804,664549cc8275b628423099a1 Quadrant Investment Companies Logo aidacare,https://cdn.prod.website-files.com/65e517300caabe7e988fa435/664549cc8275b628423099a1_Quadrant-Investment_Companies-Logo-aidacare.png,image_src,I
806,65e517300caabe7e988fa435,https://cdn.prod.website-files.com/65e517300caabe7e988fa435/664549b7a87baae58a2c1e4b_Quadrant-Investment_Companies-Logo-jaybro.png,image_src,I
808,664549b7a87baae58a2c1e4b Quadrant Investment Companies Logo jaybro,https://cdn.prod.website-files.com/65e517300caabe7e988fa435/664549b7a87baae58a2c1e4b_Quadrant-Investment_Companies-Logo-jaybro.png,image_src,I
810,65e517300caabe7e988fa435,https://cdn.prod.website-files.com/65e517300caabe7e988fa435/68db1c6aa5938caafb8e8e26_Quadrant_TSA%20Riley.svg,image_src,I
812,68db1c6aa5938caafb8e8e26 Quadrant TSA%20Riley,https://cdn.prod.website-files.com/65e517300caabe7e988fa435/68db1c6aa5938caafb8e8e26_Quadrant_TSA%20Riley.svg,image_src,I
814,65e517300caabe7e988fa435,https://cdn.prod.website-files.com/65e517300caabe7e988fa435/6600b898e18f7137b5744cae_Quadrant-Investment_Companies-affinity_education-Black.png,image_src,I
816,6600b898e18f7137b5744cae Quadrant Investment Companies affinity education Black,https://cdn.prod.website-files.com/65e517300caabe7e988fa435/6600b898e18f7137b5744cae_Quadrant-Investment_Companies-affinity_education-Black.png,image_src,I
818,65e517300caabe7e988fa435,https://cdn.prod.website-files.com/65e517300caabe7e988fa435/665e8de696f9b1dae6748cf5_Quadrant-Investment_Companies-Logo-Birch%26Waite.png,image_src,I
820,665e8de696f9b1dae6748cf5 Quadrant Investment Companies Logo Birch%26Waite,https://cdn.prod.website-files.com/65e517300caabe7e988fa435/665e8de696f9b1dae6748cf5_Quadrant-Investment_Companies-Logo-Birch%26Waite.png,image_src,I
822,65e517300caabe7e988fa435,https://cdn.prod.website-files.com/65e517300caabe7e988fa435/67a57c89b9e4fc0e1621c90d_Herron%20Todd%20White.png,image_src,I
824,67a57c89b9e4fc0e1621c90d Herron%20Todd%20White,https://cdn.prod.website-files.com/65e517300caabe7e988fa435/67a57c89b9e4fc0e1621c90d_Herron%20Todd%20White.png,image_src,I
826,65e517300caabe7e988fa435,https://cdn.prod.website-files.com/65e517300caabe7e988fa435/68e87f123fe47c36ae9c5b25_carlislehealth.svg,image_src,I
828,68e87f123fe47c36ae9c5b25 carlislehealth,https://cdn.prod.website-files.com/65e517300caabe7e988fa435/68e87f123fe47c36ae9c5b25_carlislehealth.svg,image_src,I
830,plugins,https://cdn.prod.website-files.com/plugins/Basic/assets/placeholder.60f9b1840c.svg,image_src,I
832,Basic,https://cdn.prod.website-files.com/plugins/Basic/assets/placeholder.60f9b1840c.svg,image_src,I
834,assets,https://cdn.prod.website-files.com/plugins/Basic/assets/placeholder.60f9b1840c.svg,image_src,I
836,placeholder,https://cdn.prod.website-files.com/plugins/Basic/assets/placeholder.60f9b1840c.svg,image_src,I
838,plugins,https://cdn.prod.website-files.com/plugins/Basic/assets/placeholder.60f9b1840c.svg,image_src,I
840,Basic,https://cdn.prod.website-files.com/plugins/Basic/assets/placeholder.60f9b1840c.svg,image_src,I
842,assets,https://cdn.prod.website-files.com/plugins/Basic/assets/placeholder.60f9b1840c.svg,image_src,I
844,placeholder,https://cdn.prod.website-files.com/plugins/Basic/assets/placeholder.60f9b1840c.svg,image_src,I
846,plugins,https://cdn.prod.website-files.com/plugins/Basic/assets/placeholder.60f9b1840c.svg,image_src,I
848,Basic,https://cdn.prod.website-files.com/plugins/Basic/assets/placeholder.60f9b1840c.svg,image_src,I
850,assets,https://cdn.prod.website-files.com/plugins/Basic/assets/placeholder.60f9b1840c.svg,image_src,I
852,placeholder,https://cdn.prod.website-files.com/plugins/Basic/assets/placeholder.60f9b1840c.svg,image_src,I
854,plugins,https://cdn.prod.website-files.com/plugins/Basic/assets/placeholder.60f9b1840c.svg,image_src,I
856,Basic,https://cdn.prod.website-files.com/plugins/Basic/assets/placeholder.60f9b1840c.svg,image_src,I
858,assets,https://cdn.prod.website-files.com/plugins/Basic/assets/placeholder.60f9b1840c.svg,image_src,I
860,placeholder,https://cdn.prod.website-files.com/plugins/Basic/assets/placeholder.60f9b1840c.svg,image_src,I
862,plugins,https://cdn.prod.website-files.com/plugins/Basic/assets/placeholder.60f9b1840c.svg,image_src,I
864,Basic,https://cdn.prod.website-files.com/plugins/Basic/assets/placeholder.60f9b1840c.svg,image_src,I
866,assets,https://cdn.prod.website-files.com/plugins/Basic/assets/placeholder.60f9b1840c.svg,image_src,I
868,placeholder,https://cdn.prod.website-files.com/plugins/Basic/assets/placeholder.60f9b1840c.svg,image_src,I
870,plugins,https://cdn.prod.website-files.com/plugins/Basic/assets/placeholder.60f9b1840c.svg,image_src,I
872,Basic,https://cdn.prod.website-files.com/plugins/Basic/assets/placeholder.60f9b1840c.svg,image_src,I
874,assets,https://cdn.prod.website-files.com/plugins/Basic/assets/placeholder.60f9b1840c.svg,image_src,I
876,placeholder,https://cdn.prod.website-files.com/plugins/Basic/assets/placeholder.60f9b1840c.svg,image_src,I
878,plugins,https://cdn.prod.website-files.com/plugins/Basic/assets/placeholder.60f9b1840c.svg,image_src,I
880,Basic,https://cdn.prod.website-files.com/plugins/Basic/assets/placeholder.60f9b1840c.svg,image_src,I
882,assets,https://cdn.prod.website-files.com/plugins/Basic/assets/placeholder.60f9b1840c.svg,image_src,I
884,placeholder,https://cdn.prod.website-files.com/plugins/Basic/assets/placeholder.60f9b1840c.svg,image_src,I
886,plugins,https://cdn.prod.website-files.com/plugins/Basic/assets/placeholder.60f9b1840c.svg,image_src,I
888,Basic,https://cdn.prod.website-files.com/plugins/Basic/assets/placeholder.60f9b1840c.svg,image_src,I
890,assets,https://cdn.prod.website-files.com/plugins/Basic/assets/placeholder.60f9b1840c.svg,image_src,I
892,placeholder,https://cdn.prod.website-files.com/plugins/Basic/assets/placeholder.60f9b1840c.svg,image_src,I
894,plugins,https://cdn.prod.website-files.com/plugins/Basic/assets/placeholder.60f9b1840c.svg,image_src,I
896,Basic,https://cdn.prod.website-files.com/plugins/Basic/assets/placeholder.60f9b1840c.svg,image_src,I
898,assets,https://cdn.prod.website-files.com/plugins/Basic/assets/placeholder.60f9b1840c.svg,image_src,I
900,placeholder,https://cdn.prod.website-files.com/plugins/Basic/assets/placeholder.60f9b1840c.svg,image_src,I
902,plugins,https://cdn.prod.website-files.com/plugins/Basic/assets/placeholder.60f9b1840c.svg,image_src,I
904,Basic,https://cdn.prod.website-files.com/plugins/Basic/assets/placeholder.60f9b1840c.svg,image_src,I
906,assets,https://cdn.prod.website-files.com/plugins/Basic/assets/placeholder.60f9b1840c.svg,image_src,I
908,placeholder,https://cdn.prod.website-files.com/plugins/Basic/assets/placeholder.60f9b1840c.svg,image_src,I
910,plugins,https://cdn.prod.website-files.com/plugins/Basic/assets/placeholder.60f9b1840c.svg,image_src,I
912,Basic,https://cdn.prod.website-files.com/plugins/Basic/assets/placeholder.60f9b1840c.svg,image_src,I
914,assets,https://cdn.prod.website-files.com/plugins/Basic/assets/placeholder.60f9b1840c.svg,image_src,I
916,placeholder,https://cdn.prod.website-files.com/plugins/Basic/assets/placeholder.60f9b1840c.svg,image_src,I
918,plugins,https://cdn.prod.website-files.com/plugins/Basic/assets/placeholder.60f9b1840c.svg,image_src,I
920,Basic,https://cdn.prod.website-files.com/plugins/Basic/assets/placeholder.60f9b1840c.svg,image_src,I
922,assets,https://cdn.prod.website-files.com/plugins/Basic/assets/placeholder.60f9b1840c.svg,image_src,I
924,placeholder,https://cdn.prod.website-files.com/plugins/Basic/assets/placeholder.60f9b1840c.svg,image_src,I
926,plugins,https://cdn.prod.website-files.com/plugins/Basic/assets/placeholder.60f9b1840c.svg,image_src,I
928,Basic,https://cdn.prod.website-files.com/plugins/Basic/assets/placeholder.60f9b1840c.svg,image_src,I
930,assets,https://cdn.prod.website-files.com/plugins/Basic/assets/placeholder.60f9b1840c.svg,image_src,I
932,placeholder,https://cdn.prod.website-files.com/plugins/Basic/assets/placeholder.60f9b1840c.svg,image_src,I
934,plugins,https://cdn.prod.website-files.com/plugins/Basic/assets/placeholder.60f9b1840c.svg,image_src,I
936,Basic,https://cdn.prod.website-files.com/plugins/Basic/assets/placeholder.60f9b1840c.svg,image_src,I
938,assets,https://cdn.prod.website-files.com/plugins/Basic/assets/placeholder.60f9b1840c.svg,image_src,I
940,placeholder,https://cdn.prod.website-files.com/plugins/Basic/assets/placeholder.60f9b1840c.svg,image_src,I
942,plugins,https://cdn.prod.website-files.com/plugins/Basic/assets/placeholder.60f9b1840c.svg,image_src,I
944,Basic,https://cdn.prod.website-files.com/plugins/Basic/assets/placeholder.60f9b1840c.svg,image_src,I
946,assets,https://cdn.prod.website-files.com/plugins/Basic/assets/placeholder.60f9b1840c.svg,image_src,I
948,placeholder,https://cdn.prod.website-files.com/plugins/Basic/assets/placeholder.60f9b1840c.svg,image_src,I
950,plugins,https://cdn.prod.website-files.com/plugins/Basic/assets/placeholder.60f9b1840c.svg,image_src,I
952,Basic,https://cdn.prod.website-files.com/plugins/Basic/assets/placeholder.60f9b1840c.svg,image_src,I
954,assets,https://cdn.prod.website-files.com/plugins/Basic/assets/placeholder.60f9b1840c.svg,image_src,I
956,placeholder,https://cdn.prod.website-files.com/plugins/Basic/assets/placeholder.60f9b1840c.svg,image_src,I
958,plugins,https://cdn.prod.website-files.com/plugins/Basic/assets/placeholder.60f9b1840c.svg,image_src,I
960,Basic,https://cdn.prod.website-files.com/plugins/Basic/assets/placeholder.60f9b1840c.svg,image_src,I
962,assets,https://cdn.prod.website-files.com/plugins/Basic/assets/placeholder.60f9b1840c.svg,image_src,I
964,placeholder,https://cdn.prod.website-files.com/plugins/Basic/assets/placeholder.60f9b1840c.svg,image_src,I
966,65e517300caabe7e988fa435,https://cdn.prod.website-files.com/65e517300caabe7e988fa435/66454bfcc7d7e02b35fd6c09_Quadrant-Investment_Companies-Logo-papinelle.png,image_src,I
968,66454bfcc7d7e02b35fd6c09 Quadrant Investment Companies Logo papinelle,https://cdn.prod.website-files.com/65e517300caabe7e988fa435/66454bfcc7d7e02b35fd6c09_Quadrant-Investment_Companies-Logo-papinelle.png,image_src,I
970,65e517300caabe7e988fa435,https://cdn.prod.website-files.com/65e517300caabe7e988fa435/66454a74be9d824ecb6088bd_Quadrant-Investment_Companies-Logo-adorebeauty.png,image_src,I
972,66454a74be9d824ecb6088bd Quadrant Investment Companies Logo adorebeauty,https://cdn.prod.website-files.com/65e517300caabe7e988fa435/66454a74be9d824ecb6088bd_Quadrant-Investment_Companies-Logo-adorebeauty.png,image_src,I
974,65e517300caabe7e988fa435,https://cdn.prod.website-files.com/65e517300caabe7e988fa435/664549e16bd6fb2219ca7056_Quadrant-Investment_Companies-Logo-love_to_dream.png,image_src,I
976,664549e16bd6fb2219ca7056 Quadrant Investment Companies Logo love to dream,https://cdn.prod.website-files.com/65e517300caabe7e988fa435/664549e16bd6fb2219ca7056_Quadrant-Investment_Companies-Logo-love_to_dream.png,image_src,I
978,plugins,https://cdn.prod.website-files.com/plugins/Basic/assets/placeholder.60f9b1840c.svg,image_src,I
980,Basic,https://cdn.prod.website-files.com/plugins/Basic/assets/placeholder.60f9b1840c.svg,image_src,I
982,assets,https://cdn.prod.website-files.com/plugins/Basic/assets/placeholder.60f9b1840c.svg,image_src,I
984,placeholder,https://cdn.prod.website-files.com/plugins/Basic/assets/placeholder.60f9b1840c.svg,image_src,I
986,plugins,https://cdn.prod.website-files.com/plugins/Basic/assets/placeholder.60f9b1840c.svg,image_src,I
988,Basic,https://cdn.prod.website-files.com/plugins/Basic/assets/placeholder.60f9b1840c.svg,image_src,I
990,assets,https://cdn.prod.website-files.com/plugins/Basic/assets/placeholder.60f9b1840c.svg,image_src,I
992,placeholder,https://cdn.prod.website-files.com/plugins/Basic/assets/placeholder.60f9b1840c.svg,image_src,I
994,plugins,https://cdn.prod.website-files.com/plugins/Basic/assets/placeholder.60f9b1840c.svg,image_src,I
996,Basic,https://cdn.prod.website-files.com/plugins/Basic/assets/placeholder.60f9b1840c.svg,image_src,I
998,assets,https://cdn.prod.website-files.com/plugins/Basic/assets/placeholder.60f9b1840c.svg,image_src,I
1000,placeholder,https://cdn.prod.website-files.com/plugins/Basic/assets/placeholder.60f9b1840c.svg,image_src,I
1002,plugins,https://cdn.prod.website-files.com/plugins/Basic/assets/placeholder.60f9b1840c.svg,image_src,I
1004,Basic,https://cdn.prod.website-files.com/plugins/Basic/assets/placeholder.60f9b1840c.svg,image_src,I
1006,assets,https://cdn.prod.website-files.com/plugins/Basic/assets/placeholder.60f9b1840c.svg,image_src,I
1008,placeholder,https://cdn.prod.website-files.com/plugins/Basic/assets/placeholder.60f9b1840c.svg,image_src,I
1010,plugins,https://cdn.prod.website-files.com/plugins/Basic/assets/placeholder.60f9b1840c.svg,image_src,I
1012,Basic,https://cdn.prod.website-files.com/plugins/Basic/assets/placeholder.60f9b1840c.svg,image_src,I
1014,assets,https://cdn.prod.website-files.com/plugins/Basic/assets/placeholder.60f9b1840c.svg,image_src,I
1016,placeholder,https://cdn.prod.website-files.com/plugins/Basic/assets/placeholder.60f9b1840c.svg,image_src,I
1018,plugins,https://cdn.prod.website-files.com/plugins/Basic/assets/placeholder.60f9b1840c.svg,image_src,I
1020,Basic,https://cdn.prod.website-files.com/plugins/Basic/assets/placeholder.60f9b1840c.svg,image_src,I
1022,assets,https://cdn.prod.website-files.com/plugins/Basic/assets/placeholder.60f9b1840c.svg,image_src,I
1024,placeholder,https://cdn.prod.website-files.com/plugins/Basic/assets/placeholder.60f9b1840c.svg,image_src,I
1026,plugins,https://cdn.prod.website-files.com/plugins/Basic/assets/placeholder.60f9b1840c.svg,image_src,I
1028,Basic,https://cdn.prod.website-files.com/plugins/Basic/assets/placeholder.60f9b1840c.svg,image_src,I
1030,assets,https://cdn.prod.website-files.com/plugins/Basic/assets/placeholder.60f9b1840c.svg,image_src,I
1032,placeholder,https://cdn.prod.website-files.com/plugins/Basic/assets/placeholder.60f9b1840c.svg,image_src,I
1034,plugins,https://cdn.prod.website-files.com/plugins/Basic/assets/placeholder.60f9b1840c.svg,image_src,I
1036,Basic,https://cdn.prod.website-files.com/plugins/Basic/assets/placeholder.60f9b1840c.svg,image_src,I
1038,assets,https://cdn.prod.website-files.com/plugins/Basic/assets/placeholder.60f9b1840c.svg,image_src,I
1040,placeholder,https://cdn.prod.website-files.com/plugins/Basic/assets/placeholder.60f9b1840c.svg,image_src,I
1042,plugins,https://cdn.prod.website-files.com/plugins/Basic/assets/placeholder.60f9b1840c.svg,image_src,I
1044,Basic,https://cdn.prod.website-files.com/plugins/Basic/assets/placeholder.60f9b1840c.svg,image_src,I
1046,assets,https://cdn.prod.website-files.com/plugins/Basic/assets/placeholder.60f9b1840c.svg,image_src,I
1048,placeholder,https://cdn.prod.website-files.com/plugins/Basic/assets/placeholder.60f9b1840c.svg,image_src,I
1050,65e517300caabe7e988fa435,https://cdn.prod.website-files.com/65e517300caabe7e988fa435/6656a330abc2bd9c0e71fa21_6600ba5a83c3b0122a259cf7_Quadrant-Investment_Companies-modibodi-Black.png,image_src,I
1052,6656a330abc2bd9c0e71fa21 6600ba5a83c3b0122a259cf7 Quadrant Investment Companies modibodi Black,https://cdn.prod.website-files.com/65e517300caabe7e988fa435/6656a330abc2bd9c0e71fa21_6600ba5a83c3b0122a259cf7_Quadrant-Investment_Companies-modibodi-Black.png,image_src,I
1054,65e517300caabe7e988fa435,https://cdn.prod.website-files.com/65e517300caabe7e988fa435/6600b8ba2bf4dc146690372d_Quadrant-Investment_Companies-arq-Black.png,image_src,I
1056,6600b8ba2bf4dc146690372d Quadrant Investment Companies arq Black,https://cdn.prod.website-files.com/65e517300caabe7e988fa435/6600b8ba2bf4dc146690372d_Quadrant-Investment_Companies-arq-Black.png,image_src,I
1058,65e517300caabe7e988fa435,https://cdn.prod.website-files.com/65e517300caabe7e988fa435/6600bbf963fee3efca3f96b9_Quadrant-Investment_Companies-quad_lock-Black.png,image_src,I
1060,6600bbf963fee3efca3f96b9 Quadrant Investment Companies quad lock Black,https://cdn.prod.website-files.com/65e517300caabe7e988fa435/6600bbf963fee3efca3f96b9_Quadrant-Investment_Companies-quad_lock-Black.png,image_src,I
1062,65e517300caabe7e988fa435,https://cdn.prod.website-files.com/65e517300caabe7e988fa435/66455cc6b87c3b60482848d9_Quadrant-Investment_Companies-Logo-prime100.png,image_src,I
1064,66455cc6b87c3b60482848d9 Quadrant Investment Companies Logo prime100,https://cdn.prod.website-files.com/65e517300caabe7e988fa435/66455cc6b87c3b60482848d9_Quadrant-Investment_Companies-Logo-prime100.png,image_src,I
1066,65e517300caabe7e988fa435,https://cdn.prod.website-files.com/65e517300caabe7e988fa435/68e87f7bbccb80b0a7572afb_66454a4b68060ba362b188e1_Quadrant-Investment_Companies-Logo-grays.png,image_src,I
1068,68e87f7bbccb80b0a7572afb 66454a4b68060ba362b188e1 Quadrant Investment Companies Logo grays,https://cdn.prod.website-files.com/65e517300caabe7e988fa435/68e87f7bbccb80b0a7572afb_66454a4b68060ba362b188e1_Quadrant-Investment_Companies-Logo-grays.png,image_src,I
1070,plugins,https://cdn.prod.website-files.com/plugins/Basic/assets/placeholder.60f9b1840c.svg,image_src,I
1072,Basic,https://cdn.prod.website-files.com/plugins/Basic/assets/placeholder.60f9b1840c.svg,image_src,I
1074,assets,https://cdn.prod.website-files.com/plugins/Basic/assets/placeholder.60f9b1840c.svg,image_src,I
1076,placeholder,https://cdn.prod.website-files.com/plugins/Basic/assets/placeholder.60f9b1840c.svg,image_src,I
1078,plugins,https://cdn.prod.website-files.com/plugins/Basic/assets/placeholder.60f9b1840c.svg,image_src,I
1080,Basic,https://cdn.prod.website-files.com/plugins/Basic/assets/placeholder.60f9b1840c.svg,image_src,I
1082,assets,https://cdn.prod.website-files.com/plugins/Basic/assets/placeholder.60f9b1840c.svg,image_src,I
1084,placeholder,https://cdn.prod.website-files.com/plugins/Basic/assets/placeholder.60f9b1840c.svg,image_src,I
1086,plugins,https://cdn.prod.website-files.com/plugins/Basic/assets/placeholder.60f9b1840c.svg,image_src,I
1088,Basic,https://cdn.prod.website-files.com/plugins/Basic/assets/placeholder.60f9b1840c.svg,image_src,I
1090,assets,https://cdn.prod.website-files.com/plugins/Basic/assets/placeholder.60f9b1840c.svg,image_src,I
1092,placeholder,https://cdn.prod.website-files.com/plugins/Basic/assets/placeholder.60f9b1840c.svg,image_src,I
1094,plugins,https://cdn.prod.website-files.com/plugins/Basic/assets/placeholder.60f9b1840c.svg,image_src,I
1096,Basic,https://cdn.prod.website-files.com/plugins/Basic/assets/placeholder.60f9b1840c.svg,image_src,I
1098,assets,https://cdn.prod.website-files.com/plugins/Basic/assets/placeholder.60f9b1840c.svg,image_src,I
1100,placeholder,https://cdn.prod.website-files.com/plugins/Basic/assets/placeholder.60f9b1840c.svg,image_src,I
1102,plugins,https://cdn.prod.website-files.com/plugins/Basic/assets/placeholder.60f9b1840c.svg,image_src,I
1104,Basic,https://cdn.prod.website-files.com/plugins/Basic/assets/placeholder.60f9b1840c.svg,image_src,I
1106,assets,https://cdn.prod.website-files.com/plugins/Basic/assets/placeholder.60f9b1840c.svg,image_src,I
1108,placeholder,https://cdn.prod.website-files.com/plugins/Basic/assets/placeholder.60f9b1840c.svg,image_src,I
1110,plugins,https://cdn.prod.website-files.com/plugins/Basic/assets/placeholder.60f9b1840c.svg,image_src,I
1112,Basic,https://cdn.prod.website-files.com/plugins/Basic/assets/placeholder.60f9b1840c.svg,image_src,I
1114,assets,https://cdn.prod.website-files.com/plugins/Basic/assets/placeholder.60f9b1840c.svg,image_src,I
1116,placeholder,https://cdn.prod.website-files.com/plugins/Basic/assets/placeholder.60f9b1840c.svg,image_src,I
1118,plugins,https://cdn.prod.website-files.com/plugins/Basic/assets/placeholder.60f9b1840c.svg,image_src,I
1120,Basic,https://cdn.prod.website-files.com/plugins/Basic/assets/placeholder.60f9b1840c.svg,image_src,I
1122,assets,https://cdn.prod.website-files.com/plugins/Basic/assets/placeholder.60f9b1840c.svg,image_src,I
1124,placeholder,https://cdn.prod.website-files.com/plugins/Basic/assets/placeholder.60f9b1840c.svg,image_src,I
1126,65e517300caabe7e988fa435,https://cdn.prod.website-files.com/65e517300caabe7e988fa435/6645494a8e76fb8f688ae6d7_Quadrant-Investment_Companies-Logo-partnered_health.png,image_src,I
1128,6645494a8e76fb8f688ae6d7 Quadrant Investment Companies Logo partnered health,https://cdn.prod.website-files.com/65e517300caabe7e988fa435/6645494a8e76fb8f688ae6d7_Quadrant-Investment_Companies-Logo-partnered_health.png,image_src,I
1130,65e517300caabe7e988fa435,https://cdn.prod.website-files.com/65e517300caabe7e988fa435/664549335e5eee4a644a8af9_Quadrant-Investment_Companies-Logo-tdg.png,image_src,I
1132,664549335e5eee4a644a8af9 Quadrant Investment Companies Logo tdg,https://cdn.prod.website-files.com/65e517300caabe7e988fa435/664549335e5eee4a644a8af9_Quadrant-Investment_Companies-Logo-tdg.png,image_src,I
1134,65e517300caabe7e988fa435,https://cdn.prod.website-files.com/65e517300caabe7e988fa435/66454900be9d824ecb5f6bff_Quadrant-Investment_Companies-Logo-qms.png,image_src,I
1136,66454900be9d824ecb5f6bff Quadrant Investment Companies Logo qms,https://cdn.prod.website-files.com/65e517300caabe7e988fa435/66454900be9d824ecb5f6bff_Quadrant-Investment_Companies-Logo-qms.png,image_src,I
1138,65e517300caabe7e988fa435,https://cdn.prod.website-files.com/65e517300caabe7e988fa435/66b56855ecd57840dd5239a0_Quadrant-Investment_Companies-Logo_TGI-Sport.png,image_src,I
1140,66b56855ecd57840dd5239a0 Quadrant Investment Companies Logo TGI Sport,https://cdn.prod.website-files.com/65e517300caabe7e988fa435/66b56855ecd57840dd5239a0_Quadrant-Investment_Companies-Logo_TGI-Sport.png,image_src,I
1142,65e517300caabe7e988fa435,https://cdn.prod.website-files.com/65e517300caabe7e988fa435/664548ef1230674818dc819a_Quadrant-Investment_Companies-Logo-junior_adventures_group.png,image_src,I
1144,664548ef1230674818dc819a Quadrant Investment Companies Logo junior adventures group,https://cdn.prod.website-files.com/65e517300caabe7e988fa435/664548ef1230674818dc819a_Quadrant-Investment_Companies-Logo-junior_adventures_group.png,image_src,I
1146,65e517300caabe7e988fa435,https://cdn.prod.website-files.com/65e517300caabe7e988fa435/66b5778e4395fb47a1c99681_Quadrant-Investment_Companies-Logo-ritebite.png,image_src,I
1148,66b5778e4395fb47a1c99681 Quadrant Investment Companies Logo ritebite,https://cdn.prod.website-files.com/65e517300caabe7e988fa435/66b5778e4395fb47a1c99681_Quadrant-Investment_Companies-Logo-ritebite.png,image_src,I
1150,65e517300caabe7e988fa435,https://cdn.prod.website-files.com/65e517300caabe7e988fa435/66b577a64395fb47a1c9a1ad_Quadrant-Investment_Companies-Logo-my_muscle_chef.png,image_src,I
1152,66b577a64395fb47a1c9a1ad Quadrant Investment Companies Logo my muscle chef,https://cdn.prod.website-files.com/65e517300caabe7e988fa435/66b577a64395fb47a1c9a1ad_Quadrant-Investment_Companies-Logo-my_muscle_chef.png,image_src,I
1154,plugins,https://cdn.prod.website-files.com/plugins/Basic/assets/placeholder.60f9b1840c.svg,image_src,I
1156,Basic,https://cdn.prod.website-files.com/plugins/Basic/assets/placeholder.60f9b1840c.svg,image_src,I
1158,assets,https://cdn.prod.website-files.com/plugins/Basic/assets/placeholder.60f9b1840c.svg,image_src,I
1160,placeholder,https://cdn.prod.website-files.com/plugins/Basic/assets/placeholder.60f9b1840c.svg,image_src,I
1162,plugins,https://cdn.prod.website-files.com/plugins/Basic/assets/placeholder.60f9b1840c.svg,image_src,I
1164,Basic,https://cdn.prod.website-files.com/plugins/Basic/assets/placeholder.60f9b1840c.svg,image_src,I
1166,assets,https://cdn.prod.website-files.com/plugins/Basic/assets/placeholder.60f9b1840c.svg,image_src,I
1168,placeholder,https://cdn.prod.website-files.com/plugins/Basic/assets/placeholder.60f9b1840c.svg,image_src,I
1170,plugins,https://cdn.prod.website-files.com/plugins/Basic/assets/placeholder.60f9b1840c.svg,image_src,I
1172,Basic,https://cdn.prod.website-files.com/plugins/Basic/assets/placeholder.60f9b1840c.svg,image_src,I
1174,assets,https://cdn.prod.website-files.com/plugins/Basic/assets/placeholder.60f9b1840c.svg,image_src,I
1176,placeholder,https://cdn.prod.website-files.com/plugins/Basic/assets/placeholder.60f9b1840c.svg,image_src,I
1178,plugins,https://cdn.prod.website-files.com/plugins/Basic/assets/placeholder.60f9b1840c.svg,image_src,I
1180,Basic,https://cdn.prod.website-files.com/plugins/Basic/assets/placeholder.60f9b1840c.svg,image_src,I
1182,assets,https://cdn.prod.website-files.com/plugins/Basic/assets/placeholder.60f9b1840c.svg,image_src,I
1184,placeholder,https://cdn.prod.website-files.com/plugins/Basic/assets/placeholder.60f9b1840c.svg,image_src,I
1186,plugins,https://cdn.prod.website-files.com/plugins/Basic/assets/placeholder.60f9b1840c.svg,image_src,I
1188,Basic,https://cdn.prod.website-files.com/plugins/Basic/assets/placeholder.60f9b1840c.svg,image_src,I
1190,assets,https://cdn.prod.website-files.com/plugins/Basic/assets/placeholder.60f9b1840c.svg,image_src,I
1192,placeholder,https://cdn.prod.website-files.com/plugins/Basic/assets/placeholder.60f9b1840c.svg,image_src,I
1194,65e517300caabe7e988fa435,https://cdn.prod.website-files.com/65e517300caabe7e988fa435/664549175c059101a1356891_Quadrant-Investment_Companies-Logo-probecx.png,image_src,I
1196,664549175c059101a1356891 Quadrant Investment Companies Logo probecx,https://cdn.prod.website-files.com/65e517300caabe7e988fa435/664549175c059101a1356891_Quadrant-Investment_Companies-Logo-probecx.png,image_src,I
1198,plugins,https://cdn.prod.website-files.com/plugins/Basic/assets/placeholder.60f9b1840c.svg,image_src,I
1200,Basic,https://cdn.prod.website-files.com/plugins/Basic/assets/placeholder.60f9b1840c.svg,image_src,I
1202,assets,https://cdn.prod.website-files.com/plugins/Basic/assets/placeholder.60f9b1840c.svg,image_src,I
1204,placeholder,https://cdn.prod.website-files.com/plugins/Basic/assets/placeholder.60f9b1840c.svg,image_src,I
1206,plugins,https://cdn.prod.website-files.com/plugins/Basic/assets/placeholder.60f9b1840c.svg,image_src,I
1208,Basic,https://cdn.prod.website-files.com/plugins/Basic/assets/placeholder.60f9b1840c.svg,image_src,I
1210,assets,https://cdn.prod.website-files.com/plugins/Basic/assets/placeholder.60f9b1840c.svg,image_src,I
1212,placeholder,https://cdn.prod.website-files.com/plugins/Basic/assets/placeholder.60f9b1840c.svg,image_src,I
1214,plugins,https://cdn.prod.website-files.com/plugins/Basic/assets/placeholder.60f9b1840c.svg,image_src,I
1216,Basic,https://cdn.prod.website-files.com/plugins/Basic/assets/placeholder.60f9b1840c.svg,image_src,I
1218,assets,https://cdn.prod.website-files.com/plugins/Basic/assets/placeholder.60f9b1840c.svg,image_src,I
1220,placeholder,https://cdn.prod.website-files.com/plugins/Basic/assets/placeholder.60f9b1840c.svg,image_src,I
1222,plugins,https://cdn.prod.website-files.com/plugins/Basic/assets/placeholder.60f9b1840c.svg,image_src,I
1224,Basic,https://cdn.prod.website-files.com/plugins/Basic/assets/placeholder.60f9b1840c.svg,image_src,I
1226,assets,https://cdn.prod.website-files.com/plugins/Basic/assets/placeholder.60f9b1840c.svg,image_src,I
1228,placeholder,https://cdn.prod.website-files.com/plugins/Basic/assets/placeholder.60f9b1840c.svg,image_src,I
1230,plugins,https://cdn.prod.website-files.com/plugins/Basic/assets/placeholder.60f9b1840c.svg,image_src,I
1232,Basic,https://cdn.prod.website-files.com/plugins/Basic/assets/placeholder.60f9b1840c.svg,image_src,I
1234,assets,https://cdn.prod.website-files.com/plugins/Basic/assets/placeholder.60f9b1840c.svg,image_src,I
1236,placeholder,https://cdn.prod.website-files.com/plugins/Basic/assets/placeholder.60f9b1840c.svg,image_src,I
1238,plugins,https://cdn.prod.website-files.com/plugins/Basic/assets/placeholder.60f9b1840c.svg,image_src,I
1240,Basic,https://cdn.prod.website-files.com/plugins/Basic/assets/placeholder.60f9b1840c.svg,image_src,I
1242,assets,https://cdn.prod.website-files.com/plugins/Basic/assets/placeholder.60f9b1840c.svg,image_src,I
1244,placeholder,https://cdn.prod.website-files.com/plugins/Basic/assets/placeholder.60f9b1840c.svg,image_src,I
1246,plugins,https://cdn.prod.website-files.com/plugins/Basic/assets/placeholder.60f9b1840c.svg,image_src,I
1248,Basic,https://cdn.prod.website-files.com/plugins/Basic/assets/placeholder.60f9b1840c.svg,image_src,I
1250,assets,https://cdn.prod.website-files.com/plugins/Basic/assets/placeholder.60f9b1840c.svg,image_src,I
1252,placeholder,https://cdn.prod.website-files.com/plugins/Basic/assets/placeholder.60f9b1840c.svg,image_src,I
1254,plugins,https://cdn.prod.website-files.com/plugins/Basic/assets/placeholder.60f9b1840c.svg,image_src,I
1256,Basic,https://cdn.prod.website-files.com/plugins/Basic/assets/placeholder.60f9b1840c.svg,image_src,I
1258,assets,https://cdn.prod.website-files.com/plugins/Basic/assets/placeholder.60f9b1840c.svg,image_src,I
1260,placeholder,https://cdn.prod.website-files.com/plugins/Basic/assets/placeholder.60f9b1840c.svg,image_src,I
1262,plugins,https://cdn.prod.website-files.com/plugins/Basic/assets/placeholder.60f9b1840c.svg,image_src,I
1264,Basic,https://cdn.prod.website-files.com/plugins/Basic/assets/placeholder.60f9b1840c.svg,image_src,I
1266,assets,https://cdn.prod.website-files.com/plugins/Basic/assets/placeholder.60f9b1840c.svg,image_src,I
1268,placeholder,https://cdn.prod.website-files.com/plugins/Basic/assets/placeholder.60f9b1840c.svg,image_src,I
1270,plugins,https://cdn.prod.website-files.com/plugins/Basic/assets/placeholder.60f9b1840c.svg,image_src,I
1272,Basic,https://cdn.prod.website-files.com/plugins/Basic/assets/placeholder.60f9b1840c.svg,image_src,I
1274,assets,https://cdn.prod.website-files.com/plugins/Basic/assets/placeholder.60f9b1840c.svg,image_src,I
1276,placeholder,https://cdn.prod.website-files.com/plugins/Basic/assets/placeholder.60f9b1840c.svg,image_src,I
1278,plugins,https://cdn.prod.website-files.com/plugins/Basic/assets/placeholder.60f9b1840c.svg,image_src,I
1280,Basic,https://cdn.prod.website-files.com/plugins/Basic/assets/placeholder.60f9b1840c.svg,image_src,I
1282,assets,https://cdn.prod.website-files.com/plugins/Basic/assets/placeholder.60f9b1840c.svg,image_src,I
1284,placeholder,https://cdn.prod.website-files.com/plugins/Basic/assets/placeholder.60f9b1840c.svg,image_src,I
1286,65e517300caabe7e988fa435,https://cdn.prod.website-files.com/65e517300caabe7e988fa435/66455858447dc04bca07b4fb_Quadrant-Investment_Companies-Logo-fitzpatrick.png,image_src,I
1288,66455858447dc04bca07b4fb Quadrant Investment Companies Logo fitzpatrick,https://cdn.prod.website-files.com/65e517300caabe7e988fa435/66455858447dc04bca07b4fb_Quadrant-Investment_Companies-Logo-fitzpatrick.png,image_src,I
1290,65e517300caabe7e988fa435,https://cdn.prod.website-files.com/65e517300caabe7e988fa435/6644b17493111bcedec81fbe_Quadrant-Investment_Companies-Logo-fitness_lifestyle_group.png,image_src,I
1292,6644b17493111bcedec81fbe Quadrant Investment Companies Logo fitness lifestyle group,https://cdn.prod.website-files.com/65e517300caabe7e988fa435/6644b17493111bcedec81fbe_Quadrant-Investment_Companies-Logo-fitness_lifestyle_group.png,image_src,I
1294,65e517300caabe7e988fa435,https://cdn.prod.website-files.com/65e517300caabe7e988fa435/6600bc045fa4e4dec91c9c37_Quadrant-Investment_Companies-teeg-Black.png,image_src,I
1296,6600bc045fa4e4dec91c9c37 Quadrant Investment Companies teeg Black,https://cdn.prod.website-files.com/65e517300caabe7e988fa435/6600bc045fa4e4dec91c9c37_Quadrant-Investment_Companies-teeg-Black.png,image_src,I
1298,plugins,https://cdn.prod.website-files.com/plugins/Basic/assets/placeholder.60f9b1840c.svg,image_src,I
1300,Basic,https://cdn.prod.website-files.com/plugins/Basic/assets/placeholder.60f9b1840c.svg,image_src,I
1302,assets,https://cdn.prod.website-files.com/plugins/Basic/assets/placeholder.60f9b1840c.svg,image_src,I
1304,placeholder,https://cdn.prod.website-files.com/plugins/Basic/assets/placeholder.60f9b1840c.svg,image_src,I
1306,plugins,https://cdn.prod.website-files.com/plugins/Basic/assets/placeholder.60f9b1840c.svg,image_src,I
1308,Basic,https://cdn.prod.website-files.com/plugins/Basic/assets/placeholder.60f9b1840c.svg,image_src,I
1310,assets,https://cdn.prod.website-files.com/plugins/Basic/assets/placeholder.60f9b1840c.svg,image_src,I
1312,placeholder,https://cdn.prod.website-files.com/plugins/Basic/assets/placeholder.60f9b1840c.svg,image_src,I
1314,plugins,https://cdn.prod.website-files.com/plugins/Basic/assets/placeholder.60f9b1840c.svg,image_src,I
1316,Basic,https://cdn.prod.website-files.com/plugins/Basic/assets/placeholder.60f9b1840c.svg,image_src,I
1318,assets,https://cdn.prod.website-files.com/plugins/Basic/assets/placeholder.60f9b1840c.svg,image_src,I
1320,placeholder,https://cdn.prod.website-files.com/plugins/Basic/assets/placeholder.60f9b1840c.svg,image_src,I
1322,plugins,https://cdn.prod.website-files.com/plugins/Basic/assets/placeholder.60f9b1840c.svg,image_src,I
1324,Basic,https://cdn.prod.website-files.com/plugins/Basic/assets/placeholder.60f9b1840c.svg,image_src,I
1326,assets,https://cdn.prod.website-files.com/plugins/Basic/assets/placeholder.60f9b1840c.svg,image_src,I
1328,placeholder,https://cdn.prod.website-files.com/plugins/Basic/assets/placeholder.60f9b1840c.svg,image_src,I
1330,plugins,https://cdn.prod.website-files.com/plugins/Basic/assets/placeholder.60f9b1840c.svg,image_src,I
1332,Basic,https://cdn.prod.website-files.com/plugins/Basic/assets/placeholder.60f9b1840c.svg,image_src,I
1334,assets,https://cdn.prod.website-files.com/plugins/Basic/assets/placeholder.60f9b1840c.svg,image_src,I
1336,placeholder,https://cdn.prod.website-files.com/plugins/Basic/assets/placeholder.60f9b1840c.svg,image_src,I
1338,plugins,https://cdn.prod.website-files.com/plugins/Basic/assets/placeholder.60f9b1840c.svg,image_src,I
1340,Basic,https://cdn.prod.website-files.com/plugins/Basic/assets/placeholder.60f9b1840c.svg,image_src,I
1342,assets,https://cdn.prod.website-files.com/plugins/Basic/assets/placeholder.60f9b1840c.svg,image_src,I
1344,placeholder,https://cdn.prod.website-files.com/plugins/Basic/assets/placeholder.60f9b1840c.svg,image_src,I
1346,plugins,https://cdn.prod.website-files.com/plugins/Basic/assets/placeholder.60f9b1840c.svg,image_src,I
1348,Basic,https://cdn.prod.website-files.com/plugins/Basic/assets/placeholder.60f9b1840c.svg,image_src,I
1350,assets,https://cdn.prod.website-files.com/plugins/Basic/assets/placeholder.60f9b1840c.svg,image_src,I
1352,placeholder,https://cdn.prod.website-files.com/plugins/Basic/assets/placeholder.60f9b1840c.svg,image_src,I
1354,plugins,https://cdn.prod.website-files.com/plugins/Basic/assets/placeholder.60f9b1840c.svg,image_src,I
1356,Basic,https://cdn.prod.website-files.com/plugins/Basic/assets/placeholder.60f9b1840c.svg,image_src,I
1358,assets,https://cdn.prod.website-files.com/plugins/Basic/assets/placeholder.60f9b1840c.svg,image_src,I
1360,placeholder,https://cdn.prod.website-files.com/plugins/Basic/assets/placeholder.60f9b1840c.svg,image_src,I
1362,plugins,https://cdn.prod.website-files.com/plugins/Basic/assets/placeholder.60f9b1840c.svg,image_src,I
1364,Basic,https://cdn.prod.website-files.com/plugins/Basic/assets/placeholder.60f9b1840c.svg,image_src,I
1366,assets,https://cdn.prod.website-files.com/plugins/Basic/assets/placeholder.60f9b1840c.svg,image_src,I
1368,placeholder,https://cdn.prod.website-files.com/plugins/Basic/assets/placeholder.60f9b1840c.svg,image_src,I
1370,65e517300caabe7e988fa435,https://cdn.prod.website-files.com/65e517300caabe7e988fa435/6644b195e73abda349f6f0d0_Quadrant-Investment_Companies-Logo-peter_warren.png,image_src,I
1372,6644b195e73abda349f6f0d0 Quadrant Investment Companies Logo peter warren,https://cdn.prod.website-files.com/65e517300caabe7e988fa435/6644b195e73abda349f6f0d0_Quadrant-Investment_Companies-Logo-peter_warren.png,image_src,I
1374,65e517300caabe7e988fa435,https://cdn.prod.website-files.com/65e517300caabe7e988fa435/6644b15c176913948be78358_Quadrant-Investment_Companies-Logo-journey_beyond.png,image_src,I
1376,6644b15c176913948be78358 Quadrant Investment Companies Logo journey beyond,https://cdn.prod.website-files.com/65e517300caabe7e988fa435/6644b15c176913948be78358_Quadrant-Investment_Companies-Logo-journey_beyond.png,image_src,I
1378,65e517300caabe7e988fa435,https://cdn.prod.website-files.com/65e517300caabe7e988fa435/6600bbe8fe28188d94346724_Quadrant-Investment_Companies-qscan-Black.png,image_src,I
1380,6600bbe8fe28188d94346724 Quadrant Investment Companies qscan Black,https://cdn.prod.website-files.com/65e517300caabe7e988fa435/6600bbe8fe28188d94346724_Quadrant-Investment_Companies-qscan-Black.png,image_src,I
1382,65e517300caabe7e988fa435,https://cdn.prod.website-files.com/65e517300caabe7e988fa435/6600b8a9685e4750b378d04e_Quadrant-Investment_Companies-apm-Black.png,image_src,I
1384,6600b8a9685e4750b378d04e Quadrant Investment Companies apm Black,https://cdn.prod.website-files.com/65e517300caabe7e988fa435/6600b8a9685e4750b378d04e_Quadrant-Investment_Companies-apm-Black.png,image_src,I
1386,plugins,https://cdn.prod.website-files.com/plugins/Basic/assets/placeholder.60f9b1840c.svg,image_src,I
1388,Basic,https://cdn.prod.website-files.com/plugins/Basic/assets/placeholder.60f9b1840c.svg,image_src,I
1390,assets,https://cdn.prod.website-files.com/plugins/Basic/assets/placeholder.60f9b1840c.svg,image_src,I
1392,placeholder,https://cdn.prod.website-files.com/plugins/Basic/assets/placeholder.60f9b1840c.svg,image_src,I
1394,plugins,https://cdn.prod.website-files.com/plugins/Basic/assets/placeholder.60f9b1840c.svg,image_src,I
1396,Basic,https://cdn.prod.website-files.com/plugins/Basic/assets/placeholder.60f9b1840c.svg,image_src,I
1398,assets,https://cdn.prod.website-files.com/plugins/Basic/assets/placeholder.60f9b1840c.svg,image_src,I
1400,placeholder,https://cdn.prod.website-files.com/plugins/Basic/assets/placeholder.60f9b1840c.svg,image_src,I
1402,plugins,https://cdn.prod.website-files.com/plugins/Basic/assets/placeholder.60f9b1840c.svg,image_src,I
1404,Basic,https://cdn.prod.website-files.com/plugins/Basic/assets/placeholder.60f9b1840c.svg,image_src,I
1406,assets,https://cdn.prod.website-files.com/plugins/Basic/assets/placeholder.60f9b1840c.svg,image_src,I
1408,placeholder,https://cdn.prod.website-files.com/plugins/Basic/assets/placeholder.60f9b1840c.svg,image_src,I
1410,plugins,https://cdn.prod.website-files.com/plugins/Basic/assets/placeholder.60f9b1840c.svg,image_src,I
1412,Basic,https://cdn.prod.website-files.com/plugins/Basic/assets/placeholder.60f9b1840c.svg,image_src,I
1414,assets,https://cdn.prod.website-files.com/plugins/Basic/assets/placeholder.60f9b1840c.svg,image_src,I
1416,placeholder,https://cdn.prod.website-files.com/plugins/Basic/assets/placeholder.60f9b1840c.svg,image_src,I
1418,plugins,https://cdn.prod.website-files.com/plugins/Basic/assets/placeholder.60f9b1840c.svg,image_src,I
1420,Basic,https://cdn.prod.website-files.com/plugins/Basic/assets/placeholder.60f9b1840c.svg,image_src,I
1422,assets,https://cdn.prod.website-files.com/plugins/Basic/assets/placeholder.60f9b1840c.svg,image_src,I
1424,placeholder,https://cdn.prod.website-files.com/plugins/Basic/assets/placeholder.60f9b1840c.svg,image_src,I
1426,plugins,https://cdn.prod.website-files.com/plugins/Basic/assets/placeholder.60f9b1840c.svg,image_src,I
1428,Basic,https://cdn.prod.website-files.com/plugins/Basic/assets/placeholder.60f9b1840c.svg,image_src,I
1430,assets,https://cdn.prod.website-files.com/plugins/Basic/assets/placeholder.60f9b1840c.svg,image_src,I
1432,placeholder,https://cdn.prod.website-files.com/plugins/Basic/assets/placeholder.60f9b1840c.svg,image_src,I
1434,plugins,https://cdn.prod.website-files.com/plugins/Basic/assets/placeholder.60f9b1840c.svg,image_src,I
1436,Basic,https://cdn.prod.website-files.com/plugins/Basic/assets/placeholder.60f9b1840c.svg,image_src,I
1438,assets,https://cdn.prod.website-files.com/plugins/Basic/assets/placeholder.60f9b1840c.svg,image_src,I
1440,placeholder,https://cdn.prod.website-files.com/plugins/Basic/assets/placeholder.60f9b1840c.svg,image_src,I
1442,plugins,https://cdn.prod.website-files.com/plugins/Basic/assets/placeholder.60f9b1840c.svg,image_src,I
1444,Basic,https://cdn.prod.website-files.com/plugins/Basic/assets/placeholder.60f9b1840c.svg,image_src,I
1446,assets,https://cdn.prod.website-files.com/plugins/Basic/assets/placeholder.60f9b1840c.svg,image_src,I
1448,placeholder,https://cdn.prod.website-files.com/plugins/Basic/assets/placeholder.60f9b1840c.svg,image_src,I
1450,65e517300caabe7e988fa435,https://cdn.prod.website-files.com/65e517300caabe7e988fa435/665e78eb1f653d902ed5158e_Quadrant-Investment_Companies_New%20Zeland%20Health%20Group.png,image_src,I
1452,665e78eb1f653d902ed5158e Quadrant Investment Companies New%20Zeland%20Health%20Group,https://cdn.prod.website-files.com/65e517300caabe7e988fa435/665e78eb1f653d902ed5158e_Quadrant-Investment_Companies_New%20Zeland%20Health%20Group.png,image_src,I
1454,plugins,https://cdn.prod.website-files.com/plugins/Basic/assets/placeholder.60f9b1840c.svg,image_src,I
1456,Basic,https://cdn.prod.website-files.com/plugins/Basic/assets/placeholder.60f9b1840c.svg,image_src,I
1458,assets,https://cdn.prod.website-files.com/plugins/Basic/assets/placeholder.60f9b1840c.svg,image_src,I
1460,placeholder,https://cdn.prod.website-files.com/plugins/Basic/assets/placeholder.60f9b1840c.svg,image_src,I
1462,plugins,https://cdn.prod.website-files.com/plugins/Basic/assets/placeholder.60f9b1840c.svg,image_src,I
1464,Basic,https://cdn.prod.website-files.com/plugins/Basic/assets/placeholder.60f9b1840c.svg,image_src,I
1466,assets,https://cdn.prod.website-files.com/plugins/Basic/assets/placeholder.60f9b1840c.svg,image_src,I
1468,placeholder,https://cdn.prod.website-files.com/plugins/Basic/assets/placeholder.60f9b1840c.svg,image_src,I
1470,plugins,https://cdn.prod.website-files.com/plugins/Basic/assets/placeholder.60f9b1840c.svg,image_src,I
1472,Basic,https://cdn.prod.website-files.com/plugins/Basic/assets/placeholder.60f9b1840c.svg,image_src,I
1474,assets,https://cdn.prod.website-files.com/plugins/Basic/assets/placeholder.60f9b1840c.svg,image_src,I
1476,placeholder,https://cdn.prod.website-files.com/plugins/Basic/assets/placeholder.60f9b1840c.svg,image_src,I
1478,plugins,https://cdn.prod.website-files.com/plugins/Basic/assets/placeholder.60f9b1840c.svg,image_src,I
1480,Basic,https://cdn.prod.website-files.com/plugins/Basic/assets/placeholder.60f9b1840c.svg,image_src,I
1482,assets,https://cdn.prod.website-files.com/plugins/Basic/assets/placeholder.60f9b1840c.svg,image_src,I
1484,placeholder,https://cdn.prod.website-files.com/plugins/Basic/assets/placeholder.60f9b1840c.svg,image_src,I
1486,plugins,https://cdn.prod.website-files.com/plugins/Basic/assets/placeholder.60f9b1840c.svg,image_src,I
1488,Basic,https://cdn.prod.website-files.com/plugins/Basic/assets/placeholder.60f9b1840c.svg,image_src,I
1490,assets,https://cdn.prod.website-files.com/plugins/Basic/assets/placeholder.60f9b1840c.svg,image_src,I
1492,placeholder,https://cdn.prod.website-files.com/plugins/Basic/assets/placeholder.60f9b1840c.svg,image_src,I
1494,plugins,https://cdn.prod.website-files.com/plugins/Basic/assets/placeholder.60f9b1840c.svg,image_src,I
1496,Basic,https://cdn.prod.website-files.com/plugins/Basic/assets/placeholder.60f9b1840c.svg,image_src,I
1498,assets,https://cdn.prod.website-files.com/plugins/Basic/assets/placeholder.60f9b1840c.svg,image_src,I
1500,placeholder,https://cdn.prod.website-files.com/plugins/Basic/assets/placeholder.60f9b1840c.svg,image_src,I
1502,plugins,https://cdn.prod.website-files.com/plugins/Basic/assets/placeholder.60f9b1840c.svg,image_src,I
1504,Basic,https://cdn.prod.website-files.com/plugins/Basic/assets/placeholder.60f9b1840c.svg,image_src,I
1506,assets,https://cdn.prod.website-files.com/plugins/Basic/assets/placeholder.60f9b1840c.svg,image_src,I
1508,placeholder,https://cdn.prod.website-files.com/plugins/Basic/assets/placeholder.60f9b1840c.svg,image_src,I
1510,plugins,https://cdn.prod.website-files.com/plugins/Basic/assets/placeholder.60f9b1840c.svg,image_src,I
1512,Basic,https://cdn.prod.website-files.com/plugins/Basic/assets/placeholder.60f9b1840c.svg,image_src,I
1514,assets,https://cdn.prod.website-files.com/plugins/Basic/assets/placeholder.60f9b1840c.svg,image_src,I
1516,placeholder,https://cdn.prod.website-files.com/plugins/Basic/assets/placeholder.60f9b1840c.svg,image_src,I
1518,plugins,https://cdn.prod.website-files.com/plugins/Basic/assets/placeholder.60f9b1840c.svg,image_src,I
1520,Basic,https://cdn.prod.website-files.com/plugins/Basic/assets/placeholder.60f9b1840c.svg,image_src,I
1522,assets,https://cdn.prod.website-files.com/plugins/Basic/assets/placeholder.60f9b1840c.svg,image_src,I
1524,placeholder,https://cdn.prod.website-files.com/plugins/Basic/assets/placeholder.60f9b1840c.svg,image_src,I
1526,plugins,https://cdn.prod.website-files.com/plugins/Basic/assets/placeholder.60f9b1840c.svg,image_src,I
1528,Basic,https://cdn.prod.website-files.com/plugins/Basic/assets/placeholder.60f9b1840c.svg,image_src,I
1530,assets,https://cdn.prod.website-files.com/plugins/Basic/assets/placeholder.60f9b1840c.svg,image_src,I
1532,placeholder,https://cdn.prod.website-files.com/plugins/Basic/assets/placeholder.60f9b1840c.svg,image_src,I
1534,plugins,https://cdn.prod.website-files.com/plugins/Basic/assets/placeholder.60f9b1840c.svg,image_src,I
1536,Basic,https://cdn.prod.website-files.com/plugins/Basic/assets/placeholder.60f9b1840c.svg,image_src,I
1538,assets,https://cdn.prod.website-files.com/plugins/Basic/assets/placeholder.60f9b1840c.svg,image_src,I
1540,placeholder,https://cdn.prod.website-files.com/plugins/Basic/assets/placeholder.60f9b1840c.svg,image_src,I
1542,65e517300caabe7e988fa435,https://cdn.prod.website-files.com/65e517300caabe7e988fa435/6644b0c5a05e039c197cd124_Quadrant-Investment_Companies-Logo-rpf.png,image_src,I
1544,6644b0c5a05e039c197cd124 Quadrant Investment Companies Logo rpf,https://cdn.prod.website-files.com/65e517300caabe7e988fa435/6644b0c5a05e039c197cd124_Quadrant-Investment_Companies-Logo-rpf.png,image_src,I
1546,65e517300caabe7e988fa435,https://cdn.prod.website-files.com/65e517300caabe7e988fa435/6600b8ed5606666d3082ddce_Quadrant-Investment_Companies-cdc-Black.png,image_src,I
1548,6600b8ed5606666d3082ddce Quadrant Investment Companies cdc Black,https://cdn.prod.website-files.com/65e517300caabe7e988fa435/6600b8ed5606666d3082ddce_Quadrant-Investment_Companies-cdc-Black.png,image_src,I
1550,65e517300caabe7e988fa435,https://cdn.prod.website-files.com/65e517300caabe7e988fa435/65e7f5b1394b215f5f1fa2fb_Quadrant-Investment_Companies-Logo-icon.png,image_src,I
1552,65e7f5b1394b215f5f1fa2fb Quadrant Investment Companies Logo icon,https://cdn.prod.website-files.com/65e517300caabe7e988fa435/65e7f5b1394b215f5f1fa2fb_Quadrant-Investment_Companies-Logo-icon.png,image_src,I
1554,65e517300caabe7e988fa435,https://cdn.prod.website-files.com/65e517300caabe7e988fa435/6644b0e269683f7f5fadd71e_Quadrant-Investment_Companies-Logo-superior_food_services.png,image_src,I
1556,6644b0e269683f7f5fadd71e Quadrant Investment Companies Logo superior food services,https://cdn.prod.website-files.com/65e517300caabe7e988fa435/6644b0e269683f7f5fadd71e_Quadrant-Investment_Companies-Logo-superior_food_services.png,image_src,I
1558,65e517300caabe7e988fa435,https://cdn.prod.website-files.com/65e517300caabe7e988fa435/66459774a9bfeec956cd6d1f_Quadrant-Investment_Companies-Logo-enrich_health_group.png,image_src,I
1560,66459774a9bfeec956cd6d1f Quadrant Investment Companies Logo enrich health group,https://cdn.prod.website-files.com/65e517300caabe7e988fa435/66459774a9bfeec956cd6d1f_Quadrant-Investment_Companies-Logo-enrich_health_group.png,image_src,I
1562,65e517300caabe7e988fa435,https://cdn.prod.website-files.com/65e517300caabe7e988fa435/6600bb816340908f698262df_Quadrant-Investment_Companies-motorone-Black.png,image_src,I
1564,6600bb816340908f698262df Quadrant Investment Companies motorone Black,https://cdn.prod.website-files.com/65e517300caabe7e988fa435/6600bb816340908f698262df_Quadrant-Investment_Companies-motorone-Black.png,image_src,I
1566,65e517300caabe7e988fa435,https://cdn.prod.website-files.com/65e517300caabe7e988fa435/6644b10a35bb564ce152b407_Quadrant-Investment_Companies-Logo-hunter_st.png,image_src,I
1568,6644b10a35bb564ce152b407 Quadrant Investment Companies Logo hunter st,https://cdn.prod.website-files.com/65e517300caabe7e988fa435/6644b10a35bb564ce152b407_Quadrant-Investment_Companies-Logo-hunter_st.png,image_src,I
1570,plugins,https://cdn.prod.website-files.com/plugins/Basic/assets/placeholder.60f9b1840c.svg,image_src,I
1572,Basic,https://cdn.prod.website-files.com/plugins/Basic/assets/placeholder.60f9b1840c.svg,image_src,I
1574,assets,https://cdn.prod.website-files.com/plugins/Basic/assets/placeholder.60f9b1840c.svg,image_src,I
1576,placeholder,https://cdn.prod.website-files.com/plugins/Basic/assets/placeholder.60f9b1840c.svg,image_src,I
1578,plugins,https://cdn.prod.website-files.com/plugins/Basic/assets/placeholder.60f9b1840c.svg,image_src,I
1580,Basic,https://cdn.prod.website-files.com/plugins/Basic/assets/placeholder.60f9b1840c.svg,image_src,I
1582,assets,https://cdn.prod.website-files.com/plugins/Basic/assets/placeholder.60f9b1840c.svg,image_src,I
1584,placeholder,https://cdn.prod.website-files.com/plugins/Basic/assets/placeholder.60f9b1840c.svg,image_src,I
1586,plugins,https://cdn.prod.website-files.com/plugins/Basic/assets/placeholder.60f9b1840c.svg,image_src,I
1588,Basic,https://cdn.prod.website-files.com/plugins/Basic/assets/placeholder.60f9b1840c.svg,image_src,I
1590,assets,https://cdn.prod.website-files.com/plugins/Basic/assets/placeholder.60f9b1840c.svg,image_src,I
1592,placeholder,https://cdn.prod.website-files.com/plugins/Basic/assets/placeholder.60f9b1840c.svg,image_src,I
1594,plugins,https://cdn.prod.website-files.com/plugins/Basic/assets/placeholder.60f9b1840c.svg,image_src,I
1596,Basic,https://cdn.prod.website-files.com/plugins/Basic/assets/placeholder.60f9b1840c.svg,image_src,I
1598,assets,https://cdn.prod.website-files.com/plugins/Basic/assets/placeholder.60f9b1840c.svg,image_src,I
1600,placeholder,https://cdn.prod.website-files.com/plugins/Basic/assets/placeholder.60f9b1840c.svg,image_src,I
1602,plugins,https://cdn.prod.website-files.com/plugins/Basic/assets/placeholder.60f9b1840c.svg,image_src,I
1604,Basic,https://cdn.prod.website-files.com/plugins/Basic/assets/placeholder.60f9b1840c.svg,image_src,I
1606,assets,https://cdn.prod.website-files.com/plugins/Basic/assets/placeholder.60f9b1840c.svg,image_src,I
1608,placeholder,https://cdn.prod.website-files.com/plugins/Basic/assets/placeholder.60f9b1840c.svg,image_src,I
1610,65e517300caabe7e988fa435,https://cdn.prod.website-files.com/65e517300caabe7e988fa435/65e7f58c66a2c2e9f77f8fbd_Quadrant-Investment_Companies-Logo-amart.png,image_src,I
1612,65e7f58c66a2c2e9f77f8fbd Quadrant Investment Companies Logo amart,https://cdn.prod.website-files.com/65e517300caabe7e988fa435/65e7f58c66a2c2e9f77f8fbd_Quadrant-Investment_Companies-Logo-amart.png,image_src,I
1614,65e517300caabe7e988fa435,https://cdn.prod.website-files.com/65e517300caabe7e988fa435/65e7f59eaa3c9f54b38bba5c_Quadrant-Investment_Companies-Logo-barbeques_galore.png,image_src,I
1616,65e7f59eaa3c9f54b38bba5c Quadrant Investment Companies Logo barbeques galore,https://cdn.prod.website-files.com/65e517300caabe7e988fa435/65e7f59eaa3c9f54b38bba5c_Quadrant-Investment_Companies-Logo-barbeques_galore.png,image_src,I
1618,plugins,https://cdn.prod.website-files.com/plugins/Basic/assets/placeholder.60f9b1840c.svg,image_src,I
1620,Basic,https://cdn.prod.website-files.com/plugins/Basic/assets/placeholder.60f9b1840c.svg,image_src,I
1622,assets,https://cdn.prod.website-files.com/plugins/Basic/assets/placeholder.60f9b1840c.svg,image_src,I
1624,placeholder,https://cdn.prod.website-files.com/plugins/Basic/assets/placeholder.60f9b1840c.svg,image_src,I
1626,plugins,https://cdn.prod.website-files.com/plugins/Basic/assets/placeholder.60f9b1840c.svg,image_src,I
1628,Basic,https://cdn.prod.website-files.com/plugins/Basic/assets/placeholder.60f9b1840c.svg,image_src,I
1630,assets,https://cdn.prod.website-files.com/plugins/Basic/assets/placeholder.60f9b1840c.svg,image_src,I
1632,placeholder,https://cdn.prod.website-files.com/plugins/Basic/assets/placeholder.60f9b1840c.svg,image_src,I
1634,plugins,https://cdn.prod.website-files.com/plugins/Basic/assets/placeholder.60f9b1840c.svg,image_src,I
1636,Basic,https://cdn.prod.website-files.com/plugins/Basic/assets/placeholder.60f9b1840c.svg,image_src,I
1638,assets,https://cdn.prod.website-files.com/plugins/Basic/assets/placeholder.60f9b1840c.svg,image_src,I
1640,placeholder,https://cdn.prod.website-files.com/plugins/Basic/assets/placeholder.60f9b1840c.svg,image_src,I
1642,plugins,https://cdn.prod.website-files.com/plugins/Basic/assets/placeholder.60f9b1840c.svg,image_src,I
1644,Basic,https://cdn.prod.website-files.com/plugins/Basic/assets/placeholder.60f9b1840c.svg,image_src,I
1646,assets,https://cdn.prod.website-files.com/plugins/Basic/assets/placeholder.60f9b1840c.svg,image_src,I
1648,placeholder,https://cdn.prod.website-files.com/plugins/Basic/assets/placeholder.60f9b1840c.svg,image_src,I
1650,plugins,https://cdn.prod.website-files.com/plugins/Basic/assets/placeholder.60f9b1840c.svg,image_src,I
1652,Basic,https://cdn.prod.website-files.com/plugins/Basic/assets/placeholder.60f9b1840c.svg,image_src,I
1654,assets,https://cdn.prod.website-files.com/plugins/Basic/assets/placeholder.60f9b1840c.svg,image_src,I
1656,placeholder,https://cdn.prod.website-files.com/plugins/Basic/assets/placeholder.60f9b1840c.svg,image_src,I
1658,plugins,https://cdn.prod.website-files.com/plugins/Basic/assets/placeholder.60f9b1840c.svg,image_src,I
1660,Basic,https://cdn.prod.website-files.com/plugins/Basic/assets/placeholder.60f9b1840c.svg,image_src,I
1662,assets,https://cdn.prod.website-files.com/plugins/Basic/assets/placeholder.60f9b1840c.svg,image_src,I
1664,placeholder,https://cdn.prod.website-files.com/plugins/Basic/assets/placeholder.60f9b1840c.svg,image_src,I
1666,plugins,https://cdn.prod.website-files.com/plugins/Basic/assets/placeholder.60f9b1840c.svg,image_src,I
1668,Basic,https://cdn.prod.website-files.com/plugins/Basic/assets/placeholder.60f9b1840c.svg,image_src,I
1670,assets,https://cdn.prod.website-files.com/plugins/Basic/assets/placeholder.60f9b1840c.svg,image_src,I
1672,placeholder,https://cdn.prod.website-files.com/plugins/Basic/assets/placeholder.60f9b1840c.svg,image_src,I
1674,plugins,https://cdn.prod.website-files.com/plugins/Basic/assets/placeholder.60f9b1840c.svg,image_src,I
1676,Basic,https://cdn.prod.website-files.com/plugins/Basic/assets/placeholder.60f9b1840c.svg,image_src,I
1678,assets,https://cdn.prod.website-files.com/plugins/Basic/assets/placeholder.60f9b1840c.svg,image_src,I
1680,placeholder,https://cdn.prod.website-files.com/plugins/Basic/assets/placeholder.60f9b1840c.svg,image_src,I
1682,plugins,https://cdn.prod.website-files.com/plugins/Basic/assets/placeholder.60f9b1840c.svg,image_src,I
1684,Basic,https://cdn.prod.website-files.com/plugins/Basic/assets/placeholder.60f9b1840c.svg,image_src,I
1686,assets,https://cdn.prod.website-files.com/plugins/Basic/assets/placeholder.60f9b1840c.svg,image_src,I
1688,placeholder,https://cdn.prod.website-files.com/plugins/Basic/assets/placeholder.60f9b1840c.svg,image_src,I
1690,plugins,https://cdn.prod.website-files.com/plugins/Basic/assets/placeholder.60f9b1840c.svg,image_src,I
1692,Basic,https://cdn.prod.website-files.com/plugins/Basic/assets/placeholder.60f9b1840c.svg,image_src,I
1694,assets,https://cdn.prod.website-files.com/plugins/Basic/assets/placeholder.60f9b1840c.svg,image_src,I
1696,placeholder,https://cdn.prod.website-files.com/plugins/Basic/assets/placeholder.60f9b1840c.svg,image_src,I
1698,65e517300caabe7e988fa435,https://cdn.prod.website-files.com/65e517300caabe7e988fa435/6644b088df5f12e5828ce11e_Quadrant-Investment_Companies-Logo-estia_health.png,image_src,I
1700,6644b088df5f12e5828ce11e Quadrant Investment Companies Logo estia health,https://cdn.prod.website-files.com/65e517300caabe7e988fa435/6644b088df5f12e5828ce11e_Quadrant-Investment_Companies-Logo-estia_health.png,image_src,I
1702,65e517300caabe7e988fa435,https://cdn.prod.website-files.com/65e517300caabe7e988fa435/6644b0604fa60753a774f650_Quadrant-Investment_Companies-Logo-apn_outdoor.png,image_src,I
1704,6644b0604fa60753a774f650 Quadrant Investment Companies Logo apn outdoor,https://cdn.prod.website-files.com/65e517300caabe7e988fa435/6644b0604fa60753a774f650_Quadrant-Investment_Companies-Logo-apn_outdoor.png,image_src,I
1706,65e517300caabe7e988fa435,https://cdn.prod.website-files.com/65e517300caabe7e988fa435/6644b0378d0fca3c0df84051_Quadrant-Investment_Companies-Logo-cqms_razer.png,image_src,I
1708,6644b0378d0fca3c0df84051 Quadrant Investment Companies Logo cqms razer,https://cdn.prod.website-files.com/65e517300caabe7e988fa435/6644b0378d0fca3c0df84051_Quadrant-Investment_Companies-Logo-cqms_razer.png,image_src,I
1710,65e517300caabe7e988fa435,https://cdn.prod.website-files.com/65e517300caabe7e988fa435/6644b023327955a922daf9ea_Quadrant-Investment_Companies-Logo-city_farmers.png,image_src,I
1712,6644b023327955a922daf9ea Quadrant Investment Companies Logo city farmers,https://cdn.prod.website-files.com/65e517300caabe7e988fa435/6644b023327955a922daf9ea_Quadrant-Investment_Companies-Logo-city_farmers.png,image_src,I
1714,65e517300caabe7e988fa435,https://cdn.prod.website-files.com/65e517300caabe7e988fa435/66455ca16a4abf692fe716b9_Quadrant-Investment_Companies-Logo-zip_water.png,image_src,I
1716,66455ca16a4abf692fe716b9 Quadrant Investment Companies Logo zip water,https://cdn.prod.website-files.com/65e517300caabe7e988fa435/66455ca16a4abf692fe716b9_Quadrant-Investment_Companies-Logo-zip_water.png,image_src,I
1718,65e517300caabe7e988fa435,https://cdn.prod.website-files.com/65e517300caabe7e988fa435/66455c89726d9159cf90bf24_Quadrant-Investment_Companies-Logo-burson_auto_parts.png,image_src,I
1720,66455c89726d9159cf90bf24 Quadrant Investment Companies Logo burson auto parts,https://cdn.prod.website-files.com/65e517300caabe7e988fa435/66455c89726d9159cf90bf24_Quadrant-Investment_Companies-Logo-burson_auto_parts.png,image_src,I
1722,plugins,https://cdn.prod.website-files.com/plugins/Basic/assets/placeholder.60f9b1840c.svg,image_src,I
1724,Basic,https://cdn.prod.website-files.com/plugins/Basic/assets/placeholder.60f9b1840c.svg,image_src,I
1726,assets,https://cdn.prod.website-files.com/plugins/Basic/assets/placeholder.60f9b1840c.svg,image_src,I
1728,placeholder,https://cdn.prod.website-files.com/plugins/Basic/assets/placeholder.60f9b1840c.svg,image_src,I
1730,plugins,https://cdn.prod.website-files.com/plugins/Basic/assets/placeholder.60f9b1840c.svg,image_src,I
1732,Basic,https://cdn.prod.website-files.com/plugins/Basic/assets/placeholder.60f9b1840c.svg,image_src,I
1734,assets,https://cdn.prod.website-files.com/plugins/Basic/assets/placeholder.60f9b1840c.svg,image_src,I
1736,placeholder,https://cdn.prod.website-files.com/plugins/Basic/assets/placeholder.60f9b1840c.svg,image_src,I
1738,plugins,https://cdn.prod.website-files.com/plugins/Basic/assets/placeholder.60f9b1840c.svg,image_src,I
1740,Basic,https://cdn.prod.website-files.com/plugins/Basic/assets/placeholder.60f9b1840c.svg,image_src,I
1742,assets,https://cdn.prod.website-files.com/plugins/Basic/assets/placeholder.60f9b1840c.svg,image_src,I
1744,placeholder,https://cdn.prod.website-files.com/plugins/Basic/assets/placeholder.60f9b1840c.svg,image_src,I
1746,plugins,https://cdn.prod.website-files.com/plugins/Basic/assets/placeholder.60f9b1840c.svg,image_src,I
1748,Basic,https://cdn.prod.website-files.com/plugins/Basic/assets/placeholder.60f9b1840c.svg,image_src,I
1750,assets,https://cdn.prod.website-files.com/plugins/Basic/assets/placeholder.60f9b1840c.svg,image_src,I
1752,placeholder,https://cdn.prod.website-files.com/plugins/Basic/assets/placeholder.60f9b1840c.svg,image_src,I
1754,plugins,https://cdn.prod.website-files.com/plugins/Basic/assets/placeholder.60f9b1840c.svg,image_src,I
1756,Basic,https://cdn.prod.website-files.com/plugins/Basic/assets/placeholder.60f9b1840c.svg,image_src,I
1758,assets,https://cdn.prod.website-files.com/plugins/Basic/assets/placeholder.60f9b1840c.svg,image_src,I
1760,placeholder,https://cdn.prod.website-files.com/plugins/Basic/assets/placeholder.60f9b1840c.svg,image_src,I
1762,plugins,https://cdn.prod.website-files.com/plugins/Basic/assets/placeholder.60f9b1840c.svg,image_src,I
1764,Basic,https://cdn.prod.website-files.com/plugins/Basic/assets/placeholder.60f9b1840c.svg,image_src,I
1766,assets,https://cdn.prod.website-files.com/plugins/Basic/assets/placeholder.60f9b1840c.svg,image_src,I
1768,placeholder,https://cdn.prod.website-files.com/plugins/Basic/assets/placeholder.60f9b1840c.svg,image_src,I
1770,plugins,https://cdn.prod.website-files.com/plugins/Basic/assets/placeholder.60f9b1840c.svg,image_src,I
1772,Basic,https://cdn.prod.website-files.com/plugins/Basic/assets/placeholder.60f9b1840c.svg,image_src,I
1774,assets,https://cdn.prod.website-files.com/plugins/Basic/assets/placeholder.60f9b1840c.svg,image_src,I
1776,placeholder,https://cdn.prod.website-files.com/plugins/Basic/assets/placeholder.60f9b1840c.svg,image_src,I
1778,plugins,https://cdn.prod.website-files.com/plugins/Basic/assets/placeholder.60f9b1840c.svg,image_src,I
1780,Basic,https://cdn.prod.website-files.com/plugins/Basic/assets/placeholder.60f9b1840c.svg,image_src,I
1782,assets,https://cdn.prod.website-files.com/plugins/Basic/assets/placeholder.60f9b1840c.svg,image_src,I
1784,placeholder,https://cdn.prod.website-files.com/plugins/Basic/assets/placeholder.60f9b1840c.svg,image_src,I
1786,plugins,https://cdn.prod.website-files.com/plugins/Basic/assets/placeholder.60f9b1840c.svg,image_src,I
1788,Basic,https://cdn.prod.website-files.com/plugins/Basic/assets/placeholder.60f9b1840c.svg,image_src,I
1790,assets,https://cdn.prod.website-files.com/plugins/Basic/assets/placeholder.60f9b1840c.svg,image_src,I
1792,placeholder,https://cdn.prod.website-files.com/plugins/Basic/assets/placeholder.60f9b1840c.svg,image_src,I
1794,plugins,https://cdn.prod.website-files.com/plugins/Basic/assets/placeholder.60f9b1840c.svg,image_src,I
1796,Basic,https://cdn.prod.website-files.com/plugins/Basic/assets/placeholder.60f9b1840c.svg,image_src,I
1798,assets,https://cdn.prod.website-files.com/plugins/Basic/assets/placeholder.60f9b1840c.svg,image_src,I
1800,placeholder,https://cdn.prod.website-files.com/plugins/Basic/assets/placeholder.60f9b1840c.svg,image_src,I
1802,plugins,https://cdn.prod.website-files.com/plugins/Basic/assets/placeholder.60f9b1840c.svg,image_src,I
1804,Basic,https://cdn.prod.website-files.com/plugins/Basic/assets/placeholder.60f9b1840c.svg,image_src,I
1806,assets,https://cdn.prod.website-files.com/plugins/Basic/assets/placeholder.60f9b1840c.svg,image_src,I
1808,placeholder,https://cdn.prod.website-files.com/plugins/Basic/assets/placeholder.60f9b1840c.svg,image_src,I
1810,plugins,https://cdn.prod.website-files.com/plugins/Basic/assets/placeholder.60f9b1840c.svg,image_src,I
1812,Basic,https://cdn.prod.website-files.com/plugins/Basic/assets/placeholder.60f9b1840c.svg,image_src,I
1814,assets,https://cdn.prod.website-files.com/plugins/Basic/assets/placeholder.60f9b1840c.svg,image_src,I
1816,placeholder,https://cdn.prod.website-files.com/plugins/Basic/assets/placeholder.60f9b1840c.svg,image_src,I
1818,plugins,https://cdn.prod.website-files.com/plugins/Basic/assets/placeholder.60f9b1840c.svg,image_src,I
1820,Basic,https://cdn.prod.website-files.com/plugins/Basic/assets/placeholder.60f9b1840c.svg,image_src,I
1822,assets,https://cdn.prod.website-files.com/plugins/Basic/assets/placeholder.60f9b1840c.svg,image_src,I
1824,placeholder,https://cdn.prod.website-files.com/plugins/Basic/assets/placeholder.60f9b1840c.svg,image_src,I
1826,plugins,https://cdn.prod.website-files.com/plugins/Basic/assets/placeholder.60f9b1840c.svg,image_src,I
1828,Basic,https://cdn.prod.website-files.com/plugins/Basic/assets/placeholder.60f9b1840c.svg,image_src,I
1830,assets,https://cdn.prod.website-files.com/plugins/Basic/assets/placeholder.60f9b1840c.svg,image_src,I
1832,placeholder,https://cdn.prod.website-files.com/plugins/Basic/assets/placeholder.60f9b1840c.svg,image_src,I
1834,plugins,https://cdn.prod.website-files.com/plugins/Basic/assets/placeholder.60f9b1840c.svg,image_src,I
1836,Basic,https://cdn.prod.website-files.com/plugins/Basic/assets/placeholder.60f9b1840c.svg,image_src,I
1838,assets,https://cdn.prod.website-files.com/plugins/Basic/assets/placeholder.60f9b1840c.svg,image_src,I
1840,placeholder,https://cdn.prod.website-files.com/plugins/Basic/assets/placeholder.60f9b1840c.svg,image_src,I
1842,plugins,https://cdn.prod.website-files.com/plugins/Basic/assets/placeholder.60f9b1840c.svg,image_src,I
1844,Basic,https://cdn.prod.website-files.com/plugins/Basic/assets/placeholder.60f9b1840c.svg,image_src,I
1846,assets,https://cdn.prod.website-files.com/plugins/Basic/assets/placeholder.60f9b1840c.svg,image_src,I
1848,placeholder,https://cdn.prod.website-files.com/plugins/Basic/assets/placeholder.60f9b1840c.svg,image_src,I
1850,plugins,https://cdn.prod.website-files.com/plugins/Basic/assets/placeholder.60f9b1840c.svg,image_src,I
1852,Basic,https://cdn.prod.website-files.com/plugins/Basic/assets/placeholder.60f9b1840c.svg,image_src,I
1854,assets,https://cdn.prod.website-files.com/plugins/Basic/assets/placeholder.60f9b1840c.svg,image_src,I
1856,placeholder,https://cdn.prod.website-files.com/plugins/Basic/assets/placeholder.60f9b1840c.svg,image_src,I
1858,plugins,https://cdn.prod.website-files.com/plugins/Basic/assets/placeholder.60f9b1840c.svg,image_src,I
1860,Basic,https://cdn.prod.website-files.com/plugins/Basic/assets/placeholder.60f9b1840c.svg,image_src,I
1862,assets,https://cdn.prod.website-files.com/plugins/Basic/assets/placeholder.60f9b1840c.svg,image_src,I
1864,placeholder,https://cdn.prod.website-files.com/plugins/Basic/assets/placeholder.60f9b1840c.svg,image_src,I
1866,65e517300caabe7e988fa435,https://cdn.prod.website-files.com/65e517300caabe7e988fa435/6644afa30935f42775cc28b9_Quadrant-Investment_Companies-Logo-isentia.png,image_src,I
1868,6644afa30935f42775cc28b9 Quadrant Investment Companies Logo isentia,https://cdn.prod.website-files.com/65e517300caabe7e988fa435/6644afa30935f42775cc28b9_Quadrant-Investment_Companies-Logo-isentia.png,image_src,I
1870,65e517300caabe7e988fa435,https://cdn.prod.website-files.com/65e517300caabe7e988fa435/6644af8d452d644ff8407884_Quadrant-Investment_Companies-Logo-virtus_health.png,image_src,I
1872,6644af8d452d644ff8407884 Quadrant Investment Companies Logo virtus health,https://cdn.prod.website-files.com/65e517300caabe7e988fa435/6644af8d452d644ff8407884_Quadrant-Investment_Companies-Logo-virtus_health.png,image_src,I
1874,65e517300caabe7e988fa435,https://cdn.prod.website-files.com/65e517300caabe7e988fa435/6644af71e531a53220b48811_Quadrant-Investment_Companies-Logo-summerset.png,image_src,I
1876,6644af71e531a53220b48811 Quadrant Investment Companies Logo summerset,https://cdn.prod.website-files.com/65e517300caabe7e988fa435/6644af71e531a53220b48811_Quadrant-Investment_Companies-Logo-summerset.png,image_src,I
1878,65e517300caabe7e988fa435,https://cdn.prod.website-files.com/65e517300caabe7e988fa435/6644af5617a551bf602aa6c9_Quadrant-Investment_Companies-Logo-ipg.png,image_src,I
1880,6644af5617a551bf602aa6c9 Quadrant Investment Companies Logo ipg,https://cdn.prod.website-files.com/65e517300caabe7e988fa435/6644af5617a551bf602aa6c9_Quadrant-Investment_Companies-Logo-ipg.png,image_src,I
1882,65e517300caabe7e988fa435,https://cdn.prod.website-files.com/65e517300caabe7e988fa435/6644af17c9dd8db9fc9b2375_Quadrant-Investment_Companies-Logo-craveable_brands.png,image_src,I
1884,6644af17c9dd8db9fc9b2375 Quadrant Investment Companies Logo craveable brands,https://cdn.prod.website-files.com/65e517300caabe7e988fa435/6644af17c9dd8db9fc9b2375_Quadrant-Investment_Companies-Logo-craveable_brands.png,image_src,I
1886,plugins,https://cdn.prod.website-files.com/plugins/Basic/assets/placeholder.60f9b1840c.svg,image_src,I
1888,Basic,https://cdn.prod.website-files.com/plugins/Basic/assets/placeholder.60f9b1840c.svg,image_src,I
1890,assets,https://cdn.prod.website-files.com/plugins/Basic/assets/placeholder.60f9b1840c.svg,image_src,I
1892,placeholder,https://cdn.prod.website-files.com/plugins/Basic/assets/placeholder.60f9b1840c.svg,image_src,I
1894,plugins,https://cdn.prod.website-files.com/plugins/Basic/assets/placeholder.60f9b1840c.svg,image_src,I
1896,Basic,https://cdn.prod.website-files.com/plugins/Basic/assets/placeholder.60f9b1840c.svg,image_src,I
1898,assets,https://cdn.prod.website-files.com/plugins/Basic/assets/placeholder.60f9b1840c.svg,image_src,I
1900,placeholder,https://cdn.prod.website-files.com/plugins/Basic/assets/placeholder.60f9b1840c.svg,image_src,I
1902,plugins,https://cdn.prod.website-files.com/plugins/Basic/assets/placeholder.60f9b1840c.svg,image_src,I
1904,Basic,https://cdn.prod.website-files.com/plugins/Basic/assets/placeholder.60f9b1840c.svg,image_src,I
1906,assets,https://cdn.prod.website-files.com/plugins/Basic/assets/placeholder.60f9b1840c.svg,image_src,I
1908,placeholder,https://cdn.prod.website-files.com/plugins/Basic/assets/placeholder.60f9b1840c.svg,image_src,I
1910,plugins,https://cdn.prod.website-files.com/plugins/Basic/assets/placeholder.60f9b1840c.svg,image_src,I
1912,Basic,https://cdn.prod.website-files.com/plugins/Basic/assets/placeholder.60f9b1840c.svg,image_src,I
1914,assets,https://cdn.prod.website-files.com/plugins/Basic/assets/placeholder.60f9b1840c.svg,image_src,I
1916,placeholder,https://cdn.prod.website-files.com/plugins/Basic/assets/placeholder.60f9b1840c.svg,image_src,I
1918,plugins,https://cdn.prod.website-files.com/plugins/Basic/assets/placeholder.60f9b1840c.svg,image_src,I
1920,Basic,https://cdn.prod.website-files.com/plugins/Basic/assets/placeholder.60f9b1840c.svg,image_src,I
1922,assets,https://cdn.prod.website-files.com/plugins/Basic/assets/placeholder.60f9b1840c.svg,image_src,I
1924,placeholder,https://cdn.prod.website-files.com/plugins/Basic/assets/placeholder.60f9b1840c.svg,image_src,I
1926,plugins,https://cdn.prod.website-files.com/plugins/Basic/assets/placeholder.60f9b1840c.svg,image_src,I
1928,Basic,https://cdn.prod.website-files.com/plugins/Basic/assets/placeholder.60f9b1840c.svg,image_src,I
1930,assets,https://cdn.prod.website-files.com/plugins/Basic/assets/placeholder.60f9b1840c.svg,image_src,I
1932,placeholder,https://cdn.prod.website-files.com/plugins/Basic/assets/placeholder.60f9b1840c.svg,image_src,I
1934,plugins,https://cdn.prod.website-files.com/plugins/Basic/assets/placeholder.60f9b1840c.svg,image_src,I
1936,Basic,https://cdn.prod.website-files.com/plugins/Basic/assets/placeholder.60f9b1840c.svg,image_src,I
1938,assets,https://cdn.prod.website-files.com/plugins/Basic/assets/placeholder.60f9b1840c.svg,image_src,I
1940,placeholder,https://cdn.prod.website-files.com/plugins/Basic/assets/placeholder.60f9b1840c.svg,image_src,I
1942,plugins,https://cdn.prod.website-files.com/plugins/Basic/assets/placeholder.60f9b1840c.svg,image_src,I
1944,Basic,https://cdn.prod.website-files.com/plugins/Basic/assets/placeholder.60f9b1840c.svg,image_src,I
1946,assets,https://cdn.prod.website-files.com/plugins/Basic/assets/placeholder.60f9b1840c.svg,image_src,I
1948,placeholder,https://cdn.prod.website-files.com/plugins/Basic/assets/placeholder.60f9b1840c.svg,image_src,I
1950,plugins,https://cdn.prod.website-files.com/plugins/Basic/assets/placeholder.60f9b1840c.svg,image_src,I
1952,Basic,https://cdn.prod.website-files.com/plugins/Basic/assets/placeholder.60f9b1840c.svg,image_src,I
1954,assets,https://cdn.prod.website-files.com/plugins/Basic/assets/placeholder.60f9b1840c.svg,image_src,I
1956,placeholder,https://cdn.prod.website-files.com/plugins/Basic/assets/placeholder.60f9b1840c.svg,image_src,I
1958,plugins,https://cdn.prod.website-files.com/plugins/Basic/assets/placeholder.60f9b1840c.svg,image_src,I
1960,Basic,https://cdn.prod.website-files.com/plugins/Basic/assets/placeholder.60f9b1840c.svg,image_src,I
1962,assets,https://cdn.prod.website-files.com/plugins/Basic/assets/placeholder.60f9b1840c.svg,image_src,I
1964,placeholder,https://cdn.prod.website-files.com/plugins/Basic/assets/placeholder.60f9b1840c.svg,image_src,I
1966,plugins,https://cdn.prod.website-files.com/plugins/Basic/assets/placeholder.60f9b1840c.svg,image_src,I
1968,Basic,https://cdn.prod.website-files.com/plugins/Basic/assets/placeholder.60f9b1840c.svg,image_src,I
1970,assets,https://cdn.prod.website-files.com/plugins/Basic/assets/placeholder.60f9b1840c.svg,image_src,I
1972,placeholder,https://cdn.prod.website-files.com/plugins/Basic/assets/placeholder.60f9b1840c.svg,image_src,I
1974,plugins,https://cdn.prod.website-files.com/plugins/Basic/assets/placeholder.60f9b1840c.svg,image_src,I
1976,Basic,https://cdn.prod.website-files.com/plugins/Basic/assets/placeholder.60f9b1840c.svg,image_src,I
1978,assets,https://cdn.prod.website-files.com/plugins/Basic/assets/placeholder.60f9b1840c.svg,image_src,I
1980,placeholder,https://cdn.prod.website-files.com/plugins/Basic/assets/placeholder.60f9b1840c.svg,image_src,I
1982,plugins,https://cdn.prod.website-files.com/plugins/Basic/assets/placeholder.60f9b1840c.svg,image_src,I
1984,Basic,https://cdn.prod.website-files.com/plugins/Basic/assets/placeholder.60f9b1840c.svg,image_src,I
1986,assets,https://cdn.prod.website-files.com/plugins/Basic/assets/placeholder.60f9b1840c.svg,image_src,I
1988,placeholder,https://cdn.prod.website-files.com/plugins/Basic/assets/placeholder.60f9b1840c.svg,image_src,I
1990,plugins,https://cdn.prod.website-files.com/plugins/Basic/assets/placeholder.60f9b1840c.svg,image_src,I
1992,Basic,https://cdn.prod.website-files.com/plugins/Basic/assets/placeholder.60f9b1840c.svg,image_src,I
1994,assets,https://cdn.prod.website-files.com/plugins/Basic/assets/placeholder.60f9b1840c.svg,image_src,I
1996,placeholder,https://cdn.prod.website-files.com/plugins/Basic/assets/placeholder.60f9b1840c.svg,image_src,I
1998,plugins,https://cdn.prod.website-files.com/plugins/Basic/assets/placeholder.60f9b1840c.svg,image_src,I
2000,Basic,https://cdn.prod.website-files.com/plugins/Basic/assets/placeholder.60f9b1840c.svg,image_src,I
2002,assets,https://cdn.prod.website-files.com/plugins/Basic/assets/placeholder.60f9b1840c.svg,image_src,I
2004,placeholder,https://cdn.prod.website-files.com/plugins/Basic/assets/placeholder.60f9b1840c.svg,image_src,I
2006,plugins,https://cdn.prod.website-files.com/plugins/Basic/assets/placeholder.60f9b1840c.svg,image_src,I
2008,Basic,https://cdn.prod.website-files.com/plugins/Basic/assets/placeholder.60f9b1840c.svg,image_src,I
2010,assets,https://cdn.prod.website-files.com/plugins/Basic/assets/placeholder.60f9b1840c.svg,image_src,I
2012,placeholder,https://cdn.prod.website-files.com/plugins/Basic/assets/placeholder.60f9b1840c.svg,image_src,I
2014,plugins,https://cdn.prod.website-files.com/plugins/Basic/assets/placeholder.60f9b1840c.svg,image_src,I
2016,Basic,https://cdn.prod.website-files.com/plugins/Basic/assets/placeholder.60f9b1840c.svg,image_src,I
2018,assets,https://cdn.prod.website-files.com/plugins/Basic/assets/placeholder.60f9b1840c.svg,image_src,I
2020,placeholder,https://cdn.prod.website-files.com/plugins/Basic/assets/placeholder.60f9b1840c.svg,image_src,I
2022,plugins,https://cdn.prod.website-files.com/plugins/Basic/assets/placeholder.60f9b1840c.svg,image_src,I
2024,Basic,https://cdn.prod.website-files.com/plugins/Basic/assets/placeholder.60f9b1840c.svg,image_src,I
2026,assets,https://cdn.prod.website-files.com/plugins/Basic/assets/placeholder.60f9b1840c.svg,image_src,I
2028,placeholder,https://cdn.prod.website-files.com/plugins/Basic/assets/placeholder.60f9b1840c.svg,image_src,I
2030,plugins,https://cdn.prod.website-files.com/plugins/Basic/assets/placeholder.60f9b1840c.svg,image_src,I
2032,Basic,https://cdn.prod.website-files.com/plugins/Basic/assets/placeholder.60f9b1840c.svg,image_src,I
2034,assets,https://cdn.prod.website-files.com/plugins/Basic/assets/placeholder.60f9b1840c.svg,image_src,I
2036,placeholder,https://cdn.prod.website-files.com/plugins/Basic/assets/placeholder.60f9b1840c.svg,image_src,I
2038,65e517300caabe7e988fa435,https://cdn.prod.website-files.com/65e517300caabe7e988fa435/6656a22ea91dc3f75fbdf71f_65e7f58309d709c46860c9c0_Quadrant-Investment_Companies-Logo-kathmandu%201.png,image_src,I
2040,6656a22ea91dc3f75fbdf71f 65e7f58309d709c46860c9c0 Quadrant Investment Companies Logo kathmandu%201,https://cdn.prod.website-files.com/65e517300caabe7e988fa435/6656a22ea91dc3f75fbdf71f_65e7f58309d709c46860c9c0_Quadrant-Investment_Companies-Logo-kathmandu%201.png,image_src,I
2042,65e517300caabe7e988fa435,https://cdn.prod.website-files.com/65e517300caabe7e988fa435/66455af45c059101a140e383_Quadrant-Investment_Companies-Logo-atf.png,image_src,I
2044,66455af45c059101a140e383 Quadrant Investment Companies Logo atf,https://cdn.prod.website-files.com/65e517300caabe7e988fa435/66455af45c059101a140e383_Quadrant-Investment_Companies-Logo-atf.png,image_src,I
2046,65e517300caabe7e988fa435,https://cdn.prod.website-files.com/65e517300caabe7e988fa435/65e7f5b93cb76423e3ec64b7_Quadrant-Investment_Companies-Logo-mazzucchellis.png,image_src,I
2048,65e7f5b93cb76423e3ec64b7 Quadrant Investment Companies Logo mazzucchellis,https://cdn.prod.website-files.com/65e517300caabe7e988fa435/65e7f5b93cb76423e3ec64b7_Quadrant-Investment_Companies-Logo-mazzucchellis.png,image_src,I
2050,65e517300caabe7e988fa435,https://cdn.prod.website-files.com/65e517300caabe7e988fa435/65e7f5c7029e275f24bfa1b7_Quadrant-Investment_Companies-Logo-ogl.png,image_src,I
2052,65e7f5c7029e275f24bfa1b7 Quadrant Investment Companies Logo ogl,https://cdn.prod.website-files.com/65e517300caabe7e988fa435/65e7f5c7029e275f24bfa1b7_Quadrant-Investment_Companies-Logo-ogl.png,image_src,I
2054,65e517300caabe7e988fa435,https://cdn.prod.website-files.com/65e517300caabe7e988fa435/65e7f5cf394b215f5f1fb241_Quadrant-Investment_Companies-Logo-seniors_money.png,image_src,I
2056,65e7f5cf394b215f5f1fb241 Quadrant Investment Companies Logo seniors money,https://cdn.prod.website-files.com/65e517300caabe7e988fa435/65e7f5cf394b215f5f1fb241_Quadrant-Investment_Companies-Logo-seniors_money.png,image_src,I
2058,65e517300caabe7e988fa435,https://cdn.prod.website-files.com/65e517300caabe7e988fa435/65e7f5d874ed1a8b482b138e_Quadrant-Investment_Companies-Logo-tower_software.png,image_src,I
2060,65e7f5d874ed1a8b482b138e Quadrant Investment Companies Logo tower software,https://cdn.prod.website-files.com/65e517300caabe7e988fa435/65e7f5d874ed1a8b482b138e_Quadrant-Investment_Companies-Logo-tower_software.png,image_src,I
2062,65e517300caabe7e988fa435,https://cdn.prod.website-files.com/65e517300caabe7e988fa435/65e7f5e06e9b55e8ca0aaa58_Quadrant-Investment_Companies-Logo-tyrecorp.png,image_src,I
2064,65e7f5e06e9b55e8ca0aaa58 Quadrant Investment Companies Logo tyrecorp,https://cdn.prod.website-files.com/65e517300caabe7e988fa435/65e7f5e06e9b55e8ca0aaa58_Quadrant-Investment_Companies-Logo-tyrecorp.png,image_src,I
2066,plugins,https://cdn.prod.website-files.com/plugins/Basic/assets/placeholder.60f9b1840c.svg,image_src,I
2068,Basic,https://cdn.prod.website-files.com/plugins/Basic/assets/placeholder.60f9b1840c.svg,image_src,I
2070,assets,https://cdn.prod.website-files.com/plugins/Basic/assets/placeholder.60f9b1840c.svg,image_src,I
2072,placeholder,https://cdn.prod.website-files.com/plugins/Basic/assets/placeholder.60f9b1840c.svg,image_src,I
2074,plugins,https://cdn.prod.website-files.com/plugins/Basic/assets/placeholder.60f9b1840c.svg,image_src,I
2076,Basic,https://cdn.prod.website-files.com/plugins/Basic/assets/placeholder.60f9b1840c.svg,image_src,I
2078,assets,https://cdn.prod.website-files.com/plugins/Basic/assets/placeholder.60f9b1840c.svg,image_src,I
2080,placeholder,https://cdn.prod.website-files.com/plugins/Basic/assets/placeholder.60f9b1840c.svg,image_src,I
2082,plugins,https://cdn.prod.website-files.com/plugins/Basic/assets/placeholder.60f9b1840c.svg,image_src,I
2084,Basic,https://cdn.prod.website-files.com/plugins/Basic/assets/placeholder.60f9b1840c.svg,image_src,I
2086,assets,https://cdn.prod.website-files.com/plugins/Basic/assets/placeholder.60f9b1840c.svg,image_src,I
2088,placeholder,https://cdn.prod.website-files.com/plugins/Basic/assets/placeholder.60f9b1840c.svg,image_src,I
2090,plugins,https://cdn.prod.website-files.com/plugins/Basic/assets/placeholder.60f9b1840c.svg,image_src,I
2092,Basic,https://cdn.prod.website-files.com/plugins/Basic/assets/placeholder.60f9b1840c.svg,image_src,I
2094,assets,https://cdn.prod.website-files.com/plugins/Basic/assets/placeholder.60f9b1840c.svg,image_src,I
2096,placeholder,https://cdn.prod.website-files.com/plugins/Basic/assets/placeholder.60f9b1840c.svg,image_src,I
2098,plugins,https://cdn.prod.website-files.com/plugins/Basic/assets/placeholder.60f9b1840c.svg,image_src,I
2100,Basic,https://cdn.prod.website-files.com/plugins/Basic/assets/placeholder.60f9b1840c.svg,image_src,I
2102,assets,https://cdn.prod.website-files.com/plugins/Basic/assets/placeholder.60f9b1840c.svg,image_src,I
2104,placeholder,https://cdn.prod.website-files.com/plugins/Basic/assets/placeholder.60f9b1840c.svg,image_src,I
2106,plugins,https://cdn.prod.website-files.com/plugins/Basic/assets/placeholder.60f9b1840c.svg,image_src,I
2108,Basic,https://cdn.prod.website-files.com/plugins/Basic/assets/placeholder.60f9b1840c.svg,image_src,I
2110,assets,https://cdn.prod.website-files.com/plugins/Basic/assets/placeholder.60f9b1840c.svg,image_src,I
2112,placeholder,https://cdn.prod.website-files.com/plugins/Basic/assets/placeholder.60f9b1840c.svg,image_src,I
2114,plugins,https://cdn.prod.website-files.com/plugins/Basic/assets/placeholder.60f9b1840c.svg,image_src,I
2116,Basic,https://cdn.prod.website-files.com/plugins/Basic/assets/placeholder.60f9b1840c.svg,image_src,I
2118,assets,https://cdn.prod.website-files.com/plugins/Basic/assets/placeholder.60f9b1840c.svg,image_src,I
2120,placeholder,https://cdn.prod.website-files.com/plugins/Basic/assets/placeholder.60f9b1840c.svg,image_src,I
2122,plugins,https://cdn.prod.website-files.com/plugins/Basic/assets/placeholder.60f9b1840c.svg,image_src,I
2124,Basic,https://cdn.prod.website-files.com/plugins/Basic/assets/placeholder.60f9b1840c.svg,image_src,I
2126,assets,https://cdn.prod.website-files.com/plugins/Basic/assets/placeholder.60f9b1840c.svg,image_src,I
2128,placeholder,https://cdn.prod.website-files.com/plugins/Basic/assets/placeholder.60f9b1840c.svg,image_src,I
2130,plugins,https://cdn.prod.website-files.com/plugins/Basic/assets/placeholder.60f9b1840c.svg,image_src,I
2132,Basic,https://cdn.prod.website-files.com/plugins/Basic/assets/placeholder.60f9b1840c.svg,image_src,I
2134,assets,https://cdn.prod.website-files.com/plugins/Basic/assets/placeholder.60f9b1840c.svg,image_src,I
2136,placeholder,https://cdn.prod.website-files.com/plugins/Basic/assets/placeholder.60f9b1840c.svg,image_src,I
2138,plugins,https://cdn.prod.website-files.com/plugins/Basic/assets/placeholder.60f9b1840c.svg,image_src,I
2140,Basic,https://cdn.prod.website-files.com/plugins/Basic/assets/placeholder.60f9b1840c.svg,image_src,I
2142,assets,https://cdn.prod.website-files.com/plugins/Basic/assets/placeholder.60f9b1840c.svg,image_src,I
2144,placeholder,https://cdn.prod.website-files.com/plugins/Basic/assets/placeholder.60f9b1840c.svg,image_src,I
2146,plugins,https://cdn.prod.website-files.com/plugins/Basic/assets/placeholder.60f9b1840c.svg,image_src,I
2148,Basic,https://cdn.prod.website-files.com/plugins/Basic/assets/placeholder.60f9b1840c.svg,image_src,I
2150,assets,https://cdn.prod.website-files.com/plugins/Basic/assets/placeholder.60f9b1840c.svg,image_src,I
2152,placeholder,https://cdn.prod.website-files.com/plugins/Basic/assets/placeholder.60f9b1840c.svg,image_src,I
2154,plugins,https://cdn.prod.website-files.com/plugins/Basic/assets/placeholder.60f9b1840c.svg,image_src,I
2156,Basic,https://cdn.prod.website-files.com/plugins/Basic/assets/placeholder.60f9b1840c.svg,image_src,I
2158,assets,https://cdn.prod.website-files.com/plugins/Basic/assets/placeholder.60f9b1840c.svg,image_src,I
2160,placeholder,https://cdn.prod.website-files.com/plugins/Basic/assets/placeholder.60f9b1840c.svg,image_src,I
2162,plugins,https://cdn.prod.website-files.com/plugins/Basic/assets/placeholder.60f9b1840c.svg,image_src,I
2164,Basic,https://cdn.prod.website-files.com/plugins/Basic/assets/placeholder.60f9b1840c.svg,image_src,I
2166,assets,https://cdn.prod.website-files.com/plugins/Basic/assets/placeholder.60f9b1840c.svg,image_src,I
2168,placeholder,https://cdn.prod.website-files.com/plugins/Basic/assets/placeholder.60f9b1840c.svg,image_src,I
2170,plugins,https://cdn.prod.website-files.com/plugins/Basic/assets/placeholder.60f9b1840c.svg,image_src,I
2172,Basic,https://cdn.prod.website-files.com/plugins/Basic/assets/placeholder.60f9b1840c.svg,image_src,I
2174,assets,https://cdn.prod.website-files.com/plugins/Basic/assets/placeholder.60f9b1840c.svg,image_src,I
2176,placeholder,https://cdn.prod.website-files.com/plugins/Basic/assets/placeholder.60f9b1840c.svg,image_src,I
2178,plugins,https://cdn.prod.website-files.com/plugins/Basic/assets/placeholder.60f9b1840c.svg,image_src,I
2180,Basic,https://cdn.prod.website-files.com/plugins/Basic/assets/placeholder.60f9b1840c.svg,image_src,I
2182,assets,https://cdn.prod.website-files.com/plugins/Basic/assets/placeholder.60f9b1840c.svg,image_src,I
2184,placeholder,https://cdn.prod.website-files.com/plugins/Basic/assets/placeholder.60f9b1840c.svg,image_src,I
2186,plugins,https://cdn.prod.website-files.com/plugins/Basic/assets/placeholder.60f9b1840c.svg,image_src,I
2188,Basic,https://cdn.prod.website-files.com/plugins/Basic/assets/placeholder.60f9b1840c.svg,image_src,I
2190,assets,https://cdn.prod.website-files.com/plugins/Basic/assets/placeholder.60f9b1840c.svg,image_src,I
2192,placeholder,https://cdn.prod.website-files.com/plugins/Basic/assets/placeholder.60f9b1840c.svg,image_src,I
2194,plugins,https://cdn.prod.website-files.com/plugins/Basic/assets/placeholder.60f9b1840c.svg,image_src,I
2196,Basic,https://cdn.prod.website-files.com/plugins/Basic/assets/placeholder.60f9b1840c.svg,image_src,I
2198,assets,https://cdn.prod.website-files.com/plugins/Basic/assets/placeholder.60f9b1840c.svg,image_src,I
2200,placeholder,https://cdn.prod.website-files.com/plugins/Basic/assets/placeholder.60f9b1840c.svg,image_src,I
2202,65e517300caabe7e988fa435,https://cdn.prod.website-files.com/65e517300caabe7e988fa435/664ea24bee51b567994e67d6_Quadrant-Investment_Companies-Logo_Tasman%20Building%20Products.png,image_src,I
2204,664ea24bee51b567994e67d6 Quadrant Investment Companies Logo Tasman%20Building%20Products,https://cdn.prod.website-files.com/65e517300caabe7e988fa435/664ea24bee51b567994e67d6_Quadrant-Investment_Companies-Logo_Tasman%20Building%20Products.png,image_src,I
2206,65e517300caabe7e988fa435,https://cdn.prod.website-files.com/65e517300caabe7e988fa435/664ea210b988eefb01f6c355_Quadrant-Investment_Companies-Logo_Peoplebank.png,image_src,I
2208,664ea210b988eefb01f6c355 Quadrant Investment Companies Logo Peoplebank,https://cdn.prod.website-files.com/65e517300caabe7e988fa435/664ea210b988eefb01f6c355_Quadrant-Investment_Companies-Logo_Peoplebank.png,image_src,I
2210,65e517300caabe7e988fa435,https://cdn.prod.website-files.com/65e517300caabe7e988fa435/664ea1ffea8e99046d755deb_Quadrant-Investment_Companies-Logo_Penrice.png,image_src,I
2212,664ea1ffea8e99046d755deb Quadrant Investment Companies Logo Penrice,https://cdn.prod.website-files.com/65e517300caabe7e988fa435/664ea1ffea8e99046d755deb_Quadrant-Investment_Companies-Logo_Penrice.png,image_src,I
2214,65e517300caabe7e988fa435,https://cdn.prod.website-files.com/65e517300caabe7e988fa435/664e9469d1a39caa50a56ba8_Quadrant-Investment_Companies-Logo_Choice%20Aggregation%20Services.png,image_src,I
2216,664e9469d1a39caa50a56ba8 Quadrant Investment Companies Logo Choice%20Aggregation%20Services,https://cdn.prod.website-files.com/65e517300caabe7e988fa435/664e9469d1a39caa50a56ba8_Quadrant-Investment_Companies-Logo_Choice%20Aggregation%20Services.png,image_src,I
2218,65e517300caabe7e988fa435,https://cdn.prod.website-files.com/65e517300caabe7e988fa435/664e9449785ce7099668ba16_Quadrant-Investment_Companies-Logo_Australian%20Airports.png,image_src,I
2220,664e9449785ce7099668ba16 Quadrant Investment Companies Logo Australian%20Airports,https://cdn.prod.website-files.com/65e517300caabe7e988fa435/664e9449785ce7099668ba16_Quadrant-Investment_Companies-Logo_Australian%20Airports.png,image_src,I
2222,65e517300caabe7e988fa435,https://cdn.prod.website-files.com/65e517300caabe7e988fa435/664e941fee51b5679943b06e_Quadrant-Investment_Companies-Logo_Atlas%20Steels.png,image_src,I
2224,664e941fee51b5679943b06e Quadrant Investment Companies Logo Atlas%20Steels,https://cdn.prod.website-files.com/65e517300caabe7e988fa435/664e941fee51b5679943b06e_Quadrant-Investment_Companies-Logo_Atlas%20Steels.png,image_src,I
2226,plugins,https://cdn.prod.website-files.com/plugins/Basic/assets/placeholder.60f9b1840c.svg,image_src,I
2228,Basic,https://cdn.prod.website-files.com/plugins/Basic/assets/placeholder.60f9b1840c.svg,image_src,I
2230,assets,https://cdn.prod.website-files.com/plugins/Basic/assets/placeholder.60f9b1840c.svg,image_src,I
2232,placeholder,https://cdn.prod.website-files.com/plugins/Basic/assets/placeholder.60f9b1840c.svg,image_src,I
2234,plugins,https://cdn.prod.website-files.com/plugins/Basic/assets/placeholder.60f9b1840c.svg,image_src,I
2236,Basic,https://cdn.prod.website-files.com/plugins/Basic/assets/placeholder.60f9b1840c.svg,image_src,I
2238,assets,https://cdn.prod.website-files.com/plugins/Basic/assets/placeholder.60f9b1840c.svg,image_src,I
2240,placeholder,https://cdn.prod.website-files.com/plugins/Basic/assets/placeholder.60f9b1840c.svg,image_src,I
2242,plugins,https://cdn.prod.website-files.com/plugins/Basic/assets/placeholder.60f9b1840c.svg,image_src,I
2244,Basic,https://cdn.prod.website-files.com/plugins/Basic/assets/placeholder.60f9b1840c.svg,image_src,I
2246,assets,https://cdn.prod.website-files.com/plugins/Basic/assets/placeholder.60f9b1840c.svg,image_src,I
2248,placeholder,https://cdn.prod.website-files.com/plugins/Basic/assets/placeholder.60f9b1840c.svg,image_src,I
2250,plugins,https://cdn.prod.website-files.com/plugins/Basic/assets/placeholder.60f9b1840c.svg,image_src,I
2252,Basic,https://cdn.prod.website-files.com/plugins/Basic/assets/placeholder.60f9b1840c.svg,image_src,I
2254,assets,https://cdn.prod.website-files.com/plugins/Basic/assets/placeholder.60f9b1840c.svg,image_src,I
2256,placeholder,https://cdn.prod.website-files.com/plugins/Basic/assets/placeholder.60f9b1840c.svg,image_src,I
2258,plugins,https://cdn.prod.website-files.com/plugins/Basic/assets/placeholder.60f9b1840c.svg,image_src,I
2260,Basic,https://cdn.prod.website-files.com/plugins/Basic/assets/placeholder.60f9b1840c.svg,image_src,I
2262,assets,https://cdn.prod.website-files.com/plugins/Basic/assets/placeholder.60f9b1840c.svg,image_src,I
2264,placeholder,https://cdn.prod.website-files.com/plugins/Basic/assets/placeholder.60f9b1840c.svg,image_src,I
2266,plugins,https://cdn.prod.website-files.com/plugins/Basic/assets/placeholder.60f9b1840c.svg,image_src,I
2268,Basic,https://cdn.prod.website-files.com/plugins/Basic/assets/placeholder.60f9b1840c.svg,image_src,I
2270,assets,https://cdn.prod.website-files.com/plugins/Basic/assets/placeholder.60f9b1840c.svg,image_src,I
2272,placeholder,https://cdn.prod.website-files.com/plugins/Basic/assets/placeholder.60f9b1840c.svg,image_src,I
2274,plugins,https://cdn.prod.website-files.com/plugins/Basic/assets/placeholder.60f9b1840c.svg,image_src,I
2276,Basic,https://cdn.prod.website-files.com/plugins/Basic/assets/placeholder.60f9b1840c.svg,image_src,I
2278,assets,https://cdn.prod.website-files.com/plugins/Basic/assets/placeholder.60f9b1840c.svg,image_src,I
2280,placeholder,https://cdn.prod.website-files.com/plugins/Basic/assets/placeholder.60f9b1840c.svg,image_src,I
2282,plugins,https://cdn.prod.website-files.com/plugins/Basic/assets/placeholder.60f9b1840c.svg,image_src,I
2284,Basic,https://cdn.prod.website-files.com/plugins/Basic/assets/placeholder.60f9b1840c.svg,image_src,I
2286,assets,https://cdn.prod.website-files.com/plugins/Basic/assets/placeholder.60f9b1840c.svg,image_src,I
2288,placeholder,https://cdn.prod.website-files.com/plugins/Basic/assets/placeholder.60f9b1840c.svg,image_src,I
2290,plugins,https://cdn.prod.website-files.com/plugins/Basic/assets/placeholder.60f9b1840c.svg,image_src,I
2292,Basic,https://cdn.prod.website-files.com/plugins/Basic/assets/placeholder.60f9b1840c.svg,image_src,I
2294,assets,https://cdn.prod.website-files.com/plugins/Basic/assets/placeholder.60f9b1840c.svg,image_src,I
2296,placeholder,https://cdn.prod.website-files.com/plugins/Basic/assets/placeholder.60f9b1840c.svg,image_src,I
2298,plugins,https://cdn.prod.website-files.com/plugins/Basic/assets/placeholder.60f9b1840c.svg,image_src,I
2300,Basic,https://cdn.prod.website-files.com/plugins/Basic/assets/placeholder.60f9b1840c.svg,image_src,I
2302,assets,https://cdn.prod.website-files.com/plugins/Basic/assets/placeholder.60f9b1840c.svg,image_src,I
2304,placeholder,https://cdn.prod.website-files.com/plugins/Basic/assets/placeholder.60f9b1840c.svg,image_src,I
2306,plugins,https://cdn.prod.website-files.com/plugins/Basic/assets/placeholder.60f9b1840c.svg,image_src,I
2308,Basic,https://cdn.prod.website-files.com/plugins/Basic/assets/placeholder.60f9b1840c.svg,image_src,I
2310,assets,https://cdn.prod.website-files.com/plugins/Basic/assets/placeholder.60f9b1840c.svg,image_src,I
2312,placeholder,https://cdn.prod.website-files.com/plugins/Basic/assets/placeholder.60f9b1840c.svg,image_src,I
2314,plugins,https://cdn.prod.website-files.com/plugins/Basic/assets/placeholder.60f9b1840c.svg,image_src,I
2316,Basic,https://cdn.prod.website-files.com/plugins/Basic/assets/placeholder.60f9b1840c.svg,image_src,I
2318,assets,https://cdn.prod.website-files.com/plugins/Basic/assets/placeholder.60f9b1840c.svg,image_src,I
2320,placeholder,https://cdn.prod.website-files.com/plugins/Basic/assets/placeholder.60f9b1840c.svg,image_src,I
2322,plugins,https://cdn.prod.website-files.com/plugins/Basic/assets/placeholder.60f9b1840c.svg,image_src,I
2324,Basic,https://cdn.prod.website-files.com/plugins/Basic/assets/placeholder.60f9b1840c.svg,image_src,I
2326,assets,https://cdn.prod.website-files.com/plugins/Basic/assets/placeholder.60f9b1840c.svg,image_src,I
2328,placeholder,https://cdn.prod.website-files.com/plugins/Basic/assets/placeholder.60f9b1840c.svg,image_src,I
2330,plugins,https://cdn.prod.website-files.com/plugins/Basic/assets/placeholder.60f9b1840c.svg,image_src,I
2332,Basic,https://cdn.prod.website-files.com/plugins/Basic/assets/placeholder.60f9b1840c.svg,image_src,I
2334,assets,https://cdn.prod.website-files.com/plugins/Basic/assets/placeholder.60f9b1840c.svg,image_src,I
2336,placeholder,https://cdn.prod.website-files.com/plugins/Basic/assets/placeholder.60f9b1840c.svg,image_src,I
2338,plugins,https://cdn.prod.website-files.com/plugins/Basic/assets/placeholder.60f9b1840c.svg,image_src,I
2340,Basic,https://cdn.prod.website-files.com/plugins/Basic/assets/placeholder.60f9b1840c.svg,image_src,I
2342,assets,https://cdn.prod.website-files.com/plugins/Basic/assets/placeholder.60f9b1840c.svg,image_src,I
2344,placeholder,https://cdn.prod.website-files.com/plugins/Basic/assets/placeholder.60f9b1840c.svg,image_src,I
2346,plugins,https://cdn.prod.website-files.com/plugins/Basic/assets/placeholder.60f9b1840c.svg,image_src,I
2348,Basic,https://cdn.prod.website-files.com/plugins/Basic/assets/placeholder.60f9b1840c.svg,image_src,I
2350,assets,https://cdn.prod.website-files.com/plugins/Basic/assets/placeholder.60f9b1840c.svg,image_src,I
2352,placeholder,https://cdn.prod.website-files.com/plugins/Basic/assets/placeholder.60f9b1840c.svg,image_src,I
2354,plugins,https://cdn.prod.website-files.com/plugins/Basic/assets/placeholder.60f9b1840c.svg,image_src,I
2356,Basic,https://cdn.prod.website-files.com/plugins/Basic/assets/placeholder.60f9b1840c.svg,image_src,I
2358,assets,https://cdn.prod.website-files.com/plugins/Basic/assets/placeholder.60f9b1840c.svg,image_src,I
2360,placeholder,https://cdn.prod.website-files.com/plugins/Basic/assets/placeholder.60f9b1840c.svg,image_src,I
2362,plugins,https://cdn.prod.website-files.com/plugins/Basic/assets/placeholder.60f9b1840c.svg,image_src,I
2364,Basic,https://cdn.prod.website-files.com/plugins/Basic/assets/placeholder.60f9b1840c.svg,image_src,I
2366,assets,https://cdn.prod.website-files.com/plugins/Basic/assets/placeholder.60f9b1840c.svg,image_src,I
2368,placeholder,https://cdn.prod.website-files.com/plugins/Basic/assets/placeholder.60f9b1840c.svg,image_src,I
2370,65e517300caabe7e988fa435,https://cdn.prod.website-files.com/65e517300caabe7e988fa435/664ea25fb3727710ddbf95c3_Quadrant-Investment_Companies-Logo_UndercoverWear.png,image_src,I
2372,664ea25fb3727710ddbf95c3 Quadrant Investment Companies Logo UndercoverWear,https://cdn.prod.website-files.com/65e517300caabe7e988fa435/664ea25fb3727710ddbf95c3_Quadrant-Investment_Companies-Logo_UndercoverWear.png,image_src,I
2374,65e517300caabe7e988fa435,https://cdn.prod.website-files.com/65e517300caabe7e988fa435/664ea24bee51b567994e67d6_Quadrant-Investment_Companies-Logo_Tasman%20Building%20Products.png,image_src,I
2376,664ea24bee51b567994e67d6 Quadrant Investment Companies Logo Tasman%20Building%20Products,https://cdn.prod.website-files.com/65e517300caabe7e988fa435/664ea24bee51b567994e67d6_Quadrant-Investment_Companies-Logo_Tasman%20Building%20Products.png,image_src,I
2378,65e517300caabe7e988fa435,https://cdn.prod.website-files.com/65e517300caabe7e988fa435/664ea226d36a8d69d66f093b_Quadrant-Investment_Companies-Logo_Pumpkin%20Patch.png,image_src,I
2380,664ea226d36a8d69d66f093b Quadrant Investment Companies Logo Pumpkin%20Patch,https://cdn.prod.website-files.com/65e517300caabe7e988fa435/664ea226d36a8d69d66f093b_Quadrant-Investment_Companies-Logo_Pumpkin%20Patch.png,image_src,I
2382,65e517300caabe7e988fa435,https://cdn.prod.website-files.com/65e517300caabe7e988fa435/664ea1cbea8e99046d75445f_Quadrant-Investment_Companies-Logo_One%20Rail%20Australia.png,image_src,I
2384,664ea1cbea8e99046d75445f Quadrant Investment Companies Logo One%20Rail%20Australia,https://cdn.prod.website-files.com/65e517300caabe7e988fa435/664ea1cbea8e99046d75445f_Quadrant-Investment_Companies-Logo_One%20Rail%20Australia.png,image_src,I
2386,65e517300caabe7e988fa435,https://cdn.prod.website-files.com/65e517300caabe7e988fa435/664e94e4c90345d1e2cfcae5_Quadrant-Investment_Companies-Logo_Fletcher%20Building.png,image_src,I
2388,664e94e4c90345d1e2cfcae5 Quadrant Investment Companies Logo Fletcher%20Building,https://cdn.prod.website-files.com/65e517300caabe7e988fa435/664e94e4c90345d1e2cfcae5_Quadrant-Investment_Companies-Logo_Fletcher%20Building.png,image_src,I
2390,plugins,https://cdn.prod.website-files.com/plugins/Basic/assets/placeholder.60f9b1840c.svg,image_src,I
2392,Basic,https://cdn.prod.website-files.com/plugins/Basic/assets/placeholder.60f9b1840c.svg,image_src,I
2394,assets,https://cdn.prod.website-files.com/plugins/Basic/assets/placeholder.60f9b1840c.svg,image_src,I
2396,placeholder,https://cdn.prod.website-files.com/plugins/Basic/assets/placeholder.60f9b1840c.svg,image_src,I
2398,plugins,https://cdn.prod.website-files.com/plugins/Basic/assets/placeholder.60f9b1840c.svg,image_src,I
2400,Basic,https://cdn.prod.website-files.com/plugins/Basic/assets/placeholder.60f9b1840c.svg,image_src,I
2402,assets,https://cdn.prod.website-files.com/plugins/Basic/assets/placeholder.60f9b1840c.svg,image_src,I
2404,placeholder,https://cdn.prod.website-files.com/plugins/Basic/assets/placeholder.60f9b1840c.svg,image_src,I
2406,plugins,https://cdn.prod.website-files.com/plugins/Basic/assets/placeholder.60f9b1840c.svg,image_src,I
2408,Basic,https://cdn.prod.website-files.com/plugins/Basic/assets/placeholder.60f9b1840c.svg,image_src,I
2410,assets,https://cdn.prod.website-files.com/plugins/Basic/assets/placeholder.60f9b1840c.svg,image_src,I
2412,placeholder,https://cdn.prod.website-files.com/plugins/Basic/assets/placeholder.60f9b1840c.svg,image_src,I
2414,plugins,https://cdn.prod.website-files.com/plugins/Basic/assets/placeholder.60f9b1840c.svg,image_src,I
2416,Basic,https://cdn.prod.website-files.com/plugins/Basic/assets/placeholder.60f9b1840c.svg,image_src,I
2418,assets,https://cdn.prod.website-files.com/plugins/Basic/assets/placeholder.60f9b1840c.svg,image_src,I
2420,placeholder,https://cdn.prod.website-files.com/plugins/Basic/assets/placeholder.60f9b1840c.svg,image_src,I
2422,plugins,https://cdn.prod.website-files.com/plugins/Basic/assets/placeholder.60f9b1840c.svg,image_src,I
2424,Basic,https://cdn.prod.website-files.com/plugins/Basic/assets/placeholder.60f9b1840c.svg,image_src,I
2426,assets,https://cdn.prod.website-files.com/plugins/Basic/assets/placeholder.60f9b1840c.svg,image_src,I
2428,placeholder,https://cdn.prod.website-files.com/plugins/Basic/assets/placeholder.60f9b1840c.svg,image_src,I
2430,plugins,https://cdn.prod.website-files.com/plugins/Basic/assets/placeholder.60f9b1840c.svg,image_src,I
2432,Basic,https://cdn.prod.website-files.com/plugins/Basic/assets/placeholder.60f9b1840c.svg,image_src,I
2434,assets,https://cdn.prod.website-files.com/plugins/Basic/assets/placeholder.60f9b1840c.svg,image_src,I
2436,placeholder,https://cdn.prod.website-files.com/plugins/Basic/assets/placeholder.60f9b1840c.svg,image_src,I
2438,plugins,https://cdn.prod.website-files.com/plugins/Basic/assets/placeholder.60f9b1840c.svg,image_src,I
2440,Basic,https://cdn.prod.website-files.com/plugins/Basic/assets/placeholder.60f9b1840c.svg,image_src,I
2442,assets,https://cdn.prod.website-files.com/plugins/Basic/assets/placeholder.60f9b1840c.svg,image_src,I
2444,placeholder,https://cdn.prod.website-files.com/plugins/Basic/assets/placeholder.60f9b1840c.svg,image_src,I
2446,plugins,https://cdn.prod.website-files.com/plugins/Basic/assets/placeholder.60f9b1840c.svg,image_src,I
2448,Basic,https://cdn.prod.website-files.com/plugins/Basic/assets/placeholder.60f9b1840c.svg,image_src,I
2450,assets,https://cdn.prod.website-files.com/plugins/Basic/assets/placeholder.60f9b1840c.svg,image_src,I
2452,placeholder,https://cdn.prod.website-files.com/plugins/Basic/assets/placeholder.60f9b1840c.svg,image_src,I
2454,plugins,https://cdn.prod.website-files.com/plugins/Basic/assets/placeholder.60f9b1840c.svg,image_src,I
2456,Basic,https://cdn.prod.website-files.com/plugins/Basic/assets/placeholder.60f9b1840c.svg,image_src,I
2458,assets,https://cdn.prod.website-files.com/plugins/Basic/assets/placeholder.60f9b1840c.svg,image_src,I
2460,placeholder,https://cdn.prod.website-files.com/plugins/Basic/assets/placeholder.60f9b1840c.svg,image_src,I
2462,plugins,https://cdn.prod.website-files.com/plugins/Basic/assets/placeholder.60f9b1840c.svg,image_src,I
2464,Basic,https://cdn.prod.website-files.com/plugins/Basic/assets/placeholder.60f9b1840c.svg,image_src,I
2466,assets,https://cdn.prod.website-files.com/plugins/Basic/assets/placeholder.60f9b1840c.svg,image_src,I
2468,placeholder,https://cdn.prod.website-files.com/plugins/Basic/assets/placeholder.60f9b1840c.svg,image_src,I
2470,plugins,https://cdn.prod.website-files.com/plugins/Basic/assets/placeholder.60f9b1840c.svg,image_src,I
2472,Basic,https://cdn.prod.website-files.com/plugins/Basic/assets/placeholder.60f9b1840c.svg,image_src,I
2474,assets,https://cdn.prod.website-files.com/plugins/Basic/assets/placeholder.60f9b1840c.svg,image_src,I
2476,placeholder,https://cdn.prod.website-files.com/plugins/Basic/assets/placeholder.60f9b1840c.svg,image_src,I
2478,plugins,https://cdn.prod.website-files.com/plugins/Basic/assets/placeholder.60f9b1840c.svg,image_src,I
2480,Basic,https://cdn.prod.website-files.com/plugins/Basic/assets/placeholder.60f9b1840c.svg,image_src,I
2482,assets,https://cdn.prod.website-files.com/plugins/Basic/assets/placeholder.60f9b1840c.svg,image_src,I
2484,placeholder,https://cdn.prod.website-files.com/plugins/Basic/assets/placeholder.60f9b1840c.svg,image_src,I
2486,plugins,https://cdn.prod.website-files.com/plugins/Basic/assets/placeholder.60f9b1840c.svg,image_src,I
2488,Basic,https://cdn.prod.website-files.com/plugins/Basic/assets/placeholder.60f9b1840c.svg,image_src,I
2490,assets,https://cdn.prod.website-files.com/plugins/Basic/assets/placeholder.60f9b1840c.svg,image_src,I
2492,placeholder,https://cdn.prod.website-files.com/plugins/Basic/assets/placeholder.60f9b1840c.svg,image_src,I
2494,plugins,https://cdn.prod.website-files.com/plugins/Basic/assets/placeholder.60f9b1840c.svg,image_src,I
2496,Basic,https://cdn.prod.website-files.com/plugins/Basic/assets/placeholder.60f9b1840c.svg,image_src,I
2498,assets,https://cdn.prod.website-files.com/plugins/Basic/assets/placeholder.60f9b1840c.svg,image_src,I
2500,placeholder,https://cdn.prod.website-files.com/plugins/Basic/assets/placeholder.60f9b1840c.svg,image_src,I
2502,plugins,https://cdn.prod.website-files.com/plugins/Basic/assets/placeholder.60f9b1840c.svg,image_src,I
2504,Basic,https://cdn.prod.website-files.com/plugins/Basic/assets/placeholder.60f9b1840c.svg,image_src,I
2506,assets,https://cdn.prod.website-files.com/plugins/Basic/assets/placeholder.60f9b1840c.svg,image_src,I
2508,placeholder,https://cdn.prod.website-files.com/plugins/Basic/assets/placeholder.60f9b1840c.svg,image_src,I
2510,plugins,https://cdn.prod.website-files.com/plugins/Basic/assets/placeholder.60f9b1840c.svg,image_src,I
2512,Basic,https://cdn.prod.website-files.com/plugins/Basic/assets/placeholder.60f9b1840c.svg,image_src,I
2514,assets,https://cdn.prod.website-files.com/plugins/Basic/assets/placeholder.60f9b1840c.svg,image_src,I
2516,placeholder,https://cdn.prod.website-files.com/plugins/Basic/assets/placeholder.60f9b1840c.svg,image_src,I
2518,plugins,https://cdn.prod.website-files.com/plugins/Basic/assets/placeholder.60f9b1840c.svg,image_src,I
2520,Basic,https://cdn.prod.website-files.com/plugins/Basic/assets/placeholder.60f9b1840c.svg,image_src,I
2522,assets,https://cdn.prod.website-files.com/plugins/Basic/assets/placeholder.60f9b1840c.svg,image_src,I
2524,placeholder,https://cdn.prod.website-files.com/plugins/Basic/assets/placeholder.60f9b1840c.svg,image_src,I
2526,plugins,https://cdn.prod.website-files.com/plugins/Basic/assets/placeholder.60f9b1840c.svg,image_src,I
2528,Basic,https://cdn.prod.website-files.com/plugins/Basic/assets/placeholder.60f9b1840c.svg,image_src,I
2530,assets,https://cdn.prod.website-files.com/plugins/Basic/assets/placeholder.60f9b1840c.svg,image_src,I
2532,placeholder,https://cdn.prod.website-files.com/plugins/Basic/assets/placeholder.60f9b1840c.svg,image_src,I
2534,plugins,https://cdn.prod.website-files.com/plugins/Basic/assets/placeholder.60f9b1840c.svg,image_src,I
2536,Basic,https://cdn.prod.website-files.com/plugins/Basic/assets/placeholder.60f9b1840c.svg,image_src,I
2538,assets,https://cdn.prod.website-files.com/plugins/Basic/assets/placeholder.60f9b1840c.svg,image_src,I
2540,placeholder,https://cdn.prod.website-files.com/plugins/Basic/assets/placeholder.60f9b1840c.svg,image_src,I
2542,65e517300caabe7e988fa435,https://cdn.prod.website-files.com/65e517300caabe7e988fa435/664ea26d45a60c9b3a27a55d_Quadrant-Investment_Companies-Logo-r2v1_unitec.png,image_src,I
2544,664ea26d45a60c9b3a27a55d Quadrant Investment Companies Logo r2v1 unitec,https://cdn.prod.website-files.com/65e517300caabe7e988fa435/664ea26d45a60c9b3a27a55d_Quadrant-Investment_Companies-Logo-r2v1_unitec.png,image_src,I
2546,65e517300caabe7e988fa435,https://cdn.prod.website-files.com/65e517300caabe7e988fa435/664ea24bee51b567994e67d6_Quadrant-Investment_Companies-Logo_Tasman%20Building%20Products.png,image_src,I
2548,664ea24bee51b567994e67d6 Quadrant Investment Companies Logo Tasman%20Building%20Products,https://cdn.prod.website-files.com/65e517300caabe7e988fa435/664ea24bee51b567994e67d6_Quadrant-Investment_Companies-Logo_Tasman%20Building%20Products.png,image_src,I
2550,65e517300caabe7e988fa435,https://cdn.prod.website-files.com/65e517300caabe7e988fa435/664ea23a24df3195ccc5733e_Quadrant-Investment_Companies-Logo_Sovereign.png,image_src,I
2552,664ea23a24df3195ccc5733e Quadrant Investment Companies Logo Sovereign,https://cdn.prod.website-files.com/65e517300caabe7e988fa435/664ea23a24df3195ccc5733e_Quadrant-Investment_Companies-Logo_Sovereign.png,image_src,I
2554,65e517300caabe7e988fa435,https://cdn.prod.website-files.com/65e517300caabe7e988fa435/664ea1eded67ba2b90da418a_Quadrant-Investment_Companies-Logo_pacific_concepts.png,image_src,I
2556,664ea1eded67ba2b90da418a Quadrant Investment Companies Logo pacific concepts,https://cdn.prod.website-files.com/65e517300caabe7e988fa435/664ea1eded67ba2b90da418a_Quadrant-Investment_Companies-Logo_pacific_concepts.png,image_src,I
2558,65e517300caabe7e988fa435,https://cdn.prod.website-files.com/65e517300caabe7e988fa435/664ea1da8f557c42e278bf05_Quadrant-Investment_Companies-Logo_Overall%20Forge.png,image_src,I
2560,664ea1da8f557c42e278bf05 Quadrant Investment Companies Logo Overall%20Forge,https://cdn.prod.website-files.com/65e517300caabe7e988fa435/664ea1da8f557c42e278bf05_Quadrant-Investment_Companies-Logo_Overall%20Forge.png,image_src,I
2562,65e517300caabe7e988fa435,https://cdn.prod.website-files.com/65e517300caabe7e988fa435/664e947a8f557c42e26fca2e_Quadrant-Investment_Companies-Logo_Claypave.png,image_src,I
2564,664e947a8f557c42e26fca2e Quadrant Investment Companies Logo Claypave,https://cdn.prod.website-files.com/65e517300caabe7e988fa435/664e947a8f557c42e26fca2e_Quadrant-Investment_Companies-Logo_Claypave.png,image_src,I
2566,65e517300caabe7e988fa435,https://cdn.prod.website-files.com/65e517300caabe7e988fa435/664e945716fd3da12d1a9029_Quadrant-Investment_Companies-Logo_Bells%20Pure%20Ice.png,image_src,I
2568,664e945716fd3da12d1a9029 Quadrant Investment Companies Logo Bells%20Pure%20Ice,https://cdn.prod.website-files.com/65e517300caabe7e988fa435/664e945716fd3da12d1a9029_Quadrant-Investment_Companies-Logo_Bells%20Pure%20Ice.png,image_src,I
2570,65e517300caabe7e988fa435,https://cdn.prod.website-files.com/65e517300caabe7e988fa435/664e9436062d87962eda148f_Quadrant-Investment_Companies-Logo_austral_plywood.png,image_src,I
2572,664e9436062d87962eda148f Quadrant Investment Companies Logo austral plywood,https://cdn.prod.website-files.com/65e517300caabe7e988fa435/664e9436062d87962eda148f_Quadrant-Investment_Companies-Logo_austral_plywood.png,image_src,I
2574,65e517300caabe7e988fa435,https://cdn.prod.website-files.com/65e517300caabe7e988fa435/664e940ef43a8a93cf252188_Quadrant-Investment_Companies-Logo_Agenix.png,image_src,I
2576,664e940ef43a8a93cf252188 Quadrant Investment Companies Logo Agenix,https://cdn.prod.website-files.com/65e517300caabe7e988fa435/664e940ef43a8a93cf252188_Quadrant-Investment_Companies-Logo_Agenix.png,image_src,I
2578,plugins,https://cdn.prod.website-files.com/plugins/Basic/assets/placeholder.60f9b1840c.svg,image_src,I
2580,Basic,https://cdn.prod.website-files.com/plugins/Basic/assets/placeholder.60f9b1840c.svg,image_src,I
2582,assets,https://cdn.prod.website-files.com/plugins/Basic/assets/placeholder.60f9b1840c.svg,image_src,I
2584,placeholder,https://cdn.prod.website-files.com/plugins/Basic/assets/placeholder.60f9b1840c.svg,image_src,I
2586,plugins,https://cdn.prod.website-files.com/plugins/Basic/assets/placeholder.60f9b1840c.svg,image_src,I
2588,Basic,https://cdn.prod.website-files.com/plugins/Basic/assets/placeholder.60f9b1840c.svg,image_src,I
2590,assets,https://cdn.prod.website-files.com/plugins/Basic/assets/placeholder.60f9b1840c.svg,image_src,I
2592,placeholder,https://cdn.prod.website-files.com/plugins/Basic/assets/placeholder.60f9b1840c.svg,image_src,I
2594,plugins,https://cdn.prod.website-files.com/plugins/Basic/assets/placeholder.60f9b1840c.svg,image_src,I
2596,Basic,https://cdn.prod.website-files.com/plugins/Basic/assets/placeholder.60f9b1840c.svg,image_src,I
2598,assets,https://cdn.prod.website-files.com/plugins/Basic/assets/placeholder.60f9b1840c.svg,image_src,I
2600,placeholder,https://cdn.prod.website-files.com/plugins/Basic/assets/placeholder.60f9b1840c.svg,image_src,I
