card_id,text,raw_text,type,rank
0,Business Owners,Business Owners,a_inner_text,A
0,business owners,/business-owners/,href,C
1,Operating Strength,Operating Strength,a_inner_text,A
1,operating strength,/business-owners/operating-strength/,href,C
2,Select Growth Stories,Select Growth Stories,a_inner_text,A
2,select growth stories,/select-growth-stories/,href,C
3,Global Expansion,Global Expansion,a_inner_text,A
3,global expansion,/business-owners/global-expansion/,href,C
4,Sourcing Add-ons,Sourcing Add-ons,a_inner_text,A
4,sourcing add ons,/business-owners/sourcing-add-ons/,href,C
5,Riverside University,Riverside University,a_inner_text,A
5,riverside university,/business-owners/riverside-university/,href,C
6,Intermediaries,Intermediaries,a_inner_text,A
6,intermediaries,/intermediaries/,href,C
7,Investment Criteria,Investment Criteria,a_inner_text,A
7,investment criteria,/intermediaries/investment-criteria/,href,C
8,Add-on Criteria,Add-on Criteria,a_inner_text,A
8,investment portfolio,/investment-portfolio/?status=Add-on Criteria,href,C
9,Industries,Industries,a_inner_text,A
9,industries,/industries/,href,C
10,Business Services,Business Services,a_inner_text,A
10,business services,/industries/business-services/,href,C
11,Consumer,Consumer,a_inner_text,A
11,consumer,/industries/consumer/,href,C
12,Education & Training,Education & Training,a_inner_text,A
12,education training,/industries/education-training/,href,C
13,Franchisors,Franchisors,a_inner_text,A
13,franchisors,/industries/franchisors/,href,C
14,Healthcare,Healthcare,a_inner_text,A
14,healthcare,/industries/healthcare/,href,C
15,Software & IT,Software & IT,a_inner_text,A
15,software it,/industries/software-it/,href,C
16,Specialty Manufacturing,Specialty Manufacturing,a_inner_text,A
16,specialty manufacturing,/industries/specialty-manufacturing/,href,C
17,Thematic Investing,Thematic Investing,a_inner_text,A
17,thematic investing,/industries/thematic-investing/,href,C
18,Who We Are,Who We Are,a_inner_text,A
18,who we are,/who-we-are/,href,C
19,Team,Team,a_inner_text,A
19,team,/team/,href,C
20,History,History,a_inner_text,A
20,history,/who-we-are/history/,href,C
21,Locations,Locations,a_inner_text,A
21,locations,/locations/,href,C
22,Culture,Culture,a_inner_text,A
22,culture,/who-we-are/culture/,href,C
23,Responsible Investing,Responsible Investing,a_inner_text,A
23,responsible investing,/who-we-are/responsible-investing/,href,C
24,Careers,Careers,a_inner_text,A
24,careers,/who-we-are/careers/,href,C
25,Diversity & Inclusion,Diversity & Inclusion,a_inner_text,A
25,diversity and inclusion,/who-we-are/diversity-and-inclusion/,href,C
26,Portfolio,Portfolio,a_inner_text,A
26,investment portfolio,/investment-portfolio/,href,C
27,Private Equity,Private Equity,a_inner_text,A
27,private equity,/private-equity/,href,C
28,Flexible Capital,Flexible Capital,a_inner_text,A
28,flexible capital,/flexible-capital/,href,C
29,Currents,Currents,a_inner_text,A
29,currents,/currents/,href,C
30,News Releases,News Releases,a_inner_text,A
30,currents,/currents/?category=News+Release,href,C
31,Spotlight Videos,Spotlight Videos,a_inner_text,A
31,currents,/currents/?category=Spotlight+Videos,href,C
32,Portfolio Login,Portfolio Login,a_inner_text,A
32,signin,https://portcoportal.riversidecompany.com/signin.aspx,href,C
33,Investor Login,Investor Login,a_inner_text,A
33,riversidecompany,https://riversidecompany.seiinvestorportal.com,href,D
34,LUX Investor Login,LUX Investor Login,a_inner_text,A
34,login,https://riversidelux.seiinvestorportal.com/coreauth/login,href,C
35,Linked In,Linked In,a_inner_text,A
35,the riverside company,https://www.linkedin.com/company/the-riverside-company/,href,B
36,Instagram,Instagram,a_inner_text,A
36,the riverside company,https://www.instagram.com/the_riverside_company/,href,C
37,Contact Us,Contact Us,a_inner_text,A
37,contact us,/contact-us/,href,C
38,Contact Us,Contact Us,a_inner_text,A
38,contact us,/contact-us/?inquiryType=Add-on Criteria Password,href,C
40,Home,Home,a_inner_text,A
40,riversidecompany,https://www.riversidecompany.com/,href,D
41,Grid,Grid,a_inner_text,A
41,,?view=grid,href,D
42,List,List,a_inner_text,A
42,,?view=list,href,D
43,Map,Map,a_inner_text,A
43,,?view=map,href,D
44,Clear Filters,Clear Filters,a_inner_text,A
44,,?view=,href,D
45,View Profile,View Profile,a_inner_text,A
45,a forall,/investment-portfolio/a-forall/,href,A
46,View Profile,View Profile,a_inner_text,A
46,abracon,/investment-portfolio/abracon/,href,A
47,View Profile,View Profile,a_inner_text,A
47,act test panels,/investment-portfolio/act-test-panels/,href,A
48,View Profile,View Profile,a_inner_text,A
48,actineo,/investment-portfolio/actineo/,href,A
49,View Profile,View Profile,a_inner_text,A
49,activstyle,/investment-portfolio/activstyle/,href,A
50,View Profile,View Profile,a_inner_text,A
50,adherehealth,/investment-portfolio/adherehealth/,href,A
51,View Profile,View Profile,a_inner_text,A
51,aerco,/investment-portfolio/aerco/,href,A
52,View Profile,View Profile,a_inner_text,A
52,affinitiv,/investment-portfolio/affinitiv/,href,A
53,View Profile,View Profile,a_inner_text,A
53,agens,/investment-portfolio/agens/,href,A
54,View Profile,View Profile,a_inner_text,A
54,agri max,/investment-portfolio/agri-max/,href,A
55,View Profile,View Profile,a_inner_text,A
55,aia corporation,/investment-portfolio/aia-corporation/,href,A
56,View Profile,View Profile,a_inner_text,A
56,airfocus,/investment-portfolio/airfocus/,href,A
57,View Profile,View Profile,a_inner_text,A
57,ais group,/investment-portfolio/ais-group/,href,A
58,View Profile,View Profile,a_inner_text,A
58,alchemy,/investment-portfolio/alchemy/,href,A
59,View Profile,View Profile,a_inner_text,A
59,alcohol monitoring systems,/investment-portfolio/alcohol-monitoring-systems/,href,A
60,View Profile,View Profile,a_inner_text,A
60,align networks,/investment-portfolio/align-networks/,href,A
61,View Profile,View Profile,a_inner_text,A
61,align ops,/investment-portfolio/align-ops/,href,A
62,View Profile,View Profile,a_inner_text,A
62,alpha h,/investment-portfolio/alpha-h/,href,A
63,View Profile,View Profile,a_inner_text,A
63,alsana,/investment-portfolio/alsana/,href,A
64,View Profile,View Profile,a_inner_text,A
64,altius group,/investment-portfolio/altius-group/,href,A
65,View Profile,View Profile,a_inner_text,A
65,american electronic components,/investment-portfolio/american-electronic-components/,href,A
66,View Profile,View Profile,a_inner_text,A
66,american hospice,/investment-portfolio/american-hospice/,href,A
67,View Profile,View Profile,a_inner_text,A
67,american products company,/investment-portfolio/american-products-company/,href,A
68,View Profile,View Profile,a_inner_text,A
68,american stock transfer trust company,/investment-portfolio/american-stock-transfer-trust-company/,href,A
69,View Profile,View Profile,a_inner_text,A
69,anitox,/investment-portfolio/anitox/,href,A
70,View Profile,View Profile,a_inner_text,A
70,apica,/investment-portfolio/apica/,href,A
71,View Profile,View Profile,a_inner_text,A
71,apollo interactive,/investment-portfolio/apollo-interactive/,href,A
72,View Profile,View Profile,a_inner_text,A
72,aptivio,/investment-portfolio/aptivio/,href,A
73,View Profile,View Profile,a_inner_text,A
73,arcos i,/investment-portfolio/arcos-i/,href,A
74,View Profile,View Profile,a_inner_text,A
74,arcos ii,/investment-portfolio/arcos-ii/,href,A
75,View Profile,View Profile,a_inner_text,A
75,arena,/investment-portfolio/arena/,href,A
76,View Profile,View Profile,a_inner_text,A
76,arrowhead engineered products,/investment-portfolio/arrowhead-engineered-products/,href,A
77,View Profile,View Profile,a_inner_text,A
77,ati,/investment-portfolio/ati/,href,A
78,View Profile,View Profile,a_inner_text,A
78,autocorp ai inc,/investment-portfolio/autocorp-ai-inc/,href,A
79,View Profile,View Profile,a_inner_text,A
79,avance clinical,/investment-portfolio/avance-clinical/,href,A
80,View Profile,View Profile,a_inner_text,A
80,avatar solutions,/investment-portfolio/avatar-solutions/,href,A
81,View Profile,View Profile,a_inner_text,A
81,awp safety i,/investment-portfolio/awp-safety-i/,href,A
82,View Profile,View Profile,a_inner_text,A
82,awp safety ii,/investment-portfolio/awp-safety-ii/,href,A
83,View Profile,View Profile,a_inner_text,A
83,ax semantics,/investment-portfolio/ax-semantics/,href,A
84,View Profile,View Profile,a_inner_text,A
84,axiom automotive technologies,/investment-portfolio/axiom-automotive-technologies/,href,A
85,View Profile,View Profile,a_inner_text,A
85,baby jogger,/investment-portfolio/baby-jogger/,href,A
86,View Profile,View Profile,a_inner_text,A
86,baker hill,/investment-portfolio/baker-hill/,href,A
87,View Profile,View Profile,a_inner_text,A
87,be green packaging,/investment-portfolio/be-green-packaging/,href,A
88,View Profile,View Profile,a_inner_text,A
88,beaconmedaes,/investment-portfolio/beaconmedaes/,href,A
89,View Profile,View Profile,a_inner_text,A
89,benesys,/investment-portfolio/benesys/,href,A
90,View Profile,View Profile,a_inner_text,A
90,bentley laboratories,/investment-portfolio/bentley-laboratories/,href,A
91,View Profile,View Profile,a_inner_text,A
91,beonx,/investment-portfolio/beonx/,href,A
92,View Profile,View Profile,a_inner_text,A
92,best life brands,/investment-portfolio/best-life-brands/,href,A
93,View Profile,View Profile,a_inner_text,A
93,big think,/investment-portfolio/big-think/,href,A
94,View Profile,View Profile,a_inner_text,A
94,bike24 i,/investment-portfolio/bike24-i/,href,A
95,View Profile,View Profile,a_inner_text,A
95,bike24 ii,/investment-portfolio/bike24-ii/,href,A
96,View Profile,View Profile,a_inner_text,A
96,bionativa,/investment-portfolio/bionativa/,href,A
97,View Profile,View Profile,a_inner_text,A
97,blue microphones,/investment-portfolio/blue-microphones/,href,A
98,View Profile,View Profile,a_inner_text,A
98,bluefletch,/investment-portfolio/bluefletch/,href,A
99,View Profile,View Profile,a_inner_text,A
99,blueprint,/investment-portfolio/blueprint/,href,A
100,View Profile,View Profile,a_inner_text,A
100,bohemia interactive simulations,/investment-portfolio/bohemia-interactive-simulations/,href,A
101,View Profile,View Profile,a_inner_text,A
101,brandmuscle,/investment-portfolio/brandmuscle/,href,A
102,View Profile,View Profile,a_inner_text,A
102,brookson,/investment-portfolio/brookson/,href,A
103,View Profile,View Profile,a_inner_text,A
103,buildout inc,/investment-portfolio/buildout-inc/,href,A
104,View Profile,View Profile,a_inner_text,A
104,camelot education,/investment-portfolio/camelot-education/,href,A
105,View Profile,View Profile,a_inner_text,A
105,capol,/investment-portfolio/capol/,href,A
106,View Profile,View Profile,a_inner_text,A
106,caprock communications,/investment-portfolio/caprock-communications/,href,A
107,View Profile,View Profile,a_inner_text,A
107,caravelo,/investment-portfolio/caravelo/,href,A
108,View Profile,View Profile,a_inner_text,A
108,carborundum electrite,/investment-portfolio/carborundum-electrite/,href,A
109,View Profile,View Profile,a_inner_text,A
109,casavi,/investment-portfolio/casavi/,href,A
110,View Profile,View Profile,a_inner_text,A
110,causematch,/investment-portfolio/causematch/,href,A
111,View Profile,View Profile,a_inner_text,A
111,censis,/investment-portfolio/censis/,href,A
112,View Profile,View Profile,a_inner_text,A
112,certasite,/investment-portfolio/certasite/,href,A
113,View Profile,View Profile,a_inner_text,A
113,certified collision group inc,/investment-portfolio/certified-collision-group-inc/,href,A
114,View Profile,View Profile,a_inner_text,A
114,chronicle heritage,/investment-portfolio/chronicle-heritage/,href,A
115,View Profile,View Profile,a_inner_text,A
115,circlelink health,/investment-portfolio/circlelink-health/,href,A
116,View Profile,View Profile,a_inner_text,A
116,cis secure computing,/investment-portfolio/cis-secure-computing/,href,A
117,View Profile,View Profile,a_inner_text,A
117,clarus,/investment-portfolio/clarus/,href,A
118,View Profile,View Profile,a_inner_text,A
118,clayton group services,/investment-portfolio/clayton-group-services/,href,A
119,View Profile,View Profile,a_inner_text,A
119,clockworks analytics,/investment-portfolio/clockworks-analytics/,href,A
120,View Profile,View Profile,a_inner_text,A
120,cloud factory,/investment-portfolio/cloud-factory/,href,A
121,View Profile,View Profile,a_inner_text,A
121,cloud range,/investment-portfolio/cloud-range/,href,A
122,View Profile,View Profile,a_inner_text,A
122,cloudlex,/investment-portfolio/cloudlex/,href,A
123,View Profile,View Profile,a_inner_text,A
123,cloudpermit,/investment-portfolio/cloudpermit/,href,A
124,View Profile,View Profile,a_inner_text,A
124,cmit solutions,/investment-portfolio/cmit-solutions/,href,A
125,View Profile,View Profile,a_inner_text,A
125,coeur,/investment-portfolio/coeur/,href,A
126,View Profile,View Profile,a_inner_text,A
126,commonwealth laminating coating,/investment-portfolio/commonwealth-laminating-coating/,href,A
127,View Profile,View Profile,a_inner_text,A
127,compleet,/investment-portfolio/compleet/,href,A
128,View Profile,View Profile,a_inner_text,A
128,computer press,/investment-portfolio/computer-press/,href,A
129,View Profile,View Profile,a_inner_text,A
129,connexient,/investment-portfolio/connexient/,href,A
130,View Profile,View Profile,a_inner_text,A
130,connor sport court international,/investment-portfolio/connor-sport-court-international/,href,A
131,View Profile,View Profile,a_inner_text,A
131,consensus,/investment-portfolio/consensus/,href,A
132,View Profile,View Profile,a_inner_text,A
132,contruent,/investment-portfolio/contruent/,href,A
133,View Profile,View Profile,a_inner_text,A
133,convertr,/investment-portfolio/convertr/,href,A
134,View Profile,View Profile,a_inner_text,A
134,corporate visions inc,/investment-portfolio/corporate-visions-inc/,href,A
135,View Profile,View Profile,a_inner_text,A
135,creditlogic,/investment-portfolio/creditlogic/,href,A
136,View Profile,View Profile,a_inner_text,A
136,crio,/investment-portfolio/crio/,href,A
137,View Profile,View Profile,a_inner_text,A
137,crisis prevention institute,/investment-portfolio/crisis-prevention-institute/,href,A
138,View Profile,View Profile,a_inner_text,A
138,cryptomathic,/investment-portfolio/cryptomathic/,href,A
139,View Profile,View Profile,a_inner_text,A
139,customergauge,/investment-portfolio/customergauge/,href,A
140,View Profile,View Profile,a_inner_text,A
140,cyber guru,/investment-portfolio/cyber-guru/,href,A
141,View Profile,View Profile,a_inner_text,A
141,cybersaint security,/investment-portfolio/cybersaint-security/,href,A
142,View Profile,View Profile,a_inner_text,A
142,dastex,/investment-portfolio/dastex/,href,A
143,View Profile,View Profile,a_inner_text,A
143,dawgs,/investment-portfolio/dawgs/,href,A
144,View Profile,View Profile,a_inner_text,A
144,dcm asia,/investment-portfolio/dcm-asia/,href,A
145,View Profile,View Profile,a_inner_text,A
145,decera clinical,/investment-portfolio/decera-clinical/,href,A
146,View Profile,View Profile,a_inner_text,A
146,deck commerce,/investment-portfolio/deck-commerce/,href,A
147,View Profile,View Profile,a_inner_text,A
147,decusoft,/investment-portfolio/decusoft/,href,A
148,View Profile,View Profile,a_inner_text,A
148,delaget,/investment-portfolio/delaget/,href,A
149,View Profile,View Profile,a_inner_text,A
149,delta petroleum company,/investment-portfolio/delta-petroleum-company/,href,A
150,View Profile,View Profile,a_inner_text,A
150,dentalplans,/investment-portfolio/dentalplans/,href,A
151,View Profile,View Profile,a_inner_text,A
151,dhd healthcare,/investment-portfolio/dhd-healthcare/,href,A
152,View Profile,View Profile,a_inner_text,A
152,diatron group,/investment-portfolio/diatron-group/,href,A
153,View Profile,View Profile,a_inner_text,A
153,digital technology international,/investment-portfolio/digital-technology-international/,href,A
154,View Profile,View Profile,a_inner_text,A
154,dingo,/investment-portfolio/dingo/,href,A
155,View Profile,View Profile,a_inner_text,A
155,disa global solutions,/investment-portfolio/disa-global-solutions/,href,A
156,View Profile,View Profile,a_inner_text,A
156,doctor com,/investment-portfolio/doctor-com/,href,A
157,View Profile,View Profile,a_inner_text,A
157,dpa microphones,/investment-portfolio/dpa-microphones/,href,A
158,View Profile,View Profile,a_inner_text,A
158,dubois i,/investment-portfolio/dubois-i/,href,A
159,View Profile,View Profile,a_inner_text,A
159,dubois ii,/investment-portfolio/dubois-ii/,href,A
160,View Profile,View Profile,a_inner_text,A
160,dynojet research,/investment-portfolio/dynojet-research/,href,A
161,View Profile,View Profile,a_inner_text,A
161,e a scheer,/investment-portfolio/e-a-scheer/,href,A
162,View Profile,View Profile,a_inner_text,A
162,eemax,/investment-portfolio/eemax/,href,A
163,View Profile,View Profile,a_inner_text,A
163,elite sportswear,/investment-portfolio/elite-sportswear/,href,A
164,View Profile,View Profile,a_inner_text,A
164,em test,/investment-portfolio/em-test/,href,A
165,View Profile,View Profile,a_inner_text,A
165,emergency communications network,/investment-portfolio/emergency-communications-network/,href,A
166,View Profile,View Profile,a_inner_text,A
166,energy exemplar,/investment-portfolio/energy-exemplar/,href,A
167,View Profile,View Profile,a_inner_text,A
167,enhatch,/investment-portfolio/enhatch/,href,A
168,View Profile,View Profile,a_inner_text,A
168,entrix,/investment-portfolio/entrix/,href,A
169,View Profile,View Profile,a_inner_text,A
169,epco,/investment-portfolio/epco/,href,A
170,View Profile,View Profile,a_inner_text,A
170,epilot,/investment-portfolio/epilot/,href,A
171,View Profile,View Profile,a_inner_text,A
171,essential compositions,/investment-portfolio/essential-compositions/,href,A
172,View Profile,View Profile,a_inner_text,A
172,euromed,/investment-portfolio/euromed/,href,A
173,View Profile,View Profile,a_inner_text,A
173,eventsair,/investment-portfolio/eventsair/,href,A
174,View Profile,View Profile,a_inner_text,A
174,eversmith brands,/investment-portfolio/eversmith-brands/,href,A
175,View Profile,View Profile,a_inner_text,A
175,everway i,/investment-portfolio/everway-i/,href,A
176,View Profile,View Profile,a_inner_text,A
176,everway ii,/investment-portfolio/everway-ii/,href,A
177,View Profile,View Profile,a_inner_text,A
177,evive brands,/investment-portfolio/evive-brands/,href,A
178,View Profile,View Profile,a_inner_text,A
178,execvision,/investment-portfolio/execvision/,href,A
179,View Profile,View Profile,a_inner_text,A
179,experient,/investment-portfolio/experient/,href,A
180,View Profile,View Profile,a_inner_text,A
180,expion health,/investment-portfolio/expion-health/,href,A
181,View Profile,View Profile,a_inner_text,A
181,express,/investment-portfolio/express/,href,A
182,View Profile,View Profile,a_inner_text,A
182,fadata,/investment-portfolio/fadata/,href,A
183,View Profile,View Profile,a_inner_text,A
183,fairpay solutions,/investment-portfolio/fairpay-solutions/,href,A
184,View Profile,View Profile,a_inner_text,A
184,fielo,/investment-portfolio/fielo/,href,A
185,View Profile,View Profile,a_inner_text,A
185,fisher unitech,/investment-portfolio/fisher-unitech/,href,A
186,View Profile,View Profile,a_inner_text,A
186,fla orthopedics,/investment-portfolio/fla-orthopedics/,href,A
187,View Profile,View Profile,a_inner_text,A
187,flavorsum,/investment-portfolio/flavorsum/,href,A
188,View Profile,View Profile,a_inner_text,A
188,foodstate,/investment-portfolio/foodstate/,href,A
189,View Profile,View Profile,a_inner_text,A
189,freeeway,/investment-portfolio/freeeway/,href,A
190,View Profile,View Profile,a_inner_text,A
190,freightwise,/investment-portfolio/freightwise/,href,A
191,View Profile,View Profile,a_inner_text,A
191,further,/investment-portfolio/further/,href,A
192,View Profile,View Profile,a_inner_text,A
192,future metals,/investment-portfolio/future-metals/,href,A
193,View Profile,View Profile,a_inner_text,A
193,g a partners,/investment-portfolio/g-a-partners/,href,A
194,View Profile,View Profile,a_inner_text,A
194,g h orthodontics,/investment-portfolio/g-h-orthodontics/,href,A
195,View Profile,View Profile,a_inner_text,A
195,galvanina,/investment-portfolio/galvanina/,href,A
196,View Profile,View Profile,a_inner_text,A
196,gastromatic,/investment-portfolio/gastromatic/,href,A
197,View Profile,View Profile,a_inner_text,A
197,gfos,/investment-portfolio/gfos/,href,A
198,View Profile,View Profile,a_inner_text,A
198,global claims services,/investment-portfolio/global-claims-services/,href,A
199,View Profile,View Profile,a_inner_text,A
199,global orthopaedic technologies,/investment-portfolio/global-orthopaedic-technologies/,href,A
200,View Profile,View Profile,a_inner_text,A
200,goby,/investment-portfolio/goby/,href,A
201,View Profile,View Profile,a_inner_text,A
201,goreact,/investment-portfolio/goreact/,href,A
202,View Profile,View Profile,a_inner_text,A
202,grace hill,/investment-portfolio/grace-hill/,href,A
203,View Profile,View Profile,a_inner_text,A
203,gravitee,/investment-portfolio/gravitee/,href,A
204,View Profile,View Profile,a_inner_text,A
204,greenline foods,/investment-portfolio/greenline-foods/,href,A
205,View Profile,View Profile,a_inner_text,A
205,greenphire,/investment-portfolio/greenphire/,href,A
206,View Profile,View Profile,a_inner_text,A
206,gti diagnostics,/investment-portfolio/gti-diagnostics/,href,A
207,View Profile,View Profile,a_inner_text,A
207,guestline,/investment-portfolio/guestline/,href,A
208,View Profile,View Profile,a_inner_text,A
208,hammerblow towing systems,/investment-portfolio/hammerblow-towing-systems/,href,A
209,View Profile,View Profile,a_inner_text,A
209,hapana,/investment-portfolio/hapana/,href,A
210,View Profile,View Profile,a_inner_text,A
210,hardware resources,/investment-portfolio/hardware-resources/,href,A
211,View Profile,View Profile,a_inner_text,A
211,harvey performance company,/investment-portfolio/harvey-performance-company/,href,A
212,View Profile,View Profile,a_inner_text,A
212,hcpro,/investment-portfolio/hcpro/,href,A
213,View Profile,View Profile,a_inner_text,A
213,h d advanced manufacturing,/investment-portfolio/h-d-advanced-manufacturing/,href,A
214,View Profile,View Profile,a_inner_text,A
214,head to toe brands,/investment-portfolio/head-to-toe-brands/,href,A
215,View Profile,View Profile,a_inner_text,A
215,health safety institute i,/investment-portfolio/health-safety-institute-i/,href,A
216,View Profile,View Profile,a_inner_text,A
216,health safety institute ii,/investment-portfolio/health-safety-institute-ii/,href,A
217,View Profile,View Profile,a_inner_text,A
217,healthcarefirst,/investment-portfolio/healthcarefirst/,href,A
218,View Profile,View Profile,a_inner_text,A
218,healthtech,/investment-portfolio/healthtech/,href,A
219,View Profile,View Profile,a_inner_text,A
219,herbthyme,/investment-portfolio/herbthyme/,href,A
220,View Profile,View Profile,a_inner_text,A
220,heydata,/investment-portfolio/heydata/,href,A
221,View Profile,View Profile,a_inner_text,A
221,hiway group,/investment-portfolio/hiway-group/,href,A
222,View Profile,View Profile,a_inner_text,A
222,hmi,/investment-portfolio/hmi/,href,A
223,View Profile,View Profile,a_inner_text,A
223,hr soft,/investment-portfolio/hr-soft/,href,A
224,View Profile,View Profile,a_inner_text,A
224,hra pharma,/investment-portfolio/hra-pharma/,href,A
225,View Profile,View Profile,a_inner_text,A
225,hudson sharp,/investment-portfolio/hudson-sharp/,href,A
226,View Profile,View Profile,a_inner_text,A
226,hydrocorp,/investment-portfolio/hydrocorp/,href,A
227,View Profile,View Profile,a_inner_text,A
227,iautomation,/investment-portfolio/iautomation/,href,A
228,View Profile,View Profile,a_inner_text,A
228,icev,/investment-portfolio/icev/,href,A
229,View Profile,View Profile,a_inner_text,A
229,ideoclick,/investment-portfolio/ideoclick/,href,A
230,View Profile,View Profile,a_inner_text,A
230,ideon,/investment-portfolio/ideon/,href,A
231,View Profile,View Profile,a_inner_text,A
231,idoc,/investment-portfolio/idoc/,href,A
232,View Profile,View Profile,a_inner_text,A
232,ifs group,/investment-portfolio/ifs-group/,href,A
233,View Profile,View Profile,a_inner_text,A
233,il pastaio di brescia,/investment-portfolio/il-pastaio-di-brescia/,href,A
234,View Profile,View Profile,a_inner_text,A
234,impact xm,/investment-portfolio/impact-xm/,href,A
235,View Profile,View Profile,a_inner_text,A
235,independent living specialists,/investment-portfolio/independent-living-specialists/,href,A
236,View Profile,View Profile,a_inner_text,A
236,inscape publishing,/investment-portfolio/inscape-publishing/,href,A
237,View Profile,View Profile,a_inner_text,A
237,insurance claims management,/investment-portfolio/insurance-claims-management/,href,A
238,View Profile,View Profile,a_inner_text,A
238,integrated power services,/investment-portfolio/integrated-power-services/,href,A
239,View Profile,View Profile,a_inner_text,A
239,intrepid networks,/investment-portfolio/intrepid-networks/,href,A
240,View Profile,View Profile,a_inner_text,A
240,invita,/investment-portfolio/invita/,href,A
241,View Profile,View Profile,a_inner_text,A
241,ironedge,/investment-portfolio/ironedge/,href,A
242,View Profile,View Profile,a_inner_text,A
242,it s just lunch,/investment-portfolio/it-s-just-lunch/,href,A
243,View Profile,View Profile,a_inner_text,A
243,junior sports corporation,/investment-portfolio/junior-sports-corporation/,href,A
244,View Profile,View Profile,a_inner_text,A
244,justrite manufacturing company,/investment-portfolio/justrite-manufacturing-company/,href,A
245,View Profile,View Profile,a_inner_text,A
245,kasasa,/investment-portfolio/kasasa/,href,A
246,View Profile,View Profile,a_inner_text,A
246,kaseware,/investment-portfolio/kaseware/,href,A
247,View Profile,View Profile,a_inner_text,A
247,keepsake quilting,/investment-portfolio/keepsake-quilting/,href,A
248,View Profile,View Profile,a_inner_text,A
248,keona health,/investment-portfolio/keona-health/,href,A
249,View Profile,View Profile,a_inner_text,A
249,keycast,/investment-portfolio/keycast/,href,A
250,View Profile,View Profile,a_inner_text,A
250,keymile,/investment-portfolio/keymile/,href,A
251,View Profile,View Profile,a_inner_text,A
251,kfm,/investment-portfolio/kfm/,href,A
252,View Profile,View Profile,a_inner_text,A
252,lacuna solutions,/investment-portfolio/lacuna-solutions/,href,A
253,View Profile,View Profile,a_inner_text,A
253,lakeview health,/investment-portfolio/lakeview-health/,href,A
254,View Profile,View Profile,a_inner_text,A
254,l com,/investment-portfolio/l-com/,href,A
255,View Profile,View Profile,a_inner_text,A
255,learning seat,/investment-portfolio/learning-seat/,href,A
256,View Profile,View Profile,a_inner_text,A
256,leftshift,/investment-portfolio/leftshift/,href,A
257,View Profile,View Profile,a_inner_text,A
257,lexipol i,/investment-portfolio/lexipol-i/,href,A
258,View Profile,View Profile,a_inner_text,A
258,lexipol ii,/investment-portfolio/lexipol-ii/,href,A
259,View Profile,View Profile,a_inner_text,A
259,lillebaby,/investment-portfolio/lillebaby/,href,A
260,View Profile,View Profile,a_inner_text,A
260,lmg holdings inc,/investment-portfolio/lmg-holdings-inc/,href,A
261,View Profile,View Profile,a_inner_text,A
261,loadstop,/investment-portfolio/loadstop/,href,A
262,View Profile,View Profile,a_inner_text,A
262,localtel,/investment-portfolio/localtel/,href,A
263,View Profile,View Profile,a_inner_text,A
263,logically,/investment-portfolio/logically/,href,A
264,View Profile,View Profile,a_inner_text,A
264,london s farm dairy,/investment-portfolio/london-s-farm-dairy/,href,A
265,View Profile,View Profile,a_inner_text,A
265,loop tie,/investment-portfolio/loop-tie/,href,A
266,View Profile,View Profile,a_inner_text,A
266,lumen dynamics group,/investment-portfolio/lumen-dynamics-group/,href,A
267,View Profile,View Profile,a_inner_text,A
267,marena group,/investment-portfolio/marena-group/,href,A
268,View Profile,View Profile,a_inner_text,A
268,marketmuse,/investment-portfolio/marketmuse/,href,A
269,View Profile,View Profile,a_inner_text,A
269,maverick,/investment-portfolio/maverick/,href,A
270,View Profile,View Profile,a_inner_text,A
270,mec3,/investment-portfolio/mec3/,href,A
271,View Profile,View Profile,a_inner_text,A
271,media source,/investment-portfolio/media-source/,href,A
272,View Profile,View Profile,a_inner_text,A
272,mediafly,/investment-portfolio/mediafly/,href,A
273,View Profile,View Profile,a_inner_text,A
273,megachemie,/investment-portfolio/megachemie/,href,A
274,View Profile,View Profile,a_inner_text,A
274,merit industries,/investment-portfolio/merit-industries/,href,A
275,View Profile,View Profile,a_inner_text,A
275,mifam,/investment-portfolio/mifam/,href,A
276,View Profile,View Profile,a_inner_text,A
276,mintra,/investment-portfolio/mintra/,href,A
277,View Profile,View Profile,a_inner_text,A
277,mk chimney systems,/investment-portfolio/mk-chimney-systems/,href,A
278,View Profile,View Profile,a_inner_text,A
278,mlcoa,/investment-portfolio/mlcoa/,href,A
279,View Profile,View Profile,a_inner_text,A
279,mmg fusion,/investment-portfolio/mmg-fusion/,href,A
280,View Profile,View Profile,a_inner_text,A
280,mnx,/investment-portfolio/mnx/,href,A
281,View Profile,View Profile,a_inner_text,A
281,modern campus,/investment-portfolio/modern-campus/,href,A
282,View Profile,View Profile,a_inner_text,A
282,modern hire,/investment-portfolio/modern-hire/,href,A
283,View Profile,View Profile,a_inner_text,A
283,momentum group i,/investment-portfolio/momentum-group-i/,href,A
284,View Profile,View Profile,a_inner_text,A
284,momentum group ii,/investment-portfolio/momentum-group-ii/,href,A
285,View Profile,View Profile,a_inner_text,A
285,monessen,/investment-portfolio/monessen/,href,A
286,View Profile,View Profile,a_inner_text,A
286,montel,/investment-portfolio/montel/,href,A
287,View Profile,View Profile,a_inner_text,A
287,moss,/investment-portfolio/moss/,href,A
288,View Profile,View Profile,a_inner_text,A
288,mw industries,/investment-portfolio/mw-industries/,href,A
289,View Profile,View Profile,a_inner_text,A
289,myskillcamp,/investment-portfolio/myskillcamp/,href,A
290,View Profile,View Profile,a_inner_text,A
290,naka,/investment-portfolio/naka/,href,A
291,View Profile,View Profile,a_inner_text,A
291,navex global,/investment-portfolio/navex-global/,href,A
292,View Profile,View Profile,a_inner_text,A
292,navigate360,/investment-portfolio/navigate360/,href,A
293,View Profile,View Profile,a_inner_text,A
293,neighborly,/investment-portfolio/neighborly/,href,A
294,View Profile,View Profile,a_inner_text,A
294,netwatch group,/investment-portfolio/netwatch-group/,href,A
295,View Profile,View Profile,a_inner_text,A
295,nordco,/investment-portfolio/nordco/,href,A
296,View Profile,View Profile,a_inner_text,A
296,north american dental group,/investment-portfolio/north-american-dental-group/,href,A
297,View Profile,View Profile,a_inner_text,A
297,novamed,/investment-portfolio/novamed/,href,A
298,View Profile,View Profile,a_inner_text,A
298,npc,/investment-portfolio/npc/,href,A
299,View Profile,View Profile,a_inner_text,A
299,nustef baking,/investment-portfolio/nustef-baking/,href,A
300,View Profile,View Profile,a_inner_text,A
300,oaky,/investment-portfolio/oaky/,href,A
301,View Profile,View Profile,a_inner_text,A
301,olympic boat centers,/investment-portfolio/olympic-boat-centers/,href,A
302,View Profile,View Profile,a_inner_text,A
302,omnigo software,/investment-portfolio/omnigo-software/,href,A
303,View Profile,View Profile,a_inner_text,A
303,on location,/investment-portfolio/on-location/,href,A
304,View Profile,View Profile,a_inner_text,A
304,oncourse learning,/investment-portfolio/oncourse-learning/,href,A
305,View Profile,View Profile,a_inner_text,A
305,oni communications,/investment-portfolio/oni-communications/,href,A
306,View Profile,View Profile,a_inner_text,A
306,onscent,/investment-portfolio/onscent/,href,A
307,View Profile,View Profile,a_inner_text,A
307,oomnitza,/investment-portfolio/oomnitza/,href,A
308,View Profile,View Profile,a_inner_text,A
308,orliman,/investment-portfolio/orliman/,href,A
309,View Profile,View Profile,a_inner_text,A
309,orthod,/investment-portfolio/orthod/,href,A
310,View Profile,View Profile,a_inner_text,A
310,outsolve,/investment-portfolio/outsolve/,href,A
311,View Profile,View Profile,a_inner_text,A
311,outward hound,/investment-portfolio/outward-hound/,href,A
312,View Profile,View Profile,a_inner_text,A
312,ownlocal,/investment-portfolio/ownlocal/,href,A
313,View Profile,View Profile,a_inner_text,A
313,paradigm tax group,/investment-portfolio/paradigm-tax-group/,href,A
314,View Profile,View Profile,a_inner_text,A
314,pareto,/investment-portfolio/pareto/,href,A
315,View Profile,View Profile,a_inner_text,A
315,parker food group,/investment-portfolio/parker-food-group/,href,A
316,View Profile,View Profile,a_inner_text,A
316,partium,/investment-portfolio/partium/,href,A
317,View Profile,View Profile,a_inner_text,A
317,patronmanager,/investment-portfolio/patronmanager/,href,A
318,View Profile,View Profile,a_inner_text,A
318,peak,/investment-portfolio/peak/,href,A
319,View Profile,View Profile,a_inner_text,A
319,peerspot,/investment-portfolio/peerspot/,href,A
320,View Profile,View Profile,a_inner_text,A
320,peoplegrove,/investment-portfolio/peoplegrove/,href,A
321,View Profile,View Profile,a_inner_text,A
321,performance systems integration,/investment-portfolio/performance-systems-integration/,href,A
322,View Profile,View Profile,a_inner_text,A
322,pfb corporation,/investment-portfolio/pfb-corporation/,href,A
323,View Profile,View Profile,a_inner_text,A
323,polar windows,/investment-portfolio/polar-windows/,href,A
324,View Profile,View Profile,a_inner_text,A
324,ppc insulators,/investment-portfolio/ppc-insulators/,href,A
325,View Profile,View Profile,a_inner_text,A
325,precision wire components,/investment-portfolio/precision-wire-components/,href,A
326,View Profile,View Profile,a_inner_text,A
326,primalex,/investment-portfolio/primalex/,href,A
327,View Profile,View Profile,a_inner_text,A
327,production control services,/investment-portfolio/production-control-services/,href,A
328,View Profile,View Profile,a_inner_text,A
328,profitsystems,/investment-portfolio/profitsystems/,href,A
329,View Profile,View Profile,a_inner_text,A
329,propensity,/investment-portfolio/propensity/,href,A
330,View Profile,View Profile,a_inner_text,A
330,prosites,/investment-portfolio/prosites/,href,A
331,View Profile,View Profile,a_inner_text,A
331,pro vigil,/investment-portfolio/pro-vigil/,href,A
332,View Profile,View Profile,a_inner_text,A
332,purple,/investment-portfolio/purple/,href,A
333,View Profile,View Profile,a_inner_text,A
333,pypestream,/investment-portfolio/pypestream/,href,A
334,View Profile,View Profile,a_inner_text,A
334,qualserv,/investment-portfolio/qualserv/,href,A
335,View Profile,View Profile,a_inner_text,A
335,quivers,/investment-portfolio/quivers/,href,A
336,View Profile,View Profile,a_inner_text,A
336,rameder,/investment-portfolio/rameder/,href,A
337,View Profile,View Profile,a_inner_text,A
337,readyset surgical,/investment-portfolio/readyset-surgical/,href,A
338,View Profile,View Profile,a_inner_text,A
338,recovery point,/investment-portfolio/recovery-point/,href,A
339,View Profile,View Profile,a_inner_text,A
339,red nucleus,/investment-portfolio/red-nucleus/,href,A
340,View Profile,View Profile,a_inner_text,A
340,redteam,/investment-portfolio/redteam/,href,A
341,View Profile,View Profile,a_inner_text,A
341,reima,/investment-portfolio/reima/,href,A
342,View Profile,View Profile,a_inner_text,A
342,relay fire and safety,/investment-portfolio/relay-fire-and-safety/,href,A
343,View Profile,View Profile,a_inner_text,A
343,repa,/investment-portfolio/repa/,href,A
344,View Profile,View Profile,a_inner_text,A
344,results weight loss,/investment-portfolio/results-weight-loss/,href,A
345,View Profile,View Profile,a_inner_text,A
345,retail zoo,/investment-portfolio/retail-zoo/,href,A
346,View Profile,View Profile,a_inner_text,A
346,revegy,/investment-portfolio/revegy/,href,A
347,View Profile,View Profile,a_inner_text,A
347,revtrax,/investment-portfolio/revtrax/,href,A
348,View Profile,View Profile,a_inner_text,A
348,richter chemie technik,/investment-portfolio/richter-chemie-technik/,href,A
349,View Profile,View Profile,a_inner_text,A
349,rutland group,/investment-portfolio/rutland-group/,href,A
350,View Profile,View Profile,a_inner_text,A
350,safebuilt,/investment-portfolio/safebuilt/,href,A
351,View Profile,View Profile,a_inner_text,A
351,salgglas,/investment-portfolio/salgglas/,href,A
352,View Profile,View Profile,a_inner_text,A
352,screenvision media,/investment-portfolio/screenvision-media/,href,A
353,View Profile,View Profile,a_inner_text,A
353,seatex,/investment-portfolio/seatex/,href,A
354,View Profile,View Profile,a_inner_text,A
354,selig sealing products,/investment-portfolio/selig-sealing-products/,href,A
355,View Profile,View Profile,a_inner_text,A
355,sencore,/investment-portfolio/sencore/,href,A
356,View Profile,View Profile,a_inner_text,A
356,sentinel,/investment-portfolio/sentinel/,href,A
357,View Profile,View Profile,a_inner_text,A
357,sevdesk,/investment-portfolio/sevdesk/,href,A
358,View Profile,View Profile,a_inner_text,A
358,shinsouki,/investment-portfolio/shinsouki/,href,A
359,View Profile,View Profile,a_inner_text,A
359,showd me,/investment-portfolio/showd-me/,href,A
360,View Profile,View Profile,a_inner_text,A
360,siffron,/investment-portfolio/siffron/,href,A
361,View Profile,View Profile,a_inner_text,A
361,sigg,/investment-portfolio/sigg/,href,A
362,View Profile,View Profile,a_inner_text,A
362,simcro,/investment-portfolio/simcro/,href,A
363,View Profile,View Profile,a_inner_text,A
363,smartways,/investment-portfolio/smartways/,href,A
364,View Profile,View Profile,a_inner_text,A
364,soluta inc and boon chapman benefit administrators inc,/investment-portfolio/soluta-inc-and-boon-chapman-benefit-administrators-inc/,href,A
365,View Profile,View Profile,a_inner_text,A
365,soothe,/investment-portfolio/soothe/,href,A
366,View Profile,View Profile,a_inner_text,A
366,south florida newspaper network,/investment-portfolio/south-florida-newspaper-network/,href,A
367,View Profile,View Profile,a_inner_text,A
367,specialized medical services,/investment-portfolio/specialized-medical-services/,href,A
368,View Profile,View Profile,a_inner_text,A
368,spectrio,/investment-portfolio/spectrio/,href,A
369,View Profile,View Profile,a_inner_text,A
369,spirion,/investment-portfolio/spirion/,href,A
370,View Profile,View Profile,a_inner_text,A
370,spofadental,/investment-portfolio/spofadental/,href,A
371,View Profile,View Profile,a_inner_text,A
371,sportsrecruits,/investment-portfolio/sportsrecruits/,href,A
372,View Profile,View Profile,a_inner_text,A
372,squirro,/investment-portfolio/squirro/,href,A
373,View Profile,View Profile,a_inner_text,A
373,stemlab,/investment-portfolio/stemlab/,href,A
374,View Profile,View Profile,a_inner_text,A
374,stoffel seals,/investment-portfolio/stoffel-seals/,href,A
375,View Profile,View Profile,a_inner_text,A
375,suitepad,/investment-portfolio/suitepad/,href,A
376,View Profile,View Profile,a_inner_text,A
376,sunless inc,/investment-portfolio/sunless-inc/,href,A
377,View Profile,View Profile,a_inner_text,A
377,sunrise windows,/investment-portfolio/sunrise-windows/,href,A
378,View Profile,View Profile,a_inner_text,A
378,surewerx,/investment-portfolio/surewerx/,href,A
379,View Profile,View Profile,a_inner_text,A
379,swedish education group,/investment-portfolio/swedish-education-group/,href,A
380,View Profile,View Profile,a_inner_text,A
380,sytrue,/investment-portfolio/sytrue/,href,A
381,View Profile,View Profile,a_inner_text,A
381,t3 services group,/investment-portfolio/t3-services-group/,href,A
382,View Profile,View Profile,a_inner_text,A
382,tate s bake shop,/investment-portfolio/tate-s-bake-shop/,href,A
383,View Profile,View Profile,a_inner_text,A
383,team technologies,/investment-portfolio/team-technologies/,href,A
384,View Profile,View Profile,a_inner_text,A
384,tensator,/investment-portfolio/tensator/,href,A
385,View Profile,View Profile,a_inner_text,A
385,teufel,/investment-portfolio/teufel/,href,A
386,View Profile,View Profile,a_inner_text,A
386,the derm group,/investment-portfolio/the-derm-group/,href,A
387,View Profile,View Profile,a_inner_text,A
387,the dwyer group i,/investment-portfolio/the-dwyer-group-i/,href,A
388,View Profile,View Profile,a_inner_text,A
388,the dwyer group ii,/investment-portfolio/the-dwyer-group-ii/,href,A
389,View Profile,View Profile,a_inner_text,A
389,the healthea group,/investment-portfolio/the-healthea-group/,href,A
390,View Profile,View Profile,a_inner_text,A
390,the townsend group,/investment-portfolio/the-townsend-group/,href,A
391,View Profile,View Profile,a_inner_text,A
391,the vomela companies,/investment-portfolio/the-vomela-companies/,href,A
392,View Profile,View Profile,a_inner_text,A
392,thibaut,/investment-portfolio/thibaut/,href,A
393,View Profile,View Profile,a_inner_text,A
393,thinktank,/investment-portfolio/thinktank/,href,A
394,View Profile,View Profile,a_inner_text,A
394,threatmark inc,/investment-portfolio/threatmark-inc/,href,A
395,View Profile,View Profile,a_inner_text,A
395,threshold brands,/investment-portfolio/threshold-brands/,href,A
396,View Profile,View Profile,a_inner_text,A
396,todaytix,/investment-portfolio/todaytix/,href,A
397,View Profile,View Profile,a_inner_text,A
397,toolport,/investment-portfolio/toolport/,href,A
398,View Profile,View Profile,a_inner_text,A
398,transporeon,/investment-portfolio/transporeon/,href,A
399,View Profile,View Profile,a_inner_text,A
399,trend technologies,/investment-portfolio/trend-technologies/,href,A
400,View Profile,View Profile,a_inner_text,A
400,tropikal pet,/investment-portfolio/tropikal-pet/,href,A
401,View Profile,View Profile,a_inner_text,A
401,true health group,/investment-portfolio/true-health-group/,href,A
402,View Profile,View Profile,a_inner_text,A
402,trustwell,/investment-portfolio/trustwell/,href,A
403,View Profile,View Profile,a_inner_text,A
403,turtl,/investment-portfolio/turtl/,href,A
404,View Profile,View Profile,a_inner_text,A
404,typsy,/investment-portfolio/typsy/,href,A
405,View Profile,View Profile,a_inner_text,A
405,uinta brewing company,/investment-portfolio/uinta-brewing-company/,href,A
406,View Profile,View Profile,a_inner_text,A
406,ultravolt,/investment-portfolio/ultravolt/,href,A
407,View Profile,View Profile,a_inner_text,A
407,unifocus,/investment-portfolio/unifocus/,href,A
408,View Profile,View Profile,a_inner_text,A
408,unipac,/investment-portfolio/unipac/,href,A
409,View Profile,View Profile,a_inner_text,A
409,united central industrial supply,/investment-portfolio/united-central-industrial-supply/,href,A
410,View Profile,View Profile,a_inner_text,A
410,universal air filter,/investment-portfolio/universal-air-filter/,href,A
411,View Profile,View Profile,a_inner_text,A
411,us cabinet depot,/investment-portfolio/us-cabinet-depot/,href,A
412,View Profile,View Profile,a_inner_text,A
412,veritext,/investment-portfolio/veritext/,href,A
413,View Profile,View Profile,a_inner_text,A
413,viking plastics,/investment-portfolio/viking-plastics/,href,A
414,View Profile,View Profile,a_inner_text,A
414,vitex packaging group,/investment-portfolio/vitex-packaging-group/,href,A
415,View Profile,View Profile,a_inner_text,A
415,vitg,/investment-portfolio/vitg/,href,A
416,View Profile,View Profile,a_inner_text,A
416,vivi,/investment-portfolio/vivi/,href,A
417,View Profile,View Profile,a_inner_text,A
417,vokes air group,/investment-portfolio/vokes-air-group/,href,A
418,View Profile,View Profile,a_inner_text,A
418,wall street prep,/investment-portfolio/wall-street-prep/,href,A
419,View Profile,View Profile,a_inner_text,A
419,waste service group,/investment-portfolio/waste-service-group/,href,A
420,View Profile,View Profile,a_inner_text,A
420,water jel,/investment-portfolio/water-jel/,href,A
421,View Profile,View Profile,a_inner_text,A
421,welltec,/investment-portfolio/welltec/,href,A
422,View Profile,View Profile,a_inner_text,A
422,whatcounts,/investment-portfolio/whatcounts/,href,A
423,View Profile,View Profile,a_inner_text,A
423,whitney automotive group,/investment-portfolio/whitney-automotive-group/,href,A
424,View Profile,View Profile,a_inner_text,A
424,wildlife international,/investment-portfolio/wildlife-international/,href,A
425,View Profile,View Profile,a_inner_text,A
425,wiz korea,/investment-portfolio/wiz-korea/,href,A
426,View Profile,View Profile,a_inner_text,A
426,wondr health,/investment-portfolio/wondr-health/,href,A
427,View Profile,View Profile,a_inner_text,A
427,work health group,/investment-portfolio/work-health-group/,href,A
428,View Profile,View Profile,a_inner_text,A
428,workplace media,/investment-portfolio/workplace-media/,href,A
429,View Profile,View Profile,a_inner_text,A
429,workstride,/investment-portfolio/workstride/,href,A
430,View Profile,View Profile,a_inner_text,A
430,xcentric,/investment-portfolio/xcentric/,href,A
431,View Profile,View Profile,a_inner_text,A
431,y international,/investment-portfolio/y-international/,href,A
432,View Profile,View Profile,a_inner_text,A
432,yourmembership,/investment-portfolio/yourmembership/,href,A
433,View Profile,View Profile,a_inner_text,A
433,yumearth,/investment-portfolio/yumearth/,href,A
434,View Profile,View Profile,a_inner_text,A
434,zetkama,/investment-portfolio/zetkama/,href,A
435,View Profile,View Profile,a_inner_text,A
435,ziflow,/investment-portfolio/ziflow/,href,A
436,View Profile,View Profile,a_inner_text,A
436,zoobean,/investment-portfolio/zoobean/,href,A
437,"CareersRiverside is a challenging, exciting and opportunity rich firm.Join Our Team >>","CareersRiverside is a challenging, exciting and opportunity rich firm.Join Our Team >>",a_inner_text,A
437,careers,/who-we-are/careers/,href,C
438,"Sign Up for Riverside EmailsStay up to date on Riverside news, investment activity and moreSign Up for Riverside Emails >>","Sign Up for Riverside EmailsStay up to date on Riverside news, investment activity and moreSign Up for Riverside Emails >>",a_inner_text,A
438,sign up for email alerts,/sign-up-for-email-alerts/,href,C
439,Business Owners,Business Owners,a_inner_text,A
439,business owners,/business-owners/,href,C
440,Intermediaries,Intermediaries,a_inner_text,A
440,intermediaries,/intermediaries/,href,C
441,Who We Are,Who We Are,a_inner_text,A
441,who we are,/who-we-are/,href,C
442,Currents,Currents,a_inner_text,A
442,currents,/currents/,href,C
443,Portfolio,Portfolio,a_inner_text,A
443,investment portfolio,/investment-portfolio/,href,C
444,Private Equity,Private Equity,a_inner_text,A
444,private equity,/private-equity/,href,C
445,Flexible Capital,Flexible Capital,a_inner_text,A
445,flexible capital,/flexible-capital/,href,C
446,Privacy Policy,Privacy Policy,a_inner_text,A
446,privacy policy,/privacy-policy/,href,C
447,Cookie Policy,Cookie Policy,a_inner_text,A
447,cookie policy,/cookie-policy/,href,C
448,Terms of Use,Terms of Use,a_inner_text,A
448,terms of use,/terms-of-use/,href,C
449,AIFM Information,AIFM Information,a_inner_text,A
449,aifm information,/aifm-information/,href,C
450,Regulatory Disclosures,Regulatory Disclosures,a_inner_text,A
450,regulatory disclosures,/regulatory-disclosures/,href,C
451,Contact Us,Contact Us,a_inner_text,A
451,contact us,/contact-us/,href,C
452,consult our cookie notice,consult our cookie notice,a_inner_text,A
452,cookie policy,/cookie-policy/,href,C
453,Accept,Accept,a_inner_text,A
453,register,/umbraco/riverside/consent/register?type=cookies,href,C
454,Decline,Decline,a_inner_text,A
454,revoke,/umbraco/riverside/consent/revoke?type=cookies,href,C
455,Riversidecompanylogotrademarked,Riversidecompanylogotrademarked,img_alt_text,B
455,riversidecompanylogotrademarked,/media/2hcbiged/riversidecompanylogotrademarked.gif?anchor=center&mode=crop&width=276&height=95&rnd=132151116773330000,src,B
456,Aforall Weblogo 180X100,Aforall Weblogo 180X100,img_alt_text,B
457,Abracon2 Weblogo,Abracon2 Weblogo,img_alt_text,B
458,ACT Test Panels Logo,ACT Test Panels Logo,img_alt_text,B
459,ACTINEO logo,ACTINEO logo,img_alt_text,B
460,ActivStyle Logo,ActivStyle Logo,img_alt_text,B
461,AdhereHealth Logo,AdhereHealth Logo,img_alt_text,B
462,AERCO Logo,AERCO Logo,img_alt_text,B
463,Affinitiv Weblogo,Affinitiv Weblogo,img_alt_text,B
464,Agens Logo,Agens Logo,img_alt_text,B
465,QDS Logo,QDS Logo,img_alt_text,B
466,AIA Logo New,AIA Logo New,img_alt_text,B
467,Airfocus Weblogo 180X100,Airfocus Weblogo 180X100,img_alt_text,B
468,AIS Logo,AIS Logo,img_alt_text,B
469,Alchemy Systems Logo,Alchemy Systems Logo,img_alt_text,B
470,AMS Logo,AMS Logo,img_alt_text,B
471,Align Networks Logo,Align Networks Logo,img_alt_text,B
472,Weblogo Alignopps 180X100,Weblogo Alignopps 180X100,img_alt_text,B
473,Alphah Weblogo2,Alphah Weblogo2,img_alt_text,B
474,Alsana logo,Alsana logo,img_alt_text,B
475,Weblogo Altiusgroup2 180X100,Weblogo Altiusgroup2 180X100,img_alt_text,B
476,"American Electronic Components, Inc. Logo","American Electronic Components, Inc. Logo",img_alt_text,B
477,American Hospice Logo,American Hospice Logo,img_alt_text,B
478,American Products Company Logo,American Products Company Logo,img_alt_text,B
479,AST logo,AST logo,img_alt_text,B
480,Antiox,Antiox,img_alt_text,B
481,Apica Weblogo,Apica Weblogo,img_alt_text,B
482,Apollointeractive Weblogo2,Apollointeractive Weblogo2,img_alt_text,B
483,Weblogo Aptivio 180X100,Weblogo Aptivio 180X100,img_alt_text,B
484,ARCOS,ARCOS,img_alt_text,B
485,ARCOS,ARCOS,img_alt_text,B
486,Arena Group Logo,Arena Group Logo,img_alt_text,B
487,Arrowhead Engineered Products,Arrowhead Engineered Products,img_alt_text,B
488,ATI Logo,ATI Logo,img_alt_text,B
489,Weblogo Autocorpai 180X100,Weblogo Autocorpai 180X100,img_alt_text,B
490,Avance Weblogo 180X100,Avance Weblogo 180X100,img_alt_text,B
491,Avatar Solutions Logo,Avatar Solutions Logo,img_alt_text,B
492,AWP logo,AWP logo,img_alt_text,B
493,Awpsafety Weblogo 180X100,Awpsafety Weblogo 180X100,img_alt_text,B
494,Axsemantics Weblogo 180X100,Axsemantics Weblogo 180X100,img_alt_text,B
495,Axiom Automotive Technologies Logo,Axiom Automotive Technologies Logo,img_alt_text,B
496,Baby Jogger Logo,Baby Jogger Logo,img_alt_text,B
497,Baker Hill Logo,Baker Hill Logo,img_alt_text,B
498,Be Green Packaging,Be Green Packaging,img_alt_text,B
499,BeaconMedaes Logo,BeaconMedaes Logo,img_alt_text,B
500,BeneSys,BeneSys,img_alt_text,B
501,Bentleylabsweblogo2,Bentleylabsweblogo2,img_alt_text,B
502,Weblogo Beonx 180X100,Weblogo Beonx 180X100,img_alt_text,B
503,Bestlifebrandsweblogo (1),Bestlifebrandsweblogo (1),img_alt_text,B
504,Bigthinkweblogo,Bigthinkweblogo,img_alt_text,B
505,Bike24,Bike24,img_alt_text,B
506,Bike24,Bike24,img_alt_text,B
507,Weblogo Bionativa 180X100,Weblogo Bionativa 180X100,img_alt_text,B
508,Blue Microphones logo,Blue Microphones logo,img_alt_text,B
509,Weblogo Bluefletch 180X100,Weblogo Bluefletch 180X100,img_alt_text,B
510,Blueprint Weblogo 180X100,Blueprint Weblogo 180X100,img_alt_text,B
511,Bohemia Interactive Simulations,Bohemia Interactive Simulations,img_alt_text,B
512,BrandMuscle Logo,BrandMuscle Logo,img_alt_text,B
513,Brookson Logo,Brookson Logo,img_alt_text,B
514,Buildout Logo,Buildout Logo,img_alt_text,B
515,Camelot Education Logo,Camelot Education Logo,img_alt_text,B
516,Capol Logo,Capol Logo,img_alt_text,B
517,CapRock Logo,CapRock Logo,img_alt_text,B
518,Weblogo Caravelo 180X100,Weblogo Caravelo 180X100,img_alt_text,B
519,Carborundum Logo,Carborundum Logo,img_alt_text,B
520,Casaviweblogo,Casaviweblogo,img_alt_text,B
521,Causematch Weblogo 180X100,Causematch Weblogo 180X100,img_alt_text,B
522,Censis,Censis,img_alt_text,B
523,Certasite Weblogo2,Certasite Weblogo2,img_alt_text,B
524,Weblogo Certifiedcollisiongroup 180X100,Weblogo Certifiedcollisiongroup 180X100,img_alt_text,B
525,Weblogo Chronicleheritage 180X100,Weblogo Chronicleheritage 180X100,img_alt_text,B
526,Circlelinkhealth Weblogo,Circlelinkhealth Weblogo,img_alt_text,B
527,CIS Weblogo 180X100,CIS Weblogo 180X100,img_alt_text,B
528,Clarus logo,Clarus logo,img_alt_text,B
529,Clayton Logo,Clayton Logo,img_alt_text,B
530,Clockworksanalytics Weblogo2,Clockworksanalytics Weblogo2,img_alt_text,B
531,Weblogo Cloudrange 180X100 (1),Weblogo Cloudrange 180X100 (1),img_alt_text,B
532,Weblogo Cloudrange 180X120,Weblogo Cloudrange 180X120,img_alt_text,B
533,Cloudlex Weblogo 180X100,Cloudlex Weblogo 180X100,img_alt_text,B
534,Weblogo Cloudpermit 180X100,Weblogo Cloudpermit 180X100,img_alt_text,B
535,Cmitsolutions Weblogo 180X100,Cmitsolutions Weblogo 180X100,img_alt_text,B
536,Coeur Logo,Coeur Logo,img_alt_text,B
537,Commonwealth Lam-CLC Logo,Commonwealth Lam-CLC Logo,img_alt_text,B
538,Compleet Weblogo2 180X100,Compleet Weblogo2 180X100,img_alt_text,B
539,Computer Press Logo,Computer Press Logo,img_alt_text,B
540,Connexientweblogo,Connexientweblogo,img_alt_text,B
541,Connor Sport Court,Connor Sport Court,img_alt_text,B
542,Consensusweblogo,Consensusweblogo,img_alt_text,B
543,Weblogo Contruent 180X100,Weblogo Contruent 180X100,img_alt_text,B
544,Convertr Weblogo 180X100,Convertr Weblogo 180X100,img_alt_text,B
545,Corporatevisions Weblogo 180X100,Corporatevisions Weblogo 180X100,img_alt_text,B
546,Weblogo Creditlogic 180X100,Weblogo Creditlogic 180X100,img_alt_text,B
547,Weblogo CRIO 180X100,Weblogo CRIO 180X100,img_alt_text,B
548,CPI,CPI,img_alt_text,B
549,Cryptomathic Weblogo 180X100,Cryptomathic Weblogo 180X100,img_alt_text,B
550,Cutomerguage Weblogocolor,Cutomerguage Weblogocolor,img_alt_text,B
551,Weblogo Cyberguru 180X100,Weblogo Cyberguru 180X100,img_alt_text,B
552,Weblogo Cybersaint 180X100,Weblogo Cybersaint 180X100,img_alt_text,B
553,Weblogo Dastex2a 180X100,Weblogo Dastex2a 180X100,img_alt_text,B
554,Weblogo DAWGS 180X100,Weblogo DAWGS 180X100,img_alt_text,B
555,DCM Asia Logo,DCM Asia Logo,img_alt_text,B
556,Weblogo Deceraclinical 180X100,Weblogo Deceraclinical 180X100,img_alt_text,B
557,Deckcommerce Weblogocolor,Deckcommerce Weblogocolor,img_alt_text,B
558,Weblogo Decusoftt 180X100,Weblogo Decusoftt 180X100,img_alt_text,B
559,Weblogo Delaget 180X100,Weblogo Delaget 180X100,img_alt_text,B
560,Delta Logo,Delta Logo,img_alt_text,B
561,DentalPlans.com,DentalPlans.com,img_alt_text,B
562,DHD Logo,DHD Logo,img_alt_text,B
563,Diatron Group Logo,Diatron Group Logo,img_alt_text,B
564,DTI Logo,DTI Logo,img_alt_text,B
565,Weblogo DINGO 180X100,Weblogo DINGO 180X100,img_alt_text,B
566,DISA Logo,DISA Logo,img_alt_text,B
567,Doctorcomweblogo,Doctorcomweblogo,img_alt_text,B
568,DPA Microphones,DPA Microphones,img_alt_text,B
569,DuBois Logo,DuBois Logo,img_alt_text,B
570,DuBois Logo,DuBois Logo,img_alt_text,B
571,Dynojet Logo,Dynojet Logo,img_alt_text,B
572,E&A Scheer Logo,E&A Scheer Logo,img_alt_text,B
573,Eemax,Eemax,img_alt_text,B
574,Elite Sportswear,Elite Sportswear,img_alt_text,B
575,EM Test Logo,EM Test Logo,img_alt_text,B
576,ECN Logo,ECN Logo,img_alt_text,B
577,Weblogo Energyexemplar 180X100,Weblogo Energyexemplar 180X100,img_alt_text,B
578,Enhatchweblogo,Enhatchweblogo,img_alt_text,B
579,ENTRIX Logo,ENTRIX Logo,img_alt_text,B
580,EPCO Logo,EPCO Logo,img_alt_text,B
581,Epilot Weblogo 180X100,Epilot Weblogo 180X100,img_alt_text,B
582,Weblogo Essentialcompositions2 180X100,Weblogo Essentialcompositions2 180X100,img_alt_text,B
583,Euromed Logo,Euromed Logo,img_alt_text,B
584,Eventsair Weblogo 180X100,Eventsair Weblogo 180X100,img_alt_text,B
585,Eversmithbrands Weblogo 180X100,Eversmithbrands Weblogo 180X100,img_alt_text,B
586,Weblogo Everway 180X100,Weblogo Everway 180X100,img_alt_text,B
587,Weblogo Everway 180X100,Weblogo Everway 180X100,img_alt_text,B
588,Evive Weblogo 180X100,Evive Weblogo 180X100,img_alt_text,B
589,Execvisionweblogo,Execvisionweblogo,img_alt_text,B
590,Experient Logo,Experient Logo,img_alt_text,B
591,Weblogo Expionhealth 180X100,Weblogo Expionhealth 180X100,img_alt_text,B
592,Express Logo,Express Logo,img_alt_text,B
593,Fadata,Fadata,img_alt_text,B
594,FairPay,FairPay,img_alt_text,B
595,Fielo Weblogo 180X100,Fielo Weblogo 180X100,img_alt_text,B
596,Fisher Unitech Logo,Fisher Unitech Logo,img_alt_text,B
597,FLA Logo,FLA Logo,img_alt_text,B
598,Flavorsum Weblogo 180X100,Flavorsum Weblogo 180X100,img_alt_text,B
599,FoodState Company Logo,FoodState Company Logo,img_alt_text,B
600,Freeway Weblogo 180X100,Freeway Weblogo 180X100,img_alt_text,B
601,Freightwise Weblogocolor,Freightwise Weblogocolor,img_alt_text,B
602,FURTHER Weblogo 180X100,FURTHER Weblogo 180X100,img_alt_text,B
603,Future Metals Logo,Future Metals Logo,img_alt_text,B
604,Gapartners Weblogo,Gapartners Weblogo,img_alt_text,B
605,G&H Orthodontics Logo,G&H Orthodontics Logo,img_alt_text,B
606,Galvanina Logo,Galvanina Logo,img_alt_text,B
607,Gastromatic Weblogo 180X100,Gastromatic Weblogo 180X100,img_alt_text,B
608,Weblogo GFOS 180X100,Weblogo GFOS 180X100,img_alt_text,B
609,Global Claims Services,Global Claims Services,img_alt_text,B
610,Global Orthopaedic Technology,Global Orthopaedic Technology,img_alt_text,B
611,Goby Weblogocolor,Goby Weblogocolor,img_alt_text,B
612,Goreactweblogo,Goreactweblogo,img_alt_text,B
613,Gracehill Logo,Gracehill Logo,img_alt_text,B
614,Weblogo Gravitee 180X100,Weblogo Gravitee 180X100,img_alt_text,B
615,GreenLine Logo,GreenLine Logo,img_alt_text,B
616,Greenphire Logo,Greenphire Logo,img_alt_text,B
617,GTI Logo,GTI Logo,img_alt_text,B
618,Guestline Logo,Guestline Logo,img_alt_text,B
619,Hammerblow Logo,Hammerblow Logo,img_alt_text,B
620,Weblogo Hapana 180X100,Weblogo Hapana 180X100,img_alt_text,B
621,HardwareResources Logo,HardwareResources Logo,img_alt_text,B
622,Harvey Performance Company Logo,Harvey Performance Company Logo,img_alt_text,B
623,HCPro Logo,HCPro Logo,img_alt_text,B
624,HD Advanced Logo,HD Advanced Logo,img_alt_text,B
625,Weblogo Headtotoebrands 180X100,Weblogo Headtotoebrands 180X100,img_alt_text,B
626,HSI Logo,HSI Logo,img_alt_text,B
627,HSI Logo,HSI Logo,img_alt_text,B
628,healthcarefirst,healthcarefirst,img_alt_text,B
629,Healthtech3 Logo,Healthtech3 Logo,img_alt_text,B
630,Herb Thyme Logo,Herb Thyme Logo,img_alt_text,B
631,Weblogo Heydata 180X100,Weblogo Heydata 180X100,img_alt_text,B
632,Hiway Group Logo,Hiway Group Logo,img_alt_text,B
633,HMI Weblogo3,HMI Weblogo3,img_alt_text,B
634,Hrsoft Weblogo 180X100,Hrsoft Weblogo 180X100,img_alt_text,B
635,HRA Pharma,HRA Pharma,img_alt_text,B
636,Hudson Sharp Logo,Hudson Sharp Logo,img_alt_text,B
637,Hydrocorp Weblogo 180X100,Hydrocorp Weblogo 180X100,img_alt_text,B
638,iAutomation Logo,iAutomation Logo,img_alt_text,B
639,Icev Weblogo 180X100,Icev Weblogo 180X100,img_alt_text,B
640,Ideoclickweblogo,Ideoclickweblogo,img_alt_text,B
641,Weblogo IDEON 180X100,Weblogo IDEON 180X100,img_alt_text,B
642,IDOC Logo,IDOC Logo,img_alt_text,B
643,IFS Group,IFS Group,img_alt_text,B
644,Weblogo Ilpastaio 180X100,Weblogo Ilpastaio 180X100,img_alt_text,B
645,Weblogo Impactxm 180X100,Weblogo Impactxm 180X100,img_alt_text,B
646,ILS Weblogo,ILS Weblogo,img_alt_text,B
647,Inscape Logo,Inscape Logo,img_alt_text,B
648,Innovating Claims Management Logo,Innovating Claims Management Logo,img_alt_text,B
649,IPS Logo,IPS Logo,img_alt_text,B
650,Weblogo Intrepidnetworks 180X100,Weblogo Intrepidnetworks 180X100,img_alt_text,B
651,Invita Weblogo,Invita Weblogo,img_alt_text,B
652,Weblogo Ironedge 180X100,Weblogo Ironedge 180X100,img_alt_text,B
653,It's Just Lunch Logo,It's Just Lunch Logo,img_alt_text,B
654,Junior Sports Corporation,Junior Sports Corporation,img_alt_text,B
655,Justrite Logo,Justrite Logo,img_alt_text,B
656,Kasasa Logo,Kasasa Logo,img_alt_text,B
657,Weblogo Kaseware 180X100,Weblogo Kaseware 180X100,img_alt_text,B
658,Keepsake Logo,Keepsake Logo,img_alt_text,B
659,Keonahealth Weblogocolor,Keonahealth Weblogocolor,img_alt_text,B
660,Keycast Logo,Keycast Logo,img_alt_text,B
661,Keymile,Keymile,img_alt_text,B
662,KFM Logo,KFM Logo,img_alt_text,B
663,Lacunasolutions Weblogo 180X100,Lacunasolutions Weblogo 180X100,img_alt_text,B
664,Lakeview Health Logo,Lakeview Health Logo,img_alt_text,B
665,L-com Logo,L-com Logo,img_alt_text,B
666,Learning Seat Logo,Learning Seat Logo,img_alt_text,B
667,Leftshiftweblogo,Leftshiftweblogo,img_alt_text,B
668,Lexipol Weblogo2,Lexipol Weblogo2,img_alt_text,B
669,Lexipol Weblogo2,Lexipol Weblogo2,img_alt_text,B
670,Lillebaby Logo,Lillebaby Logo,img_alt_text,B
671,Lmgholdingsweblogo2,Lmgholdingsweblogo2,img_alt_text,B
672,Weblogo Loadstop 180X100,Weblogo Loadstop 180X100,img_alt_text,B
673,LocalTel Logo,LocalTel Logo,img_alt_text,B
674,Logically logo,Logically logo,img_alt_text,B
675,London's Dairy Farm Logo,London's Dairy Farm Logo,img_alt_text,B
676,Looptie Weblogocolor,Looptie Weblogocolor,img_alt_text,B
677,Lumen Dynamics Group Logo,Lumen Dynamics Group Logo,img_alt_text,B
678,Marena Logo,Marena Logo,img_alt_text,B
679,Marketmuseweblogo,Marketmuseweblogo,img_alt_text,B
680,Maverick Logo,Maverick Logo,img_alt_text,B
681,MEC3 Logo,MEC3 Logo,img_alt_text,B
682,Media Source Company Logo,Media Source Company Logo,img_alt_text,B
683,Weblogo Mediafly 180X100,Weblogo Mediafly 180X100,img_alt_text,B
684,Megachemie Logo,Megachemie Logo,img_alt_text,B
685,Merit Logo,Merit Logo,img_alt_text,B
686,Mifam Logo,Mifam Logo,img_alt_text,B
687,Mintra Weblogo2,Mintra Weblogo2,img_alt_text,B
688,MK Logo,MK Logo,img_alt_text,B
689,MLCOA,MLCOA,img_alt_text,B
690,Mmgfusion Weblogo180x100,Mmgfusion Weblogo180x100,img_alt_text,B
691,MNX Logo,MNX Logo,img_alt_text,B
692,Moderncampus Weblogo 180X100,Moderncampus Weblogo 180X100,img_alt_text,B
693,Modernhire Weblogo,Modernhire Weblogo,img_alt_text,B
694,Momentum Group Logo,Momentum Group Logo,img_alt_text,B
695,Weblogo Momentum101625 180X100,Weblogo Momentum101625 180X100,img_alt_text,B
696,Monessen Logo,Monessen Logo,img_alt_text,B
697,Montel Weblogo 180X100,Montel Weblogo 180X100,img_alt_text,B
698,Moss Logo,Moss Logo,img_alt_text,B
699,Matthew*Warren Industries Logo,Matthew*Warren Industries Logo,img_alt_text,B
700,Myskillscamp Weblogo 180X100,Myskillscamp Weblogo 180X100,img_alt_text,B
701,NAKA,NAKA,img_alt_text,B
702,NAVEX Global,NAVEX Global,img_alt_text,B
703,Navigate360 Weblogo,Navigate360 Weblogo,img_alt_text,B
704,neighborly logo,neighborly logo,img_alt_text,B
705,Logo Netwatch 180X100,Logo Netwatch 180X100,img_alt_text,B
706,Nordco Logo,Nordco Logo,img_alt_text,B
707,North American Dental Group Logo,North American Dental Group Logo,img_alt_text,B
708,Novamed Logo,Novamed Logo,img_alt_text,B
709,NPC Logo,NPC Logo,img_alt_text,B
710,Nustef Weblogo 180X100,Nustef Weblogo 180X100,img_alt_text,B
711,Oaky Weblogo 180X100,Oaky Weblogo 180X100,img_alt_text,B
712,Olympic Logo,Olympic Logo,img_alt_text,B
713,Omnigo logo,Omnigo logo,img_alt_text,B
714,Weblogo Onlocation 180X100,Weblogo Onlocation 180X100,img_alt_text,B
715,OnCourse Learning,OnCourse Learning,img_alt_text,B
716,Oni Logo,Oni Logo,img_alt_text,B
717,Onscent Weblogo2 180X100,Onscent Weblogo2 180X100,img_alt_text,B
718,Oomnitzaweblogo,Oomnitzaweblogo,img_alt_text,B
719,Orliman Logo,Orliman Logo,img_alt_text,B
720,Portfolio Company - Ortho D,Portfolio Company - Ortho D,img_alt_text,B
721,Outsolve Weblogo 180X100,Outsolve Weblogo 180X100,img_alt_text,B
722,Outward Hound Logo,Outward Hound Logo,img_alt_text,B
723,Ownlocalweblogo,Ownlocalweblogo,img_alt_text,B
724,Paradigm Logo,Paradigm Logo,img_alt_text,B
725,Pareto Logo,Pareto Logo,img_alt_text,B
726,Parkerfoodgroup Weblogo 180X100,Parkerfoodgroup Weblogo 180X100,img_alt_text,B
727,Weblogo Partium 180X100,Weblogo Partium 180X100,img_alt_text,B
728,Patronmanagerweblogo,Patronmanagerweblogo,img_alt_text,B
729,Peak Weblogo 180X100,Peak Weblogo 180X100,img_alt_text,B
730,Peerspot Weblogo 180X100,Peerspot Weblogo 180X100,img_alt_text,B
731,Weblogo Peoplegrovev3 180X100,Weblogo Peoplegrovev3 180X100,img_alt_text,B
732,PSI Weblogo,PSI Weblogo,img_alt_text,B
733,Pfbcorp Weblogo 180X100,Pfbcorp Weblogo 180X100,img_alt_text,B
734,Polar Windows Logo,Polar Windows Logo,img_alt_text,B
735,PPC Logo,PPC Logo,img_alt_text,B
736,Precision Wire Components Logo,Precision Wire Components Logo,img_alt_text,B
737,Primalex Logo,Primalex Logo,img_alt_text,B
738,PCS Logo,PCS Logo,img_alt_text,B
739,Profit Systems Logo,Profit Systems Logo,img_alt_text,B
740,Weblogo Propensity 180X100,Weblogo Propensity 180X100,img_alt_text,B
741,ProSites Logo,ProSites Logo,img_alt_text,B
742,Pro-vigil Logo,Pro-vigil Logo,img_alt_text,B
743,Purple Weblogo 180X100,Purple Weblogo 180X100,img_alt_text,B
744,Weblogo Pypestream 180X100,Weblogo Pypestream 180X100,img_alt_text,B
745,QualServ Logo,QualServ Logo,img_alt_text,B
746,Quivers Weblogo 180X100,Quivers Weblogo 180X100,img_alt_text,B
747,Rameder-Logo,Rameder-Logo,img_alt_text,B
748,Weblogo Readysetsurgical 180X100,Weblogo Readysetsurgical 180X100,img_alt_text,B
749,Recoverypoint Weblogo,Recoverypoint Weblogo,img_alt_text,B
750,Rednucleus2 Weblogo 180X100,Rednucleus2 Weblogo 180X100,img_alt_text,B
751,Redteamweblogo,Redteamweblogo,img_alt_text,B
752,REIMA Device 180X100,REIMA Device 180X100,img_alt_text,B
753,Relay Weblogo 180X100,Relay Weblogo 180X100,img_alt_text,B
754,REPA Weblogo,REPA Weblogo,img_alt_text,B
755,Results Weight Loss Logo,Results Weight Loss Logo,img_alt_text,B
756,Boost,Boost,img_alt_text,B
757,Revegyweblogo,Revegyweblogo,img_alt_text,B
758,Revtraxweblogo,Revtraxweblogo,img_alt_text,B
759,Richter Logo,Richter Logo,img_alt_text,B
760,Rutland Group logo,Rutland Group logo,img_alt_text,B
761,SAFEbuilt,SAFEbuilt,img_alt_text,B
762,Salgglas Logo,Salgglas Logo,img_alt_text,B
763,Screen Vision Logo,Screen Vision Logo,img_alt_text,B
764,Weblogo Seatex 180X100,Weblogo Seatex 180X100,img_alt_text,B
765,Selig Logo,Selig Logo,img_alt_text,B
766,Sencore,Sencore,img_alt_text,B
767,Sentinel Logo,Sentinel Logo,img_alt_text,B
768,Weblogo Sevdesk 180X100,Weblogo Sevdesk 180X100,img_alt_text,B
769,Shinsouki Logo,Shinsouki Logo,img_alt_text,B
770,RAC Showdme Weblogo 180X100,RAC Showdme Weblogo 180X100,img_alt_text,B
771,Siffron Weblogo 180X100,Siffron Weblogo 180X100,img_alt_text,B
772,SIGG Logo,SIGG Logo,img_alt_text,B
773,Weblogo Simcro2 180X100,Weblogo Simcro2 180X100,img_alt_text,B
774,Weblogo Smartways 180X100,Weblogo Smartways 180X100,img_alt_text,B
775,Weblogo Solutaboonchapman 180X100,Weblogo Solutaboonchapman 180X100,img_alt_text,B
776,Soothe Weblogo2,Soothe Weblogo2,img_alt_text,B
777,SFNN Logo,SFNN Logo,img_alt_text,B
778,SMS Company Logo,SMS Company Logo,img_alt_text,B
779,Spectrio,Spectrio,img_alt_text,B
780,Spirion Logo,Spirion Logo,img_alt_text,B
781,SpofaDental Logo,SpofaDental Logo,img_alt_text,B
782,Sportsrecruitsweblogo,Sportsrecruitsweblogo,img_alt_text,B
783,Squirro Weblogo 180X100,Squirro Weblogo 180X100,img_alt_text,B
784,Stemlab Logo,Stemlab Logo,img_alt_text,B
785,Stoffel Logo,Stoffel Logo,img_alt_text,B
786,Suitepad Weblogocolor,Suitepad Weblogocolor,img_alt_text,B
787,Sunless Logo,Sunless Logo,img_alt_text,B
788,Sunise Windows Logo,Sunise Windows Logo,img_alt_text,B
789,SureWerx logo,SureWerx logo,img_alt_text,B
790,Power Planning System,Power Planning System,img_alt_text,B
791,Sytrue Weblogo 180X100,Sytrue Weblogo 180X100,img_alt_text,B
792,Weblogo T3servicesgroup 180X100,Weblogo T3servicesgroup 180X100,img_alt_text,B
793,Tate's Bake Shop,Tate's Bake Shop,img_alt_text,B
794,Team Technologies Logo,Team Technologies Logo,img_alt_text,B
795,Tensator Logo,Tensator Logo,img_alt_text,B
796,Teufel Logo,Teufel Logo,img_alt_text,B
797,Dermgroupweblogo,Dermgroupweblogo,img_alt_text,B
798,Dwyer Logo,Dwyer Logo,img_alt_text,B
799,The Dwyer Group,The Dwyer Group,img_alt_text,B
800,Weblogo Healthea 180X100,Weblogo Healthea 180X100,img_alt_text,B
801,Weblogo Townsendgroup 180X100,Weblogo Townsendgroup 180X100,img_alt_text,B
802,Weblogo Vomela 180X100,Weblogo Vomela 180X100,img_alt_text,B
803,Thibaut Logo,Thibaut Logo,img_alt_text,B
804,Thinktankweblogo,Thinktankweblogo,img_alt_text,B
805,Weblogo Threatmark 180X100,Weblogo Threatmark 180X100,img_alt_text,B
806,Thresholdbrands Weblogo 180X100,Thresholdbrands Weblogo 180X100,img_alt_text,B
807,Todaytixweblogo,Todaytixweblogo,img_alt_text,B
808,TOOLPORT Weblogo,TOOLPORT Weblogo,img_alt_text,B
809,Transporeon,Transporeon,img_alt_text,B
810,Trend Logo,Trend Logo,img_alt_text,B
811,Tropikal Logo,Tropikal Logo,img_alt_text,B
812,TrueHealth Group Logo,TrueHealth Group Logo,img_alt_text,B
813,Trustwell Weblogo 180X100,Trustwell Weblogo 180X100,img_alt_text,B
814,Turtl Weblogocolor,Turtl Weblogocolor,img_alt_text,B
815,Weblogo Typsy 180X100,Weblogo Typsy 180X100,img_alt_text,B
816,Uinta Brewing logo,Uinta Brewing logo,img_alt_text,B
817,UltraVolt Logo,UltraVolt Logo,img_alt_text,B
818,Unifocus Weblogo2 180X100,Unifocus Weblogo2 180X100,img_alt_text,B
819,unipac Logo,unipac Logo,img_alt_text,B
820,United Central Industrial Supplies,United Central Industrial Supplies,img_alt_text,B
821,UAF Logo,UAF Logo,img_alt_text,B
822,Uscabinetdepot Weblogo 180X100,Uscabinetdepot Weblogo 180X100,img_alt_text,B
823,Veritext Logo,Veritext Logo,img_alt_text,B
824,Viking Plastics Logo,Viking Plastics Logo,img_alt_text,B
825,VPG Logo,VPG Logo,img_alt_text,B
826,Weblogo VITG 180X100,Weblogo VITG 180X100,img_alt_text,B
827,Vivi Updatedlogo 180X100,Vivi Updatedlogo 180X100,img_alt_text,B
828,Vokes Air Logo,Vokes Air Logo,img_alt_text,B
829,Weblogo Wallstreetprep 180X100,Weblogo Wallstreetprep 180X100,img_alt_text,B
830,Waste Service Group Logo,Waste Service Group Logo,img_alt_text,B
831,WaterJel Logo,WaterJel Logo,img_alt_text,B
832,Welltec,Welltec,img_alt_text,B
833,Whatcounts Logo,Whatcounts Logo,img_alt_text,B
834,WAG Logo,WAG Logo,img_alt_text,B
835,Wildlife International Logo,Wildlife International Logo,img_alt_text,B
836,WizIsland,WizIsland,img_alt_text,B
837,Wondrhealth Weblogo,Wondrhealth Weblogo,img_alt_text,B
838,Work Health Group Logo,Work Health Group Logo,img_alt_text,B
839,WorkPlace Media Logo,WorkPlace Media Logo,img_alt_text,B
840,Workstride Logo,Workstride Logo,img_alt_text,B
841,Xcentric Mold Logo,Xcentric Mold Logo,img_alt_text,B
842,Y'sRoad,Y'sRoad,img_alt_text,B
843,YourMembership Logo,YourMembership Logo,img_alt_text,B
844,Yum Earth logo,Yum Earth logo,img_alt_text,B
845,Zetkama Logo,Zetkama Logo,img_alt_text,B
846,Ziflow Weblogo 180X100,Ziflow Weblogo 180X100,img_alt_text,B
847,Weblogo Zoobean 180X100,Weblogo Zoobean 180X100,img_alt_text,B
848,Icon Hunmanresources Blue,Icon Hunmanresources Blue,img_alt_text,B
848,icon hunmanresources blue,/media/4yxbdq3n/icon_hunmanresources_blue.png?anchor=center&mode=crop&width=170&height=170&rnd=132140787107500000,src,B
849,Icon Email Blue,Icon Email Blue,img_alt_text,B
849,icon email blue,/media/gokfj2ve/icon_email_blue.png?anchor=center&mode=crop&width=170&height=170&rnd=132137697385930000,src,B
850,Footer Logo,Footer Logo,img_alt_text,B
850,footer logo,/media/l0jktm0d/footer-logo.png?anchor=center&mode=crop&width=164&height=80&rnd=132082997777370000,src,B
851,View Profile,View Profile,a_inner_text,A
851,a forall,/investment-portfolio/a-forall/,href,A
852,View Profile,View Profile,a_inner_text,A
852,abracon,/investment-portfolio/abracon/,href,A
853,View Profile,View Profile,a_inner_text,A
853,act test panels,/investment-portfolio/act-test-panels/,href,A
854,View Profile,View Profile,a_inner_text,A
854,actineo,/investment-portfolio/actineo/,href,A
855,View Profile,View Profile,a_inner_text,A
855,activstyle,/investment-portfolio/activstyle/,href,A
856,View Profile,View Profile,a_inner_text,A
856,adherehealth,/investment-portfolio/adherehealth/,href,A
857,View Profile,View Profile,a_inner_text,A
857,aerco,/investment-portfolio/aerco/,href,A
858,View Profile,View Profile,a_inner_text,A
858,affinitiv,/investment-portfolio/affinitiv/,href,A
859,View Profile,View Profile,a_inner_text,A
859,agens,/investment-portfolio/agens/,href,A
860,View Profile,View Profile,a_inner_text,A
860,agri max,/investment-portfolio/agri-max/,href,A
861,View Profile,View Profile,a_inner_text,A
861,aia corporation,/investment-portfolio/aia-corporation/,href,A
862,View Profile,View Profile,a_inner_text,A
862,airfocus,/investment-portfolio/airfocus/,href,A
863,View Profile,View Profile,a_inner_text,A
863,ais group,/investment-portfolio/ais-group/,href,A
864,View Profile,View Profile,a_inner_text,A
864,alchemy,/investment-portfolio/alchemy/,href,A
865,View Profile,View Profile,a_inner_text,A
865,alcohol monitoring systems,/investment-portfolio/alcohol-monitoring-systems/,href,A
866,View Profile,View Profile,a_inner_text,A
866,align networks,/investment-portfolio/align-networks/,href,A
867,View Profile,View Profile,a_inner_text,A
867,align ops,/investment-portfolio/align-ops/,href,A
868,View Profile,View Profile,a_inner_text,A
868,alpha h,/investment-portfolio/alpha-h/,href,A
869,View Profile,View Profile,a_inner_text,A
869,alsana,/investment-portfolio/alsana/,href,A
870,View Profile,View Profile,a_inner_text,A
870,altius group,/investment-portfolio/altius-group/,href,A
871,View Profile,View Profile,a_inner_text,A
871,american electronic components,/investment-portfolio/american-electronic-components/,href,A
872,View Profile,View Profile,a_inner_text,A
872,american hospice,/investment-portfolio/american-hospice/,href,A
873,View Profile,View Profile,a_inner_text,A
873,american products company,/investment-portfolio/american-products-company/,href,A
874,View Profile,View Profile,a_inner_text,A
874,american stock transfer trust company,/investment-portfolio/american-stock-transfer-trust-company/,href,A
875,View Profile,View Profile,a_inner_text,A
875,anitox,/investment-portfolio/anitox/,href,A
876,View Profile,View Profile,a_inner_text,A
876,apica,/investment-portfolio/apica/,href,A
877,View Profile,View Profile,a_inner_text,A
877,apollo interactive,/investment-portfolio/apollo-interactive/,href,A
878,View Profile,View Profile,a_inner_text,A
878,aptivio,/investment-portfolio/aptivio/,href,A
879,View Profile,View Profile,a_inner_text,A
879,arcos i,/investment-portfolio/arcos-i/,href,A
880,View Profile,View Profile,a_inner_text,A
880,arcos ii,/investment-portfolio/arcos-ii/,href,A
881,View Profile,View Profile,a_inner_text,A
881,arena,/investment-portfolio/arena/,href,A
882,View Profile,View Profile,a_inner_text,A
882,arrowhead engineered products,/investment-portfolio/arrowhead-engineered-products/,href,A
883,View Profile,View Profile,a_inner_text,A
883,ati,/investment-portfolio/ati/,href,A
884,View Profile,View Profile,a_inner_text,A
884,autocorp ai inc,/investment-portfolio/autocorp-ai-inc/,href,A
885,View Profile,View Profile,a_inner_text,A
885,avance clinical,/investment-portfolio/avance-clinical/,href,A
886,View Profile,View Profile,a_inner_text,A
886,avatar solutions,/investment-portfolio/avatar-solutions/,href,A
887,View Profile,View Profile,a_inner_text,A
887,awp safety i,/investment-portfolio/awp-safety-i/,href,A
888,View Profile,View Profile,a_inner_text,A
888,awp safety ii,/investment-portfolio/awp-safety-ii/,href,A
889,View Profile,View Profile,a_inner_text,A
889,ax semantics,/investment-portfolio/ax-semantics/,href,A
890,View Profile,View Profile,a_inner_text,A
890,axiom automotive technologies,/investment-portfolio/axiom-automotive-technologies/,href,A
891,View Profile,View Profile,a_inner_text,A
891,baby jogger,/investment-portfolio/baby-jogger/,href,A
892,View Profile,View Profile,a_inner_text,A
892,baker hill,/investment-portfolio/baker-hill/,href,A
893,View Profile,View Profile,a_inner_text,A
893,be green packaging,/investment-portfolio/be-green-packaging/,href,A
894,View Profile,View Profile,a_inner_text,A
894,beaconmedaes,/investment-portfolio/beaconmedaes/,href,A
895,View Profile,View Profile,a_inner_text,A
895,benesys,/investment-portfolio/benesys/,href,A
896,View Profile,View Profile,a_inner_text,A
896,bentley laboratories,/investment-portfolio/bentley-laboratories/,href,A
897,View Profile,View Profile,a_inner_text,A
897,beonx,/investment-portfolio/beonx/,href,A
898,View Profile,View Profile,a_inner_text,A
898,best life brands,/investment-portfolio/best-life-brands/,href,A
899,View Profile,View Profile,a_inner_text,A
899,big think,/investment-portfolio/big-think/,href,A
900,View Profile,View Profile,a_inner_text,A
900,bike24 i,/investment-portfolio/bike24-i/,href,A
901,View Profile,View Profile,a_inner_text,A
901,bike24 ii,/investment-portfolio/bike24-ii/,href,A
902,View Profile,View Profile,a_inner_text,A
902,bionativa,/investment-portfolio/bionativa/,href,A
903,View Profile,View Profile,a_inner_text,A
903,blue microphones,/investment-portfolio/blue-microphones/,href,A
904,View Profile,View Profile,a_inner_text,A
904,bluefletch,/investment-portfolio/bluefletch/,href,A
905,View Profile,View Profile,a_inner_text,A
905,blueprint,/investment-portfolio/blueprint/,href,A
906,View Profile,View Profile,a_inner_text,A
906,bohemia interactive simulations,/investment-portfolio/bohemia-interactive-simulations/,href,A
907,View Profile,View Profile,a_inner_text,A
907,brandmuscle,/investment-portfolio/brandmuscle/,href,A
908,View Profile,View Profile,a_inner_text,A
908,brookson,/investment-portfolio/brookson/,href,A
909,View Profile,View Profile,a_inner_text,A
909,buildout inc,/investment-portfolio/buildout-inc/,href,A
910,View Profile,View Profile,a_inner_text,A
910,camelot education,/investment-portfolio/camelot-education/,href,A
911,View Profile,View Profile,a_inner_text,A
911,capol,/investment-portfolio/capol/,href,A
912,View Profile,View Profile,a_inner_text,A
912,caprock communications,/investment-portfolio/caprock-communications/,href,A
913,View Profile,View Profile,a_inner_text,A
913,caravelo,/investment-portfolio/caravelo/,href,A
914,View Profile,View Profile,a_inner_text,A
914,carborundum electrite,/investment-portfolio/carborundum-electrite/,href,A
915,View Profile,View Profile,a_inner_text,A
915,casavi,/investment-portfolio/casavi/,href,A
916,View Profile,View Profile,a_inner_text,A
916,causematch,/investment-portfolio/causematch/,href,A
917,View Profile,View Profile,a_inner_text,A
917,censis,/investment-portfolio/censis/,href,A
918,View Profile,View Profile,a_inner_text,A
918,certasite,/investment-portfolio/certasite/,href,A
919,View Profile,View Profile,a_inner_text,A
919,certified collision group inc,/investment-portfolio/certified-collision-group-inc/,href,A
920,View Profile,View Profile,a_inner_text,A
920,chronicle heritage,/investment-portfolio/chronicle-heritage/,href,A
921,View Profile,View Profile,a_inner_text,A
921,circlelink health,/investment-portfolio/circlelink-health/,href,A
922,View Profile,View Profile,a_inner_text,A
922,cis secure computing,/investment-portfolio/cis-secure-computing/,href,A
923,View Profile,View Profile,a_inner_text,A
923,clarus,/investment-portfolio/clarus/,href,A
924,View Profile,View Profile,a_inner_text,A
924,clayton group services,/investment-portfolio/clayton-group-services/,href,A
925,View Profile,View Profile,a_inner_text,A
925,clockworks analytics,/investment-portfolio/clockworks-analytics/,href,A
926,View Profile,View Profile,a_inner_text,A
926,cloud factory,/investment-portfolio/cloud-factory/,href,A
927,View Profile,View Profile,a_inner_text,A
927,cloud range,/investment-portfolio/cloud-range/,href,A
928,View Profile,View Profile,a_inner_text,A
928,cloudlex,/investment-portfolio/cloudlex/,href,A
929,View Profile,View Profile,a_inner_text,A
929,cloudpermit,/investment-portfolio/cloudpermit/,href,A
930,View Profile,View Profile,a_inner_text,A
930,cmit solutions,/investment-portfolio/cmit-solutions/,href,A
931,View Profile,View Profile,a_inner_text,A
931,coeur,/investment-portfolio/coeur/,href,A
932,View Profile,View Profile,a_inner_text,A
932,commonwealth laminating coating,/investment-portfolio/commonwealth-laminating-coating/,href,A
933,View Profile,View Profile,a_inner_text,A
933,compleet,/investment-portfolio/compleet/,href,A
934,View Profile,View Profile,a_inner_text,A
934,computer press,/investment-portfolio/computer-press/,href,A
935,View Profile,View Profile,a_inner_text,A
935,connexient,/investment-portfolio/connexient/,href,A
936,View Profile,View Profile,a_inner_text,A
936,connor sport court international,/investment-portfolio/connor-sport-court-international/,href,A
937,View Profile,View Profile,a_inner_text,A
937,consensus,/investment-portfolio/consensus/,href,A
938,View Profile,View Profile,a_inner_text,A
938,contruent,/investment-portfolio/contruent/,href,A
939,View Profile,View Profile,a_inner_text,A
939,convertr,/investment-portfolio/convertr/,href,A
940,View Profile,View Profile,a_inner_text,A
940,corporate visions inc,/investment-portfolio/corporate-visions-inc/,href,A
941,View Profile,View Profile,a_inner_text,A
941,creditlogic,/investment-portfolio/creditlogic/,href,A
942,View Profile,View Profile,a_inner_text,A
942,crio,/investment-portfolio/crio/,href,A
943,View Profile,View Profile,a_inner_text,A
943,crisis prevention institute,/investment-portfolio/crisis-prevention-institute/,href,A
944,View Profile,View Profile,a_inner_text,A
944,cryptomathic,/investment-portfolio/cryptomathic/,href,A
945,View Profile,View Profile,a_inner_text,A
945,customergauge,/investment-portfolio/customergauge/,href,A
946,View Profile,View Profile,a_inner_text,A
946,cyber guru,/investment-portfolio/cyber-guru/,href,A
947,View Profile,View Profile,a_inner_text,A
947,cybersaint security,/investment-portfolio/cybersaint-security/,href,A
948,View Profile,View Profile,a_inner_text,A
948,dastex,/investment-portfolio/dastex/,href,A
949,View Profile,View Profile,a_inner_text,A
949,dawgs,/investment-portfolio/dawgs/,href,A
950,View Profile,View Profile,a_inner_text,A
950,dcm asia,/investment-portfolio/dcm-asia/,href,A
951,View Profile,View Profile,a_inner_text,A
951,decera clinical,/investment-portfolio/decera-clinical/,href,A
952,View Profile,View Profile,a_inner_text,A
952,deck commerce,/investment-portfolio/deck-commerce/,href,A
953,View Profile,View Profile,a_inner_text,A
953,decusoft,/investment-portfolio/decusoft/,href,A
954,View Profile,View Profile,a_inner_text,A
954,delaget,/investment-portfolio/delaget/,href,A
955,View Profile,View Profile,a_inner_text,A
955,delta petroleum company,/investment-portfolio/delta-petroleum-company/,href,A
956,View Profile,View Profile,a_inner_text,A
956,dentalplans,/investment-portfolio/dentalplans/,href,A
957,View Profile,View Profile,a_inner_text,A
957,dhd healthcare,/investment-portfolio/dhd-healthcare/,href,A
958,View Profile,View Profile,a_inner_text,A
958,diatron group,/investment-portfolio/diatron-group/,href,A
959,View Profile,View Profile,a_inner_text,A
959,digital technology international,/investment-portfolio/digital-technology-international/,href,A
960,View Profile,View Profile,a_inner_text,A
960,dingo,/investment-portfolio/dingo/,href,A
961,View Profile,View Profile,a_inner_text,A
961,disa global solutions,/investment-portfolio/disa-global-solutions/,href,A
962,View Profile,View Profile,a_inner_text,A
962,doctor com,/investment-portfolio/doctor-com/,href,A
963,View Profile,View Profile,a_inner_text,A
963,dpa microphones,/investment-portfolio/dpa-microphones/,href,A
964,View Profile,View Profile,a_inner_text,A
964,dubois i,/investment-portfolio/dubois-i/,href,A
965,View Profile,View Profile,a_inner_text,A
965,dubois ii,/investment-portfolio/dubois-ii/,href,A
966,View Profile,View Profile,a_inner_text,A
966,dynojet research,/investment-portfolio/dynojet-research/,href,A
967,View Profile,View Profile,a_inner_text,A
967,e a scheer,/investment-portfolio/e-a-scheer/,href,A
968,View Profile,View Profile,a_inner_text,A
968,eemax,/investment-portfolio/eemax/,href,A
969,View Profile,View Profile,a_inner_text,A
969,elite sportswear,/investment-portfolio/elite-sportswear/,href,A
970,View Profile,View Profile,a_inner_text,A
970,em test,/investment-portfolio/em-test/,href,A
971,View Profile,View Profile,a_inner_text,A
971,emergency communications network,/investment-portfolio/emergency-communications-network/,href,A
972,View Profile,View Profile,a_inner_text,A
972,energy exemplar,/investment-portfolio/energy-exemplar/,href,A
973,View Profile,View Profile,a_inner_text,A
973,enhatch,/investment-portfolio/enhatch/,href,A
974,View Profile,View Profile,a_inner_text,A
974,entrix,/investment-portfolio/entrix/,href,A
975,View Profile,View Profile,a_inner_text,A
975,epco,/investment-portfolio/epco/,href,A
976,View Profile,View Profile,a_inner_text,A
976,epilot,/investment-portfolio/epilot/,href,A
977,View Profile,View Profile,a_inner_text,A
977,essential compositions,/investment-portfolio/essential-compositions/,href,A
978,View Profile,View Profile,a_inner_text,A
978,euromed,/investment-portfolio/euromed/,href,A
979,View Profile,View Profile,a_inner_text,A
979,eventsair,/investment-portfolio/eventsair/,href,A
980,View Profile,View Profile,a_inner_text,A
980,eversmith brands,/investment-portfolio/eversmith-brands/,href,A
981,View Profile,View Profile,a_inner_text,A
981,everway i,/investment-portfolio/everway-i/,href,A
982,View Profile,View Profile,a_inner_text,A
982,everway ii,/investment-portfolio/everway-ii/,href,A
983,View Profile,View Profile,a_inner_text,A
983,evive brands,/investment-portfolio/evive-brands/,href,A
984,View Profile,View Profile,a_inner_text,A
984,execvision,/investment-portfolio/execvision/,href,A
985,View Profile,View Profile,a_inner_text,A
985,experient,/investment-portfolio/experient/,href,A
986,View Profile,View Profile,a_inner_text,A
986,expion health,/investment-portfolio/expion-health/,href,A
987,View Profile,View Profile,a_inner_text,A
987,express,/investment-portfolio/express/,href,A
988,View Profile,View Profile,a_inner_text,A
988,fadata,/investment-portfolio/fadata/,href,A
989,View Profile,View Profile,a_inner_text,A
989,fairpay solutions,/investment-portfolio/fairpay-solutions/,href,A
990,View Profile,View Profile,a_inner_text,A
990,fielo,/investment-portfolio/fielo/,href,A
991,View Profile,View Profile,a_inner_text,A
991,fisher unitech,/investment-portfolio/fisher-unitech/,href,A
992,View Profile,View Profile,a_inner_text,A
992,fla orthopedics,/investment-portfolio/fla-orthopedics/,href,A
993,View Profile,View Profile,a_inner_text,A
993,flavorsum,/investment-portfolio/flavorsum/,href,A
994,View Profile,View Profile,a_inner_text,A
994,foodstate,/investment-portfolio/foodstate/,href,A
995,View Profile,View Profile,a_inner_text,A
995,freeeway,/investment-portfolio/freeeway/,href,A
996,View Profile,View Profile,a_inner_text,A
996,freightwise,/investment-portfolio/freightwise/,href,A
997,View Profile,View Profile,a_inner_text,A
997,further,/investment-portfolio/further/,href,A
998,View Profile,View Profile,a_inner_text,A
998,future metals,/investment-portfolio/future-metals/,href,A
999,View Profile,View Profile,a_inner_text,A
999,g a partners,/investment-portfolio/g-a-partners/,href,A
1000,View Profile,View Profile,a_inner_text,A
1000,g h orthodontics,/investment-portfolio/g-h-orthodontics/,href,A
1001,View Profile,View Profile,a_inner_text,A
1001,galvanina,/investment-portfolio/galvanina/,href,A
1002,View Profile,View Profile,a_inner_text,A
1002,gastromatic,/investment-portfolio/gastromatic/,href,A
1003,View Profile,View Profile,a_inner_text,A
1003,gfos,/investment-portfolio/gfos/,href,A
1004,View Profile,View Profile,a_inner_text,A
1004,global claims services,/investment-portfolio/global-claims-services/,href,A
1005,View Profile,View Profile,a_inner_text,A
1005,global orthopaedic technologies,/investment-portfolio/global-orthopaedic-technologies/,href,A
1006,View Profile,View Profile,a_inner_text,A
1006,goby,/investment-portfolio/goby/,href,A
1007,View Profile,View Profile,a_inner_text,A
1007,goreact,/investment-portfolio/goreact/,href,A
1008,View Profile,View Profile,a_inner_text,A
1008,grace hill,/investment-portfolio/grace-hill/,href,A
1009,View Profile,View Profile,a_inner_text,A
1009,gravitee,/investment-portfolio/gravitee/,href,A
1010,View Profile,View Profile,a_inner_text,A
1010,greenline foods,/investment-portfolio/greenline-foods/,href,A
1011,View Profile,View Profile,a_inner_text,A
1011,greenphire,/investment-portfolio/greenphire/,href,A
1012,View Profile,View Profile,a_inner_text,A
1012,gti diagnostics,/investment-portfolio/gti-diagnostics/,href,A
1013,View Profile,View Profile,a_inner_text,A
1013,guestline,/investment-portfolio/guestline/,href,A
1014,View Profile,View Profile,a_inner_text,A
1014,hammerblow towing systems,/investment-portfolio/hammerblow-towing-systems/,href,A
1015,View Profile,View Profile,a_inner_text,A
1015,hapana,/investment-portfolio/hapana/,href,A
1016,View Profile,View Profile,a_inner_text,A
1016,hardware resources,/investment-portfolio/hardware-resources/,href,A
1017,View Profile,View Profile,a_inner_text,A
1017,harvey performance company,/investment-portfolio/harvey-performance-company/,href,A
1018,View Profile,View Profile,a_inner_text,A
1018,hcpro,/investment-portfolio/hcpro/,href,A
1019,View Profile,View Profile,a_inner_text,A
1019,h d advanced manufacturing,/investment-portfolio/h-d-advanced-manufacturing/,href,A
1020,View Profile,View Profile,a_inner_text,A
1020,head to toe brands,/investment-portfolio/head-to-toe-brands/,href,A
1021,View Profile,View Profile,a_inner_text,A
1021,health safety institute i,/investment-portfolio/health-safety-institute-i/,href,A
1022,View Profile,View Profile,a_inner_text,A
1022,health safety institute ii,/investment-portfolio/health-safety-institute-ii/,href,A
1023,View Profile,View Profile,a_inner_text,A
1023,healthcarefirst,/investment-portfolio/healthcarefirst/,href,A
1024,View Profile,View Profile,a_inner_text,A
1024,healthtech,/investment-portfolio/healthtech/,href,A
1025,View Profile,View Profile,a_inner_text,A
1025,herbthyme,/investment-portfolio/herbthyme/,href,A
1026,View Profile,View Profile,a_inner_text,A
1026,heydata,/investment-portfolio/heydata/,href,A
1027,View Profile,View Profile,a_inner_text,A
1027,hiway group,/investment-portfolio/hiway-group/,href,A
1028,View Profile,View Profile,a_inner_text,A
1028,hmi,/investment-portfolio/hmi/,href,A
1029,View Profile,View Profile,a_inner_text,A
1029,hr soft,/investment-portfolio/hr-soft/,href,A
1030,View Profile,View Profile,a_inner_text,A
1030,hra pharma,/investment-portfolio/hra-pharma/,href,A
1031,View Profile,View Profile,a_inner_text,A
1031,hudson sharp,/investment-portfolio/hudson-sharp/,href,A
1032,View Profile,View Profile,a_inner_text,A
1032,hydrocorp,/investment-portfolio/hydrocorp/,href,A
1033,View Profile,View Profile,a_inner_text,A
1033,iautomation,/investment-portfolio/iautomation/,href,A
1034,View Profile,View Profile,a_inner_text,A
1034,icev,/investment-portfolio/icev/,href,A
1035,View Profile,View Profile,a_inner_text,A
1035,ideoclick,/investment-portfolio/ideoclick/,href,A
1036,View Profile,View Profile,a_inner_text,A
1036,ideon,/investment-portfolio/ideon/,href,A
1037,View Profile,View Profile,a_inner_text,A
1037,idoc,/investment-portfolio/idoc/,href,A
1038,View Profile,View Profile,a_inner_text,A
1038,ifs group,/investment-portfolio/ifs-group/,href,A
1039,View Profile,View Profile,a_inner_text,A
1039,il pastaio di brescia,/investment-portfolio/il-pastaio-di-brescia/,href,A
1040,View Profile,View Profile,a_inner_text,A
1040,impact xm,/investment-portfolio/impact-xm/,href,A
1041,View Profile,View Profile,a_inner_text,A
1041,independent living specialists,/investment-portfolio/independent-living-specialists/,href,A
1042,View Profile,View Profile,a_inner_text,A
1042,inscape publishing,/investment-portfolio/inscape-publishing/,href,A
1043,View Profile,View Profile,a_inner_text,A
1043,insurance claims management,/investment-portfolio/insurance-claims-management/,href,A
1044,View Profile,View Profile,a_inner_text,A
1044,integrated power services,/investment-portfolio/integrated-power-services/,href,A
1045,View Profile,View Profile,a_inner_text,A
1045,intrepid networks,/investment-portfolio/intrepid-networks/,href,A
1046,View Profile,View Profile,a_inner_text,A
1046,invita,/investment-portfolio/invita/,href,A
1047,View Profile,View Profile,a_inner_text,A
1047,ironedge,/investment-portfolio/ironedge/,href,A
1048,View Profile,View Profile,a_inner_text,A
1048,it s just lunch,/investment-portfolio/it-s-just-lunch/,href,A
1049,View Profile,View Profile,a_inner_text,A
1049,junior sports corporation,/investment-portfolio/junior-sports-corporation/,href,A
1050,View Profile,View Profile,a_inner_text,A
1050,justrite manufacturing company,/investment-portfolio/justrite-manufacturing-company/,href,A
1051,View Profile,View Profile,a_inner_text,A
1051,kasasa,/investment-portfolio/kasasa/,href,A
1052,View Profile,View Profile,a_inner_text,A
1052,kaseware,/investment-portfolio/kaseware/,href,A
1053,View Profile,View Profile,a_inner_text,A
1053,keepsake quilting,/investment-portfolio/keepsake-quilting/,href,A
1054,View Profile,View Profile,a_inner_text,A
1054,keona health,/investment-portfolio/keona-health/,href,A
1055,View Profile,View Profile,a_inner_text,A
1055,keycast,/investment-portfolio/keycast/,href,A
1056,View Profile,View Profile,a_inner_text,A
1056,keymile,/investment-portfolio/keymile/,href,A
1057,View Profile,View Profile,a_inner_text,A
1057,kfm,/investment-portfolio/kfm/,href,A
1058,View Profile,View Profile,a_inner_text,A
1058,lacuna solutions,/investment-portfolio/lacuna-solutions/,href,A
1059,View Profile,View Profile,a_inner_text,A
1059,lakeview health,/investment-portfolio/lakeview-health/,href,A
1060,View Profile,View Profile,a_inner_text,A
1060,l com,/investment-portfolio/l-com/,href,A
1061,View Profile,View Profile,a_inner_text,A
1061,learning seat,/investment-portfolio/learning-seat/,href,A
1062,View Profile,View Profile,a_inner_text,A
1062,leftshift,/investment-portfolio/leftshift/,href,A
1063,View Profile,View Profile,a_inner_text,A
1063,lexipol i,/investment-portfolio/lexipol-i/,href,A
1064,View Profile,View Profile,a_inner_text,A
1064,lexipol ii,/investment-portfolio/lexipol-ii/,href,A
1065,View Profile,View Profile,a_inner_text,A
1065,lillebaby,/investment-portfolio/lillebaby/,href,A
1066,View Profile,View Profile,a_inner_text,A
1066,lmg holdings inc,/investment-portfolio/lmg-holdings-inc/,href,A
1067,View Profile,View Profile,a_inner_text,A
1067,loadstop,/investment-portfolio/loadstop/,href,A
1068,View Profile,View Profile,a_inner_text,A
1068,localtel,/investment-portfolio/localtel/,href,A
1069,View Profile,View Profile,a_inner_text,A
1069,logically,/investment-portfolio/logically/,href,A
1070,View Profile,View Profile,a_inner_text,A
1070,london s farm dairy,/investment-portfolio/london-s-farm-dairy/,href,A
1071,View Profile,View Profile,a_inner_text,A
1071,loop tie,/investment-portfolio/loop-tie/,href,A
1072,View Profile,View Profile,a_inner_text,A
1072,lumen dynamics group,/investment-portfolio/lumen-dynamics-group/,href,A
1073,View Profile,View Profile,a_inner_text,A
1073,marena group,/investment-portfolio/marena-group/,href,A
1074,View Profile,View Profile,a_inner_text,A
1074,marketmuse,/investment-portfolio/marketmuse/,href,A
1075,View Profile,View Profile,a_inner_text,A
1075,maverick,/investment-portfolio/maverick/,href,A
1076,View Profile,View Profile,a_inner_text,A
1076,mec3,/investment-portfolio/mec3/,href,A
1077,View Profile,View Profile,a_inner_text,A
1077,media source,/investment-portfolio/media-source/,href,A
1078,View Profile,View Profile,a_inner_text,A
1078,mediafly,/investment-portfolio/mediafly/,href,A
1079,View Profile,View Profile,a_inner_text,A
1079,megachemie,/investment-portfolio/megachemie/,href,A
1080,View Profile,View Profile,a_inner_text,A
1080,merit industries,/investment-portfolio/merit-industries/,href,A
1081,View Profile,View Profile,a_inner_text,A
1081,mifam,/investment-portfolio/mifam/,href,A
1082,View Profile,View Profile,a_inner_text,A
1082,mintra,/investment-portfolio/mintra/,href,A
1083,View Profile,View Profile,a_inner_text,A
1083,mk chimney systems,/investment-portfolio/mk-chimney-systems/,href,A
1084,View Profile,View Profile,a_inner_text,A
1084,mlcoa,/investment-portfolio/mlcoa/,href,A
1085,View Profile,View Profile,a_inner_text,A
1085,mmg fusion,/investment-portfolio/mmg-fusion/,href,A
1086,View Profile,View Profile,a_inner_text,A
1086,mnx,/investment-portfolio/mnx/,href,A
1087,View Profile,View Profile,a_inner_text,A
1087,modern campus,/investment-portfolio/modern-campus/,href,A
1088,View Profile,View Profile,a_inner_text,A
1088,modern hire,/investment-portfolio/modern-hire/,href,A
1089,View Profile,View Profile,a_inner_text,A
1089,momentum group i,/investment-portfolio/momentum-group-i/,href,A
1090,View Profile,View Profile,a_inner_text,A
1090,momentum group ii,/investment-portfolio/momentum-group-ii/,href,A
1091,View Profile,View Profile,a_inner_text,A
1091,monessen,/investment-portfolio/monessen/,href,A
1092,View Profile,View Profile,a_inner_text,A
1092,montel,/investment-portfolio/montel/,href,A
1093,View Profile,View Profile,a_inner_text,A
1093,moss,/investment-portfolio/moss/,href,A
1094,View Profile,View Profile,a_inner_text,A
1094,mw industries,/investment-portfolio/mw-industries/,href,A
1095,View Profile,View Profile,a_inner_text,A
1095,myskillcamp,/investment-portfolio/myskillcamp/,href,A
1096,View Profile,View Profile,a_inner_text,A
1096,naka,/investment-portfolio/naka/,href,A
1097,View Profile,View Profile,a_inner_text,A
1097,navex global,/investment-portfolio/navex-global/,href,A
1098,View Profile,View Profile,a_inner_text,A
1098,navigate360,/investment-portfolio/navigate360/,href,A
1099,View Profile,View Profile,a_inner_text,A
1099,neighborly,/investment-portfolio/neighborly/,href,A
1100,View Profile,View Profile,a_inner_text,A
1100,netwatch group,/investment-portfolio/netwatch-group/,href,A
1101,View Profile,View Profile,a_inner_text,A
1101,nordco,/investment-portfolio/nordco/,href,A
1102,View Profile,View Profile,a_inner_text,A
1102,north american dental group,/investment-portfolio/north-american-dental-group/,href,A
1103,View Profile,View Profile,a_inner_text,A
1103,novamed,/investment-portfolio/novamed/,href,A
1104,View Profile,View Profile,a_inner_text,A
1104,npc,/investment-portfolio/npc/,href,A
1105,View Profile,View Profile,a_inner_text,A
1105,nustef baking,/investment-portfolio/nustef-baking/,href,A
1106,View Profile,View Profile,a_inner_text,A
1106,oaky,/investment-portfolio/oaky/,href,A
1107,View Profile,View Profile,a_inner_text,A
1107,olympic boat centers,/investment-portfolio/olympic-boat-centers/,href,A
1108,View Profile,View Profile,a_inner_text,A
1108,omnigo software,/investment-portfolio/omnigo-software/,href,A
1109,View Profile,View Profile,a_inner_text,A
1109,on location,/investment-portfolio/on-location/,href,A
1110,View Profile,View Profile,a_inner_text,A
1110,oncourse learning,/investment-portfolio/oncourse-learning/,href,A
1111,View Profile,View Profile,a_inner_text,A
1111,oni communications,/investment-portfolio/oni-communications/,href,A
1112,View Profile,View Profile,a_inner_text,A
1112,onscent,/investment-portfolio/onscent/,href,A
1113,View Profile,View Profile,a_inner_text,A
1113,oomnitza,/investment-portfolio/oomnitza/,href,A
1114,View Profile,View Profile,a_inner_text,A
1114,orliman,/investment-portfolio/orliman/,href,A
1115,View Profile,View Profile,a_inner_text,A
1115,orthod,/investment-portfolio/orthod/,href,A
1116,View Profile,View Profile,a_inner_text,A
1116,outsolve,/investment-portfolio/outsolve/,href,A
1117,View Profile,View Profile,a_inner_text,A
1117,outward hound,/investment-portfolio/outward-hound/,href,A
1118,View Profile,View Profile,a_inner_text,A
1118,ownlocal,/investment-portfolio/ownlocal/,href,A
1119,View Profile,View Profile,a_inner_text,A
1119,paradigm tax group,/investment-portfolio/paradigm-tax-group/,href,A
1120,View Profile,View Profile,a_inner_text,A
1120,pareto,/investment-portfolio/pareto/,href,A
1121,View Profile,View Profile,a_inner_text,A
1121,parker food group,/investment-portfolio/parker-food-group/,href,A
1122,View Profile,View Profile,a_inner_text,A
1122,partium,/investment-portfolio/partium/,href,A
1123,View Profile,View Profile,a_inner_text,A
1123,patronmanager,/investment-portfolio/patronmanager/,href,A
1124,View Profile,View Profile,a_inner_text,A
1124,peak,/investment-portfolio/peak/,href,A
1125,View Profile,View Profile,a_inner_text,A
1125,peerspot,/investment-portfolio/peerspot/,href,A
1126,View Profile,View Profile,a_inner_text,A
1126,peoplegrove,/investment-portfolio/peoplegrove/,href,A
1127,View Profile,View Profile,a_inner_text,A
1127,performance systems integration,/investment-portfolio/performance-systems-integration/,href,A
1128,View Profile,View Profile,a_inner_text,A
1128,pfb corporation,/investment-portfolio/pfb-corporation/,href,A
1129,View Profile,View Profile,a_inner_text,A
1129,polar windows,/investment-portfolio/polar-windows/,href,A
1130,View Profile,View Profile,a_inner_text,A
1130,ppc insulators,/investment-portfolio/ppc-insulators/,href,A
1131,View Profile,View Profile,a_inner_text,A
1131,precision wire components,/investment-portfolio/precision-wire-components/,href,A
1132,View Profile,View Profile,a_inner_text,A
1132,primalex,/investment-portfolio/primalex/,href,A
1133,View Profile,View Profile,a_inner_text,A
1133,production control services,/investment-portfolio/production-control-services/,href,A
1134,View Profile,View Profile,a_inner_text,A
1134,profitsystems,/investment-portfolio/profitsystems/,href,A
1135,View Profile,View Profile,a_inner_text,A
1135,propensity,/investment-portfolio/propensity/,href,A
1136,View Profile,View Profile,a_inner_text,A
1136,prosites,/investment-portfolio/prosites/,href,A
1137,View Profile,View Profile,a_inner_text,A
1137,pro vigil,/investment-portfolio/pro-vigil/,href,A
1138,View Profile,View Profile,a_inner_text,A
1138,purple,/investment-portfolio/purple/,href,A
1139,View Profile,View Profile,a_inner_text,A
1139,pypestream,/investment-portfolio/pypestream/,href,A
1140,View Profile,View Profile,a_inner_text,A
1140,qualserv,/investment-portfolio/qualserv/,href,A
1141,View Profile,View Profile,a_inner_text,A
1141,quivers,/investment-portfolio/quivers/,href,A
1142,View Profile,View Profile,a_inner_text,A
1142,rameder,/investment-portfolio/rameder/,href,A
1143,View Profile,View Profile,a_inner_text,A
1143,readyset surgical,/investment-portfolio/readyset-surgical/,href,A
1144,View Profile,View Profile,a_inner_text,A
1144,recovery point,/investment-portfolio/recovery-point/,href,A
1145,View Profile,View Profile,a_inner_text,A
1145,red nucleus,/investment-portfolio/red-nucleus/,href,A
1146,View Profile,View Profile,a_inner_text,A
1146,redteam,/investment-portfolio/redteam/,href,A
1147,View Profile,View Profile,a_inner_text,A
1147,reima,/investment-portfolio/reima/,href,A
1148,View Profile,View Profile,a_inner_text,A
1148,relay fire and safety,/investment-portfolio/relay-fire-and-safety/,href,A
1149,View Profile,View Profile,a_inner_text,A
1149,repa,/investment-portfolio/repa/,href,A
1150,View Profile,View Profile,a_inner_text,A
1150,results weight loss,/investment-portfolio/results-weight-loss/,href,A
1151,View Profile,View Profile,a_inner_text,A
1151,retail zoo,/investment-portfolio/retail-zoo/,href,A
1152,View Profile,View Profile,a_inner_text,A
1152,revegy,/investment-portfolio/revegy/,href,A
1153,View Profile,View Profile,a_inner_text,A
1153,revtrax,/investment-portfolio/revtrax/,href,A
1154,View Profile,View Profile,a_inner_text,A
1154,richter chemie technik,/investment-portfolio/richter-chemie-technik/,href,A
1155,View Profile,View Profile,a_inner_text,A
1155,rutland group,/investment-portfolio/rutland-group/,href,A
1156,View Profile,View Profile,a_inner_text,A
1156,safebuilt,/investment-portfolio/safebuilt/,href,A
1157,View Profile,View Profile,a_inner_text,A
1157,salgglas,/investment-portfolio/salgglas/,href,A
1158,View Profile,View Profile,a_inner_text,A
1158,screenvision media,/investment-portfolio/screenvision-media/,href,A
1159,View Profile,View Profile,a_inner_text,A
1159,seatex,/investment-portfolio/seatex/,href,A
1160,View Profile,View Profile,a_inner_text,A
1160,selig sealing products,/investment-portfolio/selig-sealing-products/,href,A
1161,View Profile,View Profile,a_inner_text,A
1161,sencore,/investment-portfolio/sencore/,href,A
1162,View Profile,View Profile,a_inner_text,A
1162,sentinel,/investment-portfolio/sentinel/,href,A
1163,View Profile,View Profile,a_inner_text,A
1163,sevdesk,/investment-portfolio/sevdesk/,href,A
1164,View Profile,View Profile,a_inner_text,A
1164,shinsouki,/investment-portfolio/shinsouki/,href,A
1165,View Profile,View Profile,a_inner_text,A
1165,showd me,/investment-portfolio/showd-me/,href,A
1166,View Profile,View Profile,a_inner_text,A
1166,siffron,/investment-portfolio/siffron/,href,A
1167,View Profile,View Profile,a_inner_text,A
1167,sigg,/investment-portfolio/sigg/,href,A
1168,View Profile,View Profile,a_inner_text,A
1168,simcro,/investment-portfolio/simcro/,href,A
1169,View Profile,View Profile,a_inner_text,A
1169,smartways,/investment-portfolio/smartways/,href,A
1170,View Profile,View Profile,a_inner_text,A
1170,soluta inc and boon chapman benefit administrators inc,/investment-portfolio/soluta-inc-and-boon-chapman-benefit-administrators-inc/,href,A
1171,View Profile,View Profile,a_inner_text,A
1171,soothe,/investment-portfolio/soothe/,href,A
1172,View Profile,View Profile,a_inner_text,A
1172,south florida newspaper network,/investment-portfolio/south-florida-newspaper-network/,href,A
1173,View Profile,View Profile,a_inner_text,A
1173,specialized medical services,/investment-portfolio/specialized-medical-services/,href,A
1174,View Profile,View Profile,a_inner_text,A
1174,spectrio,/investment-portfolio/spectrio/,href,A
1175,View Profile,View Profile,a_inner_text,A
1175,spirion,/investment-portfolio/spirion/,href,A
1176,View Profile,View Profile,a_inner_text,A
1176,spofadental,/investment-portfolio/spofadental/,href,A
1177,View Profile,View Profile,a_inner_text,A
1177,sportsrecruits,/investment-portfolio/sportsrecruits/,href,A
1178,View Profile,View Profile,a_inner_text,A
1178,squirro,/investment-portfolio/squirro/,href,A
1179,View Profile,View Profile,a_inner_text,A
1179,stemlab,/investment-portfolio/stemlab/,href,A
1180,View Profile,View Profile,a_inner_text,A
1180,stoffel seals,/investment-portfolio/stoffel-seals/,href,A
1181,View Profile,View Profile,a_inner_text,A
1181,suitepad,/investment-portfolio/suitepad/,href,A
1182,View Profile,View Profile,a_inner_text,A
1182,sunless inc,/investment-portfolio/sunless-inc/,href,A
1183,View Profile,View Profile,a_inner_text,A
1183,sunrise windows,/investment-portfolio/sunrise-windows/,href,A
1184,View Profile,View Profile,a_inner_text,A
1184,surewerx,/investment-portfolio/surewerx/,href,A
1185,View Profile,View Profile,a_inner_text,A
1185,swedish education group,/investment-portfolio/swedish-education-group/,href,A
1186,View Profile,View Profile,a_inner_text,A
1186,sytrue,/investment-portfolio/sytrue/,href,A
1187,View Profile,View Profile,a_inner_text,A
1187,t3 services group,/investment-portfolio/t3-services-group/,href,A
1188,View Profile,View Profile,a_inner_text,A
1188,tate s bake shop,/investment-portfolio/tate-s-bake-shop/,href,A
1189,View Profile,View Profile,a_inner_text,A
1189,team technologies,/investment-portfolio/team-technologies/,href,A
1190,View Profile,View Profile,a_inner_text,A
1190,tensator,/investment-portfolio/tensator/,href,A
1191,View Profile,View Profile,a_inner_text,A
1191,teufel,/investment-portfolio/teufel/,href,A
1192,View Profile,View Profile,a_inner_text,A
1192,the derm group,/investment-portfolio/the-derm-group/,href,A
1193,View Profile,View Profile,a_inner_text,A
1193,the dwyer group i,/investment-portfolio/the-dwyer-group-i/,href,A
1194,View Profile,View Profile,a_inner_text,A
1194,the dwyer group ii,/investment-portfolio/the-dwyer-group-ii/,href,A
1195,View Profile,View Profile,a_inner_text,A
1195,the healthea group,/investment-portfolio/the-healthea-group/,href,A
1196,View Profile,View Profile,a_inner_text,A
1196,the townsend group,/investment-portfolio/the-townsend-group/,href,A
1197,View Profile,View Profile,a_inner_text,A
1197,the vomela companies,/investment-portfolio/the-vomela-companies/,href,A
1198,View Profile,View Profile,a_inner_text,A
1198,thibaut,/investment-portfolio/thibaut/,href,A
1199,View Profile,View Profile,a_inner_text,A
1199,thinktank,/investment-portfolio/thinktank/,href,A
1200,View Profile,View Profile,a_inner_text,A
1200,threatmark inc,/investment-portfolio/threatmark-inc/,href,A
1201,View Profile,View Profile,a_inner_text,A
1201,threshold brands,/investment-portfolio/threshold-brands/,href,A
1202,View Profile,View Profile,a_inner_text,A
1202,todaytix,/investment-portfolio/todaytix/,href,A
1203,View Profile,View Profile,a_inner_text,A
1203,toolport,/investment-portfolio/toolport/,href,A
1204,View Profile,View Profile,a_inner_text,A
1204,transporeon,/investment-portfolio/transporeon/,href,A
1205,View Profile,View Profile,a_inner_text,A
1205,trend technologies,/investment-portfolio/trend-technologies/,href,A
1206,View Profile,View Profile,a_inner_text,A
1206,tropikal pet,/investment-portfolio/tropikal-pet/,href,A
1207,View Profile,View Profile,a_inner_text,A
1207,true health group,/investment-portfolio/true-health-group/,href,A
1208,View Profile,View Profile,a_inner_text,A
1208,trustwell,/investment-portfolio/trustwell/,href,A
1209,View Profile,View Profile,a_inner_text,A
1209,turtl,/investment-portfolio/turtl/,href,A
1210,View Profile,View Profile,a_inner_text,A
1210,typsy,/investment-portfolio/typsy/,href,A
1211,View Profile,View Profile,a_inner_text,A
1211,uinta brewing company,/investment-portfolio/uinta-brewing-company/,href,A
1212,View Profile,View Profile,a_inner_text,A
1212,ultravolt,/investment-portfolio/ultravolt/,href,A
1213,View Profile,View Profile,a_inner_text,A
1213,unifocus,/investment-portfolio/unifocus/,href,A
1214,View Profile,View Profile,a_inner_text,A
1214,unipac,/investment-portfolio/unipac/,href,A
1215,View Profile,View Profile,a_inner_text,A
1215,united central industrial supply,/investment-portfolio/united-central-industrial-supply/,href,A
1216,View Profile,View Profile,a_inner_text,A
1216,universal air filter,/investment-portfolio/universal-air-filter/,href,A
1217,View Profile,View Profile,a_inner_text,A
1217,us cabinet depot,/investment-portfolio/us-cabinet-depot/,href,A
1218,View Profile,View Profile,a_inner_text,A
1218,veritext,/investment-portfolio/veritext/,href,A
1219,View Profile,View Profile,a_inner_text,A
1219,viking plastics,/investment-portfolio/viking-plastics/,href,A
1220,View Profile,View Profile,a_inner_text,A
1220,vitex packaging group,/investment-portfolio/vitex-packaging-group/,href,A
1221,View Profile,View Profile,a_inner_text,A
1221,vitg,/investment-portfolio/vitg/,href,A
1222,View Profile,View Profile,a_inner_text,A
1222,vivi,/investment-portfolio/vivi/,href,A
1223,View Profile,View Profile,a_inner_text,A
1223,vokes air group,/investment-portfolio/vokes-air-group/,href,A
1224,View Profile,View Profile,a_inner_text,A
1224,wall street prep,/investment-portfolio/wall-street-prep/,href,A
1225,View Profile,View Profile,a_inner_text,A
1225,waste service group,/investment-portfolio/waste-service-group/,href,A
1226,View Profile,View Profile,a_inner_text,A
1226,water jel,/investment-portfolio/water-jel/,href,A
1227,View Profile,View Profile,a_inner_text,A
1227,welltec,/investment-portfolio/welltec/,href,A
1228,View Profile,View Profile,a_inner_text,A
1228,whatcounts,/investment-portfolio/whatcounts/,href,A
1229,View Profile,View Profile,a_inner_text,A
1229,whitney automotive group,/investment-portfolio/whitney-automotive-group/,href,A
1230,View Profile,View Profile,a_inner_text,A
1230,wildlife international,/investment-portfolio/wildlife-international/,href,A
1231,View Profile,View Profile,a_inner_text,A
1231,wiz korea,/investment-portfolio/wiz-korea/,href,A
1232,View Profile,View Profile,a_inner_text,A
1232,wondr health,/investment-portfolio/wondr-health/,href,A
1233,View Profile,View Profile,a_inner_text,A
1233,work health group,/investment-portfolio/work-health-group/,href,A
1234,View Profile,View Profile,a_inner_text,A
1234,workplace media,/investment-portfolio/workplace-media/,href,A
1235,View Profile,View Profile,a_inner_text,A
1235,workstride,/investment-portfolio/workstride/,href,A
1236,View Profile,View Profile,a_inner_text,A
1236,xcentric,/investment-portfolio/xcentric/,href,A
1237,View Profile,View Profile,a_inner_text,A
1237,y international,/investment-portfolio/y-international/,href,A
1238,View Profile,View Profile,a_inner_text,A
1238,yourmembership,/investment-portfolio/yourmembership/,href,A
1239,View Profile,View Profile,a_inner_text,A
1239,yumearth,/investment-portfolio/yumearth/,href,A
1240,View Profile,View Profile,a_inner_text,A
1240,zetkama,/investment-portfolio/zetkama/,href,A
1241,View Profile,View Profile,a_inner_text,A
1241,ziflow,/investment-portfolio/ziflow/,href,A
1242,View Profile,View Profile,a_inner_text,A
1242,zoobean,/investment-portfolio/zoobean/,href,A
1243,Aforall Weblogo 180X100,Aforall Weblogo 180X100,img_alt_text,B
1244,Abracon2 Weblogo,Abracon2 Weblogo,img_alt_text,B
1245,ACT Test Panels Logo,ACT Test Panels Logo,img_alt_text,B
1246,ACTINEO logo,ACTINEO logo,img_alt_text,B
1247,ActivStyle Logo,ActivStyle Logo,img_alt_text,B
1248,AdhereHealth Logo,AdhereHealth Logo,img_alt_text,B
1249,AERCO Logo,AERCO Logo,img_alt_text,B
1250,Affinitiv Weblogo,Affinitiv Weblogo,img_alt_text,B
1251,Agens Logo,Agens Logo,img_alt_text,B
1252,QDS Logo,QDS Logo,img_alt_text,B
1253,AIA Logo New,AIA Logo New,img_alt_text,B
1254,Airfocus Weblogo 180X100,Airfocus Weblogo 180X100,img_alt_text,B
1255,AIS Logo,AIS Logo,img_alt_text,B
1256,Alchemy Systems Logo,Alchemy Systems Logo,img_alt_text,B
1257,AMS Logo,AMS Logo,img_alt_text,B
1258,Align Networks Logo,Align Networks Logo,img_alt_text,B
1259,Weblogo Alignopps 180X100,Weblogo Alignopps 180X100,img_alt_text,B
1260,Alphah Weblogo2,Alphah Weblogo2,img_alt_text,B
1261,Alsana logo,Alsana logo,img_alt_text,B
1262,Weblogo Altiusgroup2 180X100,Weblogo Altiusgroup2 180X100,img_alt_text,B
1263,"American Electronic Components, Inc. Logo","American Electronic Components, Inc. Logo",img_alt_text,B
1264,American Hospice Logo,American Hospice Logo,img_alt_text,B
1265,American Products Company Logo,American Products Company Logo,img_alt_text,B
1266,AST logo,AST logo,img_alt_text,B
1267,Antiox,Antiox,img_alt_text,B
1268,Apica Weblogo,Apica Weblogo,img_alt_text,B
1269,Apollointeractive Weblogo2,Apollointeractive Weblogo2,img_alt_text,B
1270,Weblogo Aptivio 180X100,Weblogo Aptivio 180X100,img_alt_text,B
1271,ARCOS,ARCOS,img_alt_text,B
1272,ARCOS,ARCOS,img_alt_text,B
1273,Arena Group Logo,Arena Group Logo,img_alt_text,B
1274,Arrowhead Engineered Products,Arrowhead Engineered Products,img_alt_text,B
1275,ATI Logo,ATI Logo,img_alt_text,B
1276,Weblogo Autocorpai 180X100,Weblogo Autocorpai 180X100,img_alt_text,B
1277,Avance Weblogo 180X100,Avance Weblogo 180X100,img_alt_text,B
1278,Avatar Solutions Logo,Avatar Solutions Logo,img_alt_text,B
1279,AWP logo,AWP logo,img_alt_text,B
1280,Awpsafety Weblogo 180X100,Awpsafety Weblogo 180X100,img_alt_text,B
1281,Axsemantics Weblogo 180X100,Axsemantics Weblogo 180X100,img_alt_text,B
1282,Axiom Automotive Technologies Logo,Axiom Automotive Technologies Logo,img_alt_text,B
1283,Baby Jogger Logo,Baby Jogger Logo,img_alt_text,B
1284,Baker Hill Logo,Baker Hill Logo,img_alt_text,B
1285,Be Green Packaging,Be Green Packaging,img_alt_text,B
1286,BeaconMedaes Logo,BeaconMedaes Logo,img_alt_text,B
1287,BeneSys,BeneSys,img_alt_text,B
1288,Bentleylabsweblogo2,Bentleylabsweblogo2,img_alt_text,B
1289,Weblogo Beonx 180X100,Weblogo Beonx 180X100,img_alt_text,B
1290,Bestlifebrandsweblogo (1),Bestlifebrandsweblogo (1),img_alt_text,B
1291,Bigthinkweblogo,Bigthinkweblogo,img_alt_text,B
1292,Bike24,Bike24,img_alt_text,B
1293,Bike24,Bike24,img_alt_text,B
1294,Weblogo Bionativa 180X100,Weblogo Bionativa 180X100,img_alt_text,B
1295,Blue Microphones logo,Blue Microphones logo,img_alt_text,B
1296,Weblogo Bluefletch 180X100,Weblogo Bluefletch 180X100,img_alt_text,B
1297,Blueprint Weblogo 180X100,Blueprint Weblogo 180X100,img_alt_text,B
1298,Bohemia Interactive Simulations,Bohemia Interactive Simulations,img_alt_text,B
1299,BrandMuscle Logo,BrandMuscle Logo,img_alt_text,B
1300,Brookson Logo,Brookson Logo,img_alt_text,B
1301,Buildout Logo,Buildout Logo,img_alt_text,B
1302,Camelot Education Logo,Camelot Education Logo,img_alt_text,B
1303,Capol Logo,Capol Logo,img_alt_text,B
1304,CapRock Logo,CapRock Logo,img_alt_text,B
1305,Weblogo Caravelo 180X100,Weblogo Caravelo 180X100,img_alt_text,B
1306,Carborundum Logo,Carborundum Logo,img_alt_text,B
1307,Casaviweblogo,Casaviweblogo,img_alt_text,B
1308,Causematch Weblogo 180X100,Causematch Weblogo 180X100,img_alt_text,B
1309,Censis,Censis,img_alt_text,B
1310,Certasite Weblogo2,Certasite Weblogo2,img_alt_text,B
1311,Weblogo Certifiedcollisiongroup 180X100,Weblogo Certifiedcollisiongroup 180X100,img_alt_text,B
1312,Weblogo Chronicleheritage 180X100,Weblogo Chronicleheritage 180X100,img_alt_text,B
1313,Circlelinkhealth Weblogo,Circlelinkhealth Weblogo,img_alt_text,B
1314,CIS Weblogo 180X100,CIS Weblogo 180X100,img_alt_text,B
1315,Clarus logo,Clarus logo,img_alt_text,B
1316,Clayton Logo,Clayton Logo,img_alt_text,B
1317,Clockworksanalytics Weblogo2,Clockworksanalytics Weblogo2,img_alt_text,B
1318,Weblogo Cloudrange 180X100 (1),Weblogo Cloudrange 180X100 (1),img_alt_text,B
1319,Weblogo Cloudrange 180X120,Weblogo Cloudrange 180X120,img_alt_text,B
1320,Cloudlex Weblogo 180X100,Cloudlex Weblogo 180X100,img_alt_text,B
1321,Weblogo Cloudpermit 180X100,Weblogo Cloudpermit 180X100,img_alt_text,B
1322,Cmitsolutions Weblogo 180X100,Cmitsolutions Weblogo 180X100,img_alt_text,B
1323,Coeur Logo,Coeur Logo,img_alt_text,B
1324,Commonwealth Lam-CLC Logo,Commonwealth Lam-CLC Logo,img_alt_text,B
1325,Compleet Weblogo2 180X100,Compleet Weblogo2 180X100,img_alt_text,B
1326,Computer Press Logo,Computer Press Logo,img_alt_text,B
1327,Connexientweblogo,Connexientweblogo,img_alt_text,B
1328,Connor Sport Court,Connor Sport Court,img_alt_text,B
1329,Consensusweblogo,Consensusweblogo,img_alt_text,B
1330,Weblogo Contruent 180X100,Weblogo Contruent 180X100,img_alt_text,B
1331,Convertr Weblogo 180X100,Convertr Weblogo 180X100,img_alt_text,B
1332,Corporatevisions Weblogo 180X100,Corporatevisions Weblogo 180X100,img_alt_text,B
1333,Weblogo Creditlogic 180X100,Weblogo Creditlogic 180X100,img_alt_text,B
1334,Weblogo CRIO 180X100,Weblogo CRIO 180X100,img_alt_text,B
1335,CPI,CPI,img_alt_text,B
1336,Cryptomathic Weblogo 180X100,Cryptomathic Weblogo 180X100,img_alt_text,B
1337,Cutomerguage Weblogocolor,Cutomerguage Weblogocolor,img_alt_text,B
1338,Weblogo Cyberguru 180X100,Weblogo Cyberguru 180X100,img_alt_text,B
1339,Weblogo Cybersaint 180X100,Weblogo Cybersaint 180X100,img_alt_text,B
1340,Weblogo Dastex2a 180X100,Weblogo Dastex2a 180X100,img_alt_text,B
1341,Weblogo DAWGS 180X100,Weblogo DAWGS 180X100,img_alt_text,B
1342,DCM Asia Logo,DCM Asia Logo,img_alt_text,B
1343,Weblogo Deceraclinical 180X100,Weblogo Deceraclinical 180X100,img_alt_text,B
1344,Deckcommerce Weblogocolor,Deckcommerce Weblogocolor,img_alt_text,B
1345,Weblogo Decusoftt 180X100,Weblogo Decusoftt 180X100,img_alt_text,B
1346,Weblogo Delaget 180X100,Weblogo Delaget 180X100,img_alt_text,B
1347,Delta Logo,Delta Logo,img_alt_text,B
1348,DentalPlans.com,DentalPlans.com,img_alt_text,B
1349,DHD Logo,DHD Logo,img_alt_text,B
1350,Diatron Group Logo,Diatron Group Logo,img_alt_text,B
1351,DTI Logo,DTI Logo,img_alt_text,B
1352,Weblogo DINGO 180X100,Weblogo DINGO 180X100,img_alt_text,B
1353,DISA Logo,DISA Logo,img_alt_text,B
1354,Doctorcomweblogo,Doctorcomweblogo,img_alt_text,B
1355,DPA Microphones,DPA Microphones,img_alt_text,B
1356,DuBois Logo,DuBois Logo,img_alt_text,B
1357,DuBois Logo,DuBois Logo,img_alt_text,B
1358,Dynojet Logo,Dynojet Logo,img_alt_text,B
1359,E&A Scheer Logo,E&A Scheer Logo,img_alt_text,B
1360,Eemax,Eemax,img_alt_text,B
1361,Elite Sportswear,Elite Sportswear,img_alt_text,B
1362,EM Test Logo,EM Test Logo,img_alt_text,B
1363,ECN Logo,ECN Logo,img_alt_text,B
1364,Weblogo Energyexemplar 180X100,Weblogo Energyexemplar 180X100,img_alt_text,B
1365,Enhatchweblogo,Enhatchweblogo,img_alt_text,B
1366,ENTRIX Logo,ENTRIX Logo,img_alt_text,B
1367,EPCO Logo,EPCO Logo,img_alt_text,B
1368,Epilot Weblogo 180X100,Epilot Weblogo 180X100,img_alt_text,B
1369,Weblogo Essentialcompositions2 180X100,Weblogo Essentialcompositions2 180X100,img_alt_text,B
1370,Euromed Logo,Euromed Logo,img_alt_text,B
1371,Eventsair Weblogo 180X100,Eventsair Weblogo 180X100,img_alt_text,B
1372,Eversmithbrands Weblogo 180X100,Eversmithbrands Weblogo 180X100,img_alt_text,B
1373,Weblogo Everway 180X100,Weblogo Everway 180X100,img_alt_text,B
1374,Weblogo Everway 180X100,Weblogo Everway 180X100,img_alt_text,B
1375,Evive Weblogo 180X100,Evive Weblogo 180X100,img_alt_text,B
1376,Execvisionweblogo,Execvisionweblogo,img_alt_text,B
1377,Experient Logo,Experient Logo,img_alt_text,B
1378,Weblogo Expionhealth 180X100,Weblogo Expionhealth 180X100,img_alt_text,B
1379,Express Logo,Express Logo,img_alt_text,B
1380,Fadata,Fadata,img_alt_text,B
1381,FairPay,FairPay,img_alt_text,B
1382,Fielo Weblogo 180X100,Fielo Weblogo 180X100,img_alt_text,B
1383,Fisher Unitech Logo,Fisher Unitech Logo,img_alt_text,B
1384,FLA Logo,FLA Logo,img_alt_text,B
1385,Flavorsum Weblogo 180X100,Flavorsum Weblogo 180X100,img_alt_text,B
1386,FoodState Company Logo,FoodState Company Logo,img_alt_text,B
1387,Freeway Weblogo 180X100,Freeway Weblogo 180X100,img_alt_text,B
1388,Freightwise Weblogocolor,Freightwise Weblogocolor,img_alt_text,B
1389,FURTHER Weblogo 180X100,FURTHER Weblogo 180X100,img_alt_text,B
1390,Future Metals Logo,Future Metals Logo,img_alt_text,B
1391,Gapartners Weblogo,Gapartners Weblogo,img_alt_text,B
1392,G&H Orthodontics Logo,G&H Orthodontics Logo,img_alt_text,B
1393,Galvanina Logo,Galvanina Logo,img_alt_text,B
1394,Gastromatic Weblogo 180X100,Gastromatic Weblogo 180X100,img_alt_text,B
1395,Weblogo GFOS 180X100,Weblogo GFOS 180X100,img_alt_text,B
1396,Global Claims Services,Global Claims Services,img_alt_text,B
1397,Global Orthopaedic Technology,Global Orthopaedic Technology,img_alt_text,B
1398,Goby Weblogocolor,Goby Weblogocolor,img_alt_text,B
1399,Goreactweblogo,Goreactweblogo,img_alt_text,B
1400,Gracehill Logo,Gracehill Logo,img_alt_text,B
1401,Weblogo Gravitee 180X100,Weblogo Gravitee 180X100,img_alt_text,B
1402,GreenLine Logo,GreenLine Logo,img_alt_text,B
1403,Greenphire Logo,Greenphire Logo,img_alt_text,B
1404,GTI Logo,GTI Logo,img_alt_text,B
1405,Guestline Logo,Guestline Logo,img_alt_text,B
1406,Hammerblow Logo,Hammerblow Logo,img_alt_text,B
1407,Weblogo Hapana 180X100,Weblogo Hapana 180X100,img_alt_text,B
1408,HardwareResources Logo,HardwareResources Logo,img_alt_text,B
1409,Harvey Performance Company Logo,Harvey Performance Company Logo,img_alt_text,B
1410,HCPro Logo,HCPro Logo,img_alt_text,B
1411,HD Advanced Logo,HD Advanced Logo,img_alt_text,B
1412,Weblogo Headtotoebrands 180X100,Weblogo Headtotoebrands 180X100,img_alt_text,B
1413,HSI Logo,HSI Logo,img_alt_text,B
1414,HSI Logo,HSI Logo,img_alt_text,B
1415,healthcarefirst,healthcarefirst,img_alt_text,B
1416,Healthtech3 Logo,Healthtech3 Logo,img_alt_text,B
1417,Herb Thyme Logo,Herb Thyme Logo,img_alt_text,B
1418,Weblogo Heydata 180X100,Weblogo Heydata 180X100,img_alt_text,B
1419,Hiway Group Logo,Hiway Group Logo,img_alt_text,B
1420,HMI Weblogo3,HMI Weblogo3,img_alt_text,B
1421,Hrsoft Weblogo 180X100,Hrsoft Weblogo 180X100,img_alt_text,B
1422,HRA Pharma,HRA Pharma,img_alt_text,B
1423,Hudson Sharp Logo,Hudson Sharp Logo,img_alt_text,B
1424,Hydrocorp Weblogo 180X100,Hydrocorp Weblogo 180X100,img_alt_text,B
1425,iAutomation Logo,iAutomation Logo,img_alt_text,B
1426,Icev Weblogo 180X100,Icev Weblogo 180X100,img_alt_text,B
1427,Ideoclickweblogo,Ideoclickweblogo,img_alt_text,B
1428,Weblogo IDEON 180X100,Weblogo IDEON 180X100,img_alt_text,B
1429,IDOC Logo,IDOC Logo,img_alt_text,B
1430,IFS Group,IFS Group,img_alt_text,B
1431,Weblogo Ilpastaio 180X100,Weblogo Ilpastaio 180X100,img_alt_text,B
1432,Weblogo Impactxm 180X100,Weblogo Impactxm 180X100,img_alt_text,B
1433,ILS Weblogo,ILS Weblogo,img_alt_text,B
1434,Inscape Logo,Inscape Logo,img_alt_text,B
1435,Innovating Claims Management Logo,Innovating Claims Management Logo,img_alt_text,B
1436,IPS Logo,IPS Logo,img_alt_text,B
1437,Weblogo Intrepidnetworks 180X100,Weblogo Intrepidnetworks 180X100,img_alt_text,B
1438,Invita Weblogo,Invita Weblogo,img_alt_text,B
1439,Weblogo Ironedge 180X100,Weblogo Ironedge 180X100,img_alt_text,B
1440,It's Just Lunch Logo,It's Just Lunch Logo,img_alt_text,B
1441,Junior Sports Corporation,Junior Sports Corporation,img_alt_text,B
1442,Justrite Logo,Justrite Logo,img_alt_text,B
1443,Kasasa Logo,Kasasa Logo,img_alt_text,B
1444,Weblogo Kaseware 180X100,Weblogo Kaseware 180X100,img_alt_text,B
1445,Keepsake Logo,Keepsake Logo,img_alt_text,B
1446,Keonahealth Weblogocolor,Keonahealth Weblogocolor,img_alt_text,B
1447,Keycast Logo,Keycast Logo,img_alt_text,B
1448,Keymile,Keymile,img_alt_text,B
1449,KFM Logo,KFM Logo,img_alt_text,B
1450,Lacunasolutions Weblogo 180X100,Lacunasolutions Weblogo 180X100,img_alt_text,B
1451,Lakeview Health Logo,Lakeview Health Logo,img_alt_text,B
1452,L-com Logo,L-com Logo,img_alt_text,B
1453,Learning Seat Logo,Learning Seat Logo,img_alt_text,B
1454,Leftshiftweblogo,Leftshiftweblogo,img_alt_text,B
1455,Lexipol Weblogo2,Lexipol Weblogo2,img_alt_text,B
1456,Lexipol Weblogo2,Lexipol Weblogo2,img_alt_text,B
1457,Lillebaby Logo,Lillebaby Logo,img_alt_text,B
1458,Lmgholdingsweblogo2,Lmgholdingsweblogo2,img_alt_text,B
1459,Weblogo Loadstop 180X100,Weblogo Loadstop 180X100,img_alt_text,B
1460,LocalTel Logo,LocalTel Logo,img_alt_text,B
1461,Logically logo,Logically logo,img_alt_text,B
1462,London's Dairy Farm Logo,London's Dairy Farm Logo,img_alt_text,B
1463,Looptie Weblogocolor,Looptie Weblogocolor,img_alt_text,B
1464,Lumen Dynamics Group Logo,Lumen Dynamics Group Logo,img_alt_text,B
1465,Marena Logo,Marena Logo,img_alt_text,B
1466,Marketmuseweblogo,Marketmuseweblogo,img_alt_text,B
1467,Maverick Logo,Maverick Logo,img_alt_text,B
1468,MEC3 Logo,MEC3 Logo,img_alt_text,B
1469,Media Source Company Logo,Media Source Company Logo,img_alt_text,B
1470,Weblogo Mediafly 180X100,Weblogo Mediafly 180X100,img_alt_text,B
1471,Megachemie Logo,Megachemie Logo,img_alt_text,B
1472,Merit Logo,Merit Logo,img_alt_text,B
1473,Mifam Logo,Mifam Logo,img_alt_text,B
1474,Mintra Weblogo2,Mintra Weblogo2,img_alt_text,B
1475,MK Logo,MK Logo,img_alt_text,B
1476,MLCOA,MLCOA,img_alt_text,B
1477,Mmgfusion Weblogo180x100,Mmgfusion Weblogo180x100,img_alt_text,B
1478,MNX Logo,MNX Logo,img_alt_text,B
1479,Moderncampus Weblogo 180X100,Moderncampus Weblogo 180X100,img_alt_text,B
1480,Modernhire Weblogo,Modernhire Weblogo,img_alt_text,B
1481,Momentum Group Logo,Momentum Group Logo,img_alt_text,B
1482,Weblogo Momentum101625 180X100,Weblogo Momentum101625 180X100,img_alt_text,B
1483,Monessen Logo,Monessen Logo,img_alt_text,B
1484,Montel Weblogo 180X100,Montel Weblogo 180X100,img_alt_text,B
1485,Moss Logo,Moss Logo,img_alt_text,B
1486,Matthew*Warren Industries Logo,Matthew*Warren Industries Logo,img_alt_text,B
1487,Myskillscamp Weblogo 180X100,Myskillscamp Weblogo 180X100,img_alt_text,B
1488,NAKA,NAKA,img_alt_text,B
1489,NAVEX Global,NAVEX Global,img_alt_text,B
1490,Navigate360 Weblogo,Navigate360 Weblogo,img_alt_text,B
1491,neighborly logo,neighborly logo,img_alt_text,B
1492,Logo Netwatch 180X100,Logo Netwatch 180X100,img_alt_text,B
1493,Nordco Logo,Nordco Logo,img_alt_text,B
1494,North American Dental Group Logo,North American Dental Group Logo,img_alt_text,B
1495,Novamed Logo,Novamed Logo,img_alt_text,B
1496,NPC Logo,NPC Logo,img_alt_text,B
1497,Nustef Weblogo 180X100,Nustef Weblogo 180X100,img_alt_text,B
1498,Oaky Weblogo 180X100,Oaky Weblogo 180X100,img_alt_text,B
1499,Olympic Logo,Olympic Logo,img_alt_text,B
1500,Omnigo logo,Omnigo logo,img_alt_text,B
1501,Weblogo Onlocation 180X100,Weblogo Onlocation 180X100,img_alt_text,B
1502,OnCourse Learning,OnCourse Learning,img_alt_text,B
1503,Oni Logo,Oni Logo,img_alt_text,B
1504,Onscent Weblogo2 180X100,Onscent Weblogo2 180X100,img_alt_text,B
1505,Oomnitzaweblogo,Oomnitzaweblogo,img_alt_text,B
1506,Orliman Logo,Orliman Logo,img_alt_text,B
1507,Portfolio Company - Ortho D,Portfolio Company - Ortho D,img_alt_text,B
1508,Outsolve Weblogo 180X100,Outsolve Weblogo 180X100,img_alt_text,B
1509,Outward Hound Logo,Outward Hound Logo,img_alt_text,B
1510,Ownlocalweblogo,Ownlocalweblogo,img_alt_text,B
1511,Paradigm Logo,Paradigm Logo,img_alt_text,B
1512,Pareto Logo,Pareto Logo,img_alt_text,B
1513,Parkerfoodgroup Weblogo 180X100,Parkerfoodgroup Weblogo 180X100,img_alt_text,B
1514,Weblogo Partium 180X100,Weblogo Partium 180X100,img_alt_text,B
1515,Patronmanagerweblogo,Patronmanagerweblogo,img_alt_text,B
1516,Peak Weblogo 180X100,Peak Weblogo 180X100,img_alt_text,B
1517,Peerspot Weblogo 180X100,Peerspot Weblogo 180X100,img_alt_text,B
1518,Weblogo Peoplegrovev3 180X100,Weblogo Peoplegrovev3 180X100,img_alt_text,B
1519,PSI Weblogo,PSI Weblogo,img_alt_text,B
1520,Pfbcorp Weblogo 180X100,Pfbcorp Weblogo 180X100,img_alt_text,B
1521,Polar Windows Logo,Polar Windows Logo,img_alt_text,B
1522,PPC Logo,PPC Logo,img_alt_text,B
1523,Precision Wire Components Logo,Precision Wire Components Logo,img_alt_text,B
1524,Primalex Logo,Primalex Logo,img_alt_text,B
1525,PCS Logo,PCS Logo,img_alt_text,B
1526,Profit Systems Logo,Profit Systems Logo,img_alt_text,B
1527,Weblogo Propensity 180X100,Weblogo Propensity 180X100,img_alt_text,B
1528,ProSites Logo,ProSites Logo,img_alt_text,B
1529,Pro-vigil Logo,Pro-vigil Logo,img_alt_text,B
1530,Purple Weblogo 180X100,Purple Weblogo 180X100,img_alt_text,B
1531,Weblogo Pypestream 180X100,Weblogo Pypestream 180X100,img_alt_text,B
1532,QualServ Logo,QualServ Logo,img_alt_text,B
1533,Quivers Weblogo 180X100,Quivers Weblogo 180X100,img_alt_text,B
1534,Rameder-Logo,Rameder-Logo,img_alt_text,B
1535,Weblogo Readysetsurgical 180X100,Weblogo Readysetsurgical 180X100,img_alt_text,B
1536,Recoverypoint Weblogo,Recoverypoint Weblogo,img_alt_text,B
1537,Rednucleus2 Weblogo 180X100,Rednucleus2 Weblogo 180X100,img_alt_text,B
1538,Redteamweblogo,Redteamweblogo,img_alt_text,B
1539,REIMA Device 180X100,REIMA Device 180X100,img_alt_text,B
1540,Relay Weblogo 180X100,Relay Weblogo 180X100,img_alt_text,B
1541,REPA Weblogo,REPA Weblogo,img_alt_text,B
1542,Results Weight Loss Logo,Results Weight Loss Logo,img_alt_text,B
1543,Boost,Boost,img_alt_text,B
1544,Revegyweblogo,Revegyweblogo,img_alt_text,B
1545,Revtraxweblogo,Revtraxweblogo,img_alt_text,B
1546,Richter Logo,Richter Logo,img_alt_text,B
1547,Rutland Group logo,Rutland Group logo,img_alt_text,B
1548,SAFEbuilt,SAFEbuilt,img_alt_text,B
1549,Salgglas Logo,Salgglas Logo,img_alt_text,B
1550,Screen Vision Logo,Screen Vision Logo,img_alt_text,B
1551,Weblogo Seatex 180X100,Weblogo Seatex 180X100,img_alt_text,B
1552,Selig Logo,Selig Logo,img_alt_text,B
1553,Sencore,Sencore,img_alt_text,B
1554,Sentinel Logo,Sentinel Logo,img_alt_text,B
1555,Weblogo Sevdesk 180X100,Weblogo Sevdesk 180X100,img_alt_text,B
1556,Shinsouki Logo,Shinsouki Logo,img_alt_text,B
1557,RAC Showdme Weblogo 180X100,RAC Showdme Weblogo 180X100,img_alt_text,B
1558,Siffron Weblogo 180X100,Siffron Weblogo 180X100,img_alt_text,B
1559,SIGG Logo,SIGG Logo,img_alt_text,B
1560,Weblogo Simcro2 180X100,Weblogo Simcro2 180X100,img_alt_text,B
1561,Weblogo Smartways 180X100,Weblogo Smartways 180X100,img_alt_text,B
1562,Weblogo Solutaboonchapman 180X100,Weblogo Solutaboonchapman 180X100,img_alt_text,B
1563,Soothe Weblogo2,Soothe Weblogo2,img_alt_text,B
1564,SFNN Logo,SFNN Logo,img_alt_text,B
1565,SMS Company Logo,SMS Company Logo,img_alt_text,B
1566,Spectrio,Spectrio,img_alt_text,B
1567,Spirion Logo,Spirion Logo,img_alt_text,B
1568,SpofaDental Logo,SpofaDental Logo,img_alt_text,B
1569,Sportsrecruitsweblogo,Sportsrecruitsweblogo,img_alt_text,B
1570,Squirro Weblogo 180X100,Squirro Weblogo 180X100,img_alt_text,B
1571,Stemlab Logo,Stemlab Logo,img_alt_text,B
1572,Stoffel Logo,Stoffel Logo,img_alt_text,B
1573,Suitepad Weblogocolor,Suitepad Weblogocolor,img_alt_text,B
1574,Sunless Logo,Sunless Logo,img_alt_text,B
1575,Sunise Windows Logo,Sunise Windows Logo,img_alt_text,B
1576,SureWerx logo,SureWerx logo,img_alt_text,B
1577,Power Planning System,Power Planning System,img_alt_text,B
1578,Sytrue Weblogo 180X100,Sytrue Weblogo 180X100,img_alt_text,B
1579,Weblogo T3servicesgroup 180X100,Weblogo T3servicesgroup 180X100,img_alt_text,B
1580,Tate's Bake Shop,Tate's Bake Shop,img_alt_text,B
1581,Team Technologies Logo,Team Technologies Logo,img_alt_text,B
1582,Tensator Logo,Tensator Logo,img_alt_text,B
1583,Teufel Logo,Teufel Logo,img_alt_text,B
1584,Dermgroupweblogo,Dermgroupweblogo,img_alt_text,B
1585,Dwyer Logo,Dwyer Logo,img_alt_text,B
1586,The Dwyer Group,The Dwyer Group,img_alt_text,B
1587,Weblogo Healthea 180X100,Weblogo Healthea 180X100,img_alt_text,B
1588,Weblogo Townsendgroup 180X100,Weblogo Townsendgroup 180X100,img_alt_text,B
1589,Weblogo Vomela 180X100,Weblogo Vomela 180X100,img_alt_text,B
1590,Thibaut Logo,Thibaut Logo,img_alt_text,B
1591,Thinktankweblogo,Thinktankweblogo,img_alt_text,B
1592,Weblogo Threatmark 180X100,Weblogo Threatmark 180X100,img_alt_text,B
1593,Thresholdbrands Weblogo 180X100,Thresholdbrands Weblogo 180X100,img_alt_text,B
1594,Todaytixweblogo,Todaytixweblogo,img_alt_text,B
1595,TOOLPORT Weblogo,TOOLPORT Weblogo,img_alt_text,B
1596,Transporeon,Transporeon,img_alt_text,B
1597,Trend Logo,Trend Logo,img_alt_text,B
1598,Tropikal Logo,Tropikal Logo,img_alt_text,B
1599,TrueHealth Group Logo,TrueHealth Group Logo,img_alt_text,B
1600,Trustwell Weblogo 180X100,Trustwell Weblogo 180X100,img_alt_text,B
1601,Turtl Weblogocolor,Turtl Weblogocolor,img_alt_text,B
1602,Weblogo Typsy 180X100,Weblogo Typsy 180X100,img_alt_text,B
1603,Uinta Brewing logo,Uinta Brewing logo,img_alt_text,B
1604,UltraVolt Logo,UltraVolt Logo,img_alt_text,B
1605,Unifocus Weblogo2 180X100,Unifocus Weblogo2 180X100,img_alt_text,B
1606,unipac Logo,unipac Logo,img_alt_text,B
1607,United Central Industrial Supplies,United Central Industrial Supplies,img_alt_text,B
1608,UAF Logo,UAF Logo,img_alt_text,B
1609,Uscabinetdepot Weblogo 180X100,Uscabinetdepot Weblogo 180X100,img_alt_text,B
1610,Veritext Logo,Veritext Logo,img_alt_text,B
1611,Viking Plastics Logo,Viking Plastics Logo,img_alt_text,B
1612,VPG Logo,VPG Logo,img_alt_text,B
1613,Weblogo VITG 180X100,Weblogo VITG 180X100,img_alt_text,B
1614,Vivi Updatedlogo 180X100,Vivi Updatedlogo 180X100,img_alt_text,B
1615,Vokes Air Logo,Vokes Air Logo,img_alt_text,B
1616,Weblogo Wallstreetprep 180X100,Weblogo Wallstreetprep 180X100,img_alt_text,B
1617,Waste Service Group Logo,Waste Service Group Logo,img_alt_text,B
1618,WaterJel Logo,WaterJel Logo,img_alt_text,B
1619,Welltec,Welltec,img_alt_text,B
1620,Whatcounts Logo,Whatcounts Logo,img_alt_text,B
1621,WAG Logo,WAG Logo,img_alt_text,B
1622,Wildlife International Logo,Wildlife International Logo,img_alt_text,B
1623,WizIsland,WizIsland,img_alt_text,B
1624,Wondrhealth Weblogo,Wondrhealth Weblogo,img_alt_text,B
1625,Work Health Group Logo,Work Health Group Logo,img_alt_text,B
1626,WorkPlace Media Logo,WorkPlace Media Logo,img_alt_text,B
1627,Workstride Logo,Workstride Logo,img_alt_text,B
1628,Xcentric Mold Logo,Xcentric Mold Logo,img_alt_text,B
1629,Y'sRoad,Y'sRoad,img_alt_text,B
1630,YourMembership Logo,YourMembership Logo,img_alt_text,B
1631,Yum Earth logo,Yum Earth logo,img_alt_text,B
1632,Zetkama Logo,Zetkama Logo,img_alt_text,B
1633,Ziflow Weblogo 180X100,Ziflow Weblogo 180X100,img_alt_text,B
1634,Weblogo Zoobean 180X100,Weblogo Zoobean 180X100,img_alt_text,B
1635,View Profile,View Profile,a_inner_text,A
1635,a forall,/investment-portfolio/a-forall/,href,A
1636,View Profile,View Profile,a_inner_text,A
1636,abracon,/investment-portfolio/abracon/,href,A
1637,View Profile,View Profile,a_inner_text,A
1637,act test panels,/investment-portfolio/act-test-panels/,href,A
1638,View Profile,View Profile,a_inner_text,A
1638,actineo,/investment-portfolio/actineo/,href,A
1639,View Profile,View Profile,a_inner_text,A
1639,activstyle,/investment-portfolio/activstyle/,href,A
1640,View Profile,View Profile,a_inner_text,A
1640,adherehealth,/investment-portfolio/adherehealth/,href,A
1641,View Profile,View Profile,a_inner_text,A
1641,aerco,/investment-portfolio/aerco/,href,A
1642,View Profile,View Profile,a_inner_text,A
1642,affinitiv,/investment-portfolio/affinitiv/,href,A
1643,View Profile,View Profile,a_inner_text,A
1643,agens,/investment-portfolio/agens/,href,A
1644,View Profile,View Profile,a_inner_text,A
1644,agri max,/investment-portfolio/agri-max/,href,A
1645,View Profile,View Profile,a_inner_text,A
1645,aia corporation,/investment-portfolio/aia-corporation/,href,A
1646,View Profile,View Profile,a_inner_text,A
1646,airfocus,/investment-portfolio/airfocus/,href,A
1647,View Profile,View Profile,a_inner_text,A
1647,ais group,/investment-portfolio/ais-group/,href,A
1648,View Profile,View Profile,a_inner_text,A
1648,alchemy,/investment-portfolio/alchemy/,href,A
1649,View Profile,View Profile,a_inner_text,A
1649,alcohol monitoring systems,/investment-portfolio/alcohol-monitoring-systems/,href,A
1650,View Profile,View Profile,a_inner_text,A
1650,align networks,/investment-portfolio/align-networks/,href,A
1651,View Profile,View Profile,a_inner_text,A
1651,align ops,/investment-portfolio/align-ops/,href,A
1652,View Profile,View Profile,a_inner_text,A
1652,alpha h,/investment-portfolio/alpha-h/,href,A
1653,View Profile,View Profile,a_inner_text,A
1653,alsana,/investment-portfolio/alsana/,href,A
1654,View Profile,View Profile,a_inner_text,A
1654,altius group,/investment-portfolio/altius-group/,href,A
1655,View Profile,View Profile,a_inner_text,A
1655,american electronic components,/investment-portfolio/american-electronic-components/,href,A
1656,View Profile,View Profile,a_inner_text,A
1656,american hospice,/investment-portfolio/american-hospice/,href,A
1657,View Profile,View Profile,a_inner_text,A
1657,american products company,/investment-portfolio/american-products-company/,href,A
1658,View Profile,View Profile,a_inner_text,A
1658,american stock transfer trust company,/investment-portfolio/american-stock-transfer-trust-company/,href,A
1659,View Profile,View Profile,a_inner_text,A
1659,anitox,/investment-portfolio/anitox/,href,A
1660,View Profile,View Profile,a_inner_text,A
1660,apica,/investment-portfolio/apica/,href,A
1661,View Profile,View Profile,a_inner_text,A
1661,apollo interactive,/investment-portfolio/apollo-interactive/,href,A
1662,View Profile,View Profile,a_inner_text,A
1662,aptivio,/investment-portfolio/aptivio/,href,A
1663,View Profile,View Profile,a_inner_text,A
1663,arcos i,/investment-portfolio/arcos-i/,href,A
1664,View Profile,View Profile,a_inner_text,A
1664,arcos ii,/investment-portfolio/arcos-ii/,href,A
1665,View Profile,View Profile,a_inner_text,A
1665,arena,/investment-portfolio/arena/,href,A
1666,View Profile,View Profile,a_inner_text,A
1666,arrowhead engineered products,/investment-portfolio/arrowhead-engineered-products/,href,A
1667,View Profile,View Profile,a_inner_text,A
1667,ati,/investment-portfolio/ati/,href,A
1668,View Profile,View Profile,a_inner_text,A
1668,autocorp ai inc,/investment-portfolio/autocorp-ai-inc/,href,A
1669,View Profile,View Profile,a_inner_text,A
1669,avance clinical,/investment-portfolio/avance-clinical/,href,A
1670,View Profile,View Profile,a_inner_text,A
1670,avatar solutions,/investment-portfolio/avatar-solutions/,href,A
1671,View Profile,View Profile,a_inner_text,A
1671,awp safety i,/investment-portfolio/awp-safety-i/,href,A
1672,View Profile,View Profile,a_inner_text,A
1672,awp safety ii,/investment-portfolio/awp-safety-ii/,href,A
1673,View Profile,View Profile,a_inner_text,A
1673,ax semantics,/investment-portfolio/ax-semantics/,href,A
1674,View Profile,View Profile,a_inner_text,A
1674,axiom automotive technologies,/investment-portfolio/axiom-automotive-technologies/,href,A
1675,View Profile,View Profile,a_inner_text,A
1675,baby jogger,/investment-portfolio/baby-jogger/,href,A
1676,View Profile,View Profile,a_inner_text,A
1676,baker hill,/investment-portfolio/baker-hill/,href,A
1677,View Profile,View Profile,a_inner_text,A
1677,be green packaging,/investment-portfolio/be-green-packaging/,href,A
1678,View Profile,View Profile,a_inner_text,A
1678,beaconmedaes,/investment-portfolio/beaconmedaes/,href,A
1679,View Profile,View Profile,a_inner_text,A
1679,benesys,/investment-portfolio/benesys/,href,A
1680,View Profile,View Profile,a_inner_text,A
1680,bentley laboratories,/investment-portfolio/bentley-laboratories/,href,A
1681,View Profile,View Profile,a_inner_text,A
1681,beonx,/investment-portfolio/beonx/,href,A
1682,View Profile,View Profile,a_inner_text,A
1682,best life brands,/investment-portfolio/best-life-brands/,href,A
1683,View Profile,View Profile,a_inner_text,A
1683,big think,/investment-portfolio/big-think/,href,A
1684,View Profile,View Profile,a_inner_text,A
1684,bike24 i,/investment-portfolio/bike24-i/,href,A
1685,View Profile,View Profile,a_inner_text,A
1685,bike24 ii,/investment-portfolio/bike24-ii/,href,A
1686,View Profile,View Profile,a_inner_text,A
1686,bionativa,/investment-portfolio/bionativa/,href,A
1687,View Profile,View Profile,a_inner_text,A
1687,blue microphones,/investment-portfolio/blue-microphones/,href,A
1688,View Profile,View Profile,a_inner_text,A
1688,bluefletch,/investment-portfolio/bluefletch/,href,A
1689,View Profile,View Profile,a_inner_text,A
1689,blueprint,/investment-portfolio/blueprint/,href,A
1690,View Profile,View Profile,a_inner_text,A
1690,bohemia interactive simulations,/investment-portfolio/bohemia-interactive-simulations/,href,A
1691,View Profile,View Profile,a_inner_text,A
1691,brandmuscle,/investment-portfolio/brandmuscle/,href,A
1692,View Profile,View Profile,a_inner_text,A
1692,brookson,/investment-portfolio/brookson/,href,A
1693,View Profile,View Profile,a_inner_text,A
1693,buildout inc,/investment-portfolio/buildout-inc/,href,A
1694,View Profile,View Profile,a_inner_text,A
1694,camelot education,/investment-portfolio/camelot-education/,href,A
1695,View Profile,View Profile,a_inner_text,A
1695,capol,/investment-portfolio/capol/,href,A
1696,View Profile,View Profile,a_inner_text,A
1696,caprock communications,/investment-portfolio/caprock-communications/,href,A
1697,View Profile,View Profile,a_inner_text,A
1697,caravelo,/investment-portfolio/caravelo/,href,A
1698,View Profile,View Profile,a_inner_text,A
1698,carborundum electrite,/investment-portfolio/carborundum-electrite/,href,A
1699,View Profile,View Profile,a_inner_text,A
1699,casavi,/investment-portfolio/casavi/,href,A
1700,View Profile,View Profile,a_inner_text,A
1700,causematch,/investment-portfolio/causematch/,href,A
1701,View Profile,View Profile,a_inner_text,A
1701,censis,/investment-portfolio/censis/,href,A
1702,View Profile,View Profile,a_inner_text,A
1702,certasite,/investment-portfolio/certasite/,href,A
1703,View Profile,View Profile,a_inner_text,A
1703,certified collision group inc,/investment-portfolio/certified-collision-group-inc/,href,A
1704,View Profile,View Profile,a_inner_text,A
1704,chronicle heritage,/investment-portfolio/chronicle-heritage/,href,A
1705,View Profile,View Profile,a_inner_text,A
1705,circlelink health,/investment-portfolio/circlelink-health/,href,A
1706,View Profile,View Profile,a_inner_text,A
1706,cis secure computing,/investment-portfolio/cis-secure-computing/,href,A
1707,View Profile,View Profile,a_inner_text,A
1707,clarus,/investment-portfolio/clarus/,href,A
1708,View Profile,View Profile,a_inner_text,A
1708,clayton group services,/investment-portfolio/clayton-group-services/,href,A
1709,View Profile,View Profile,a_inner_text,A
1709,clockworks analytics,/investment-portfolio/clockworks-analytics/,href,A
1710,View Profile,View Profile,a_inner_text,A
1710,cloud factory,/investment-portfolio/cloud-factory/,href,A
1711,View Profile,View Profile,a_inner_text,A
1711,cloud range,/investment-portfolio/cloud-range/,href,A
1712,View Profile,View Profile,a_inner_text,A
1712,cloudlex,/investment-portfolio/cloudlex/,href,A
1713,View Profile,View Profile,a_inner_text,A
1713,cloudpermit,/investment-portfolio/cloudpermit/,href,A
1714,View Profile,View Profile,a_inner_text,A
1714,cmit solutions,/investment-portfolio/cmit-solutions/,href,A
1715,View Profile,View Profile,a_inner_text,A
1715,coeur,/investment-portfolio/coeur/,href,A
1716,View Profile,View Profile,a_inner_text,A
1716,commonwealth laminating coating,/investment-portfolio/commonwealth-laminating-coating/,href,A
1717,View Profile,View Profile,a_inner_text,A
1717,compleet,/investment-portfolio/compleet/,href,A
1718,View Profile,View Profile,a_inner_text,A
1718,computer press,/investment-portfolio/computer-press/,href,A
1719,View Profile,View Profile,a_inner_text,A
1719,connexient,/investment-portfolio/connexient/,href,A
1720,View Profile,View Profile,a_inner_text,A
1720,connor sport court international,/investment-portfolio/connor-sport-court-international/,href,A
1721,View Profile,View Profile,a_inner_text,A
1721,consensus,/investment-portfolio/consensus/,href,A
1722,View Profile,View Profile,a_inner_text,A
1722,contruent,/investment-portfolio/contruent/,href,A
1723,View Profile,View Profile,a_inner_text,A
1723,convertr,/investment-portfolio/convertr/,href,A
1724,View Profile,View Profile,a_inner_text,A
1724,corporate visions inc,/investment-portfolio/corporate-visions-inc/,href,A
1725,View Profile,View Profile,a_inner_text,A
1725,creditlogic,/investment-portfolio/creditlogic/,href,A
1726,View Profile,View Profile,a_inner_text,A
1726,crio,/investment-portfolio/crio/,href,A
1727,View Profile,View Profile,a_inner_text,A
1727,crisis prevention institute,/investment-portfolio/crisis-prevention-institute/,href,A
1728,View Profile,View Profile,a_inner_text,A
1728,cryptomathic,/investment-portfolio/cryptomathic/,href,A
1729,View Profile,View Profile,a_inner_text,A
1729,customergauge,/investment-portfolio/customergauge/,href,A
1730,View Profile,View Profile,a_inner_text,A
1730,cyber guru,/investment-portfolio/cyber-guru/,href,A
1731,View Profile,View Profile,a_inner_text,A
1731,cybersaint security,/investment-portfolio/cybersaint-security/,href,A
1732,View Profile,View Profile,a_inner_text,A
1732,dastex,/investment-portfolio/dastex/,href,A
1733,View Profile,View Profile,a_inner_text,A
1733,dawgs,/investment-portfolio/dawgs/,href,A
1734,View Profile,View Profile,a_inner_text,A
1734,dcm asia,/investment-portfolio/dcm-asia/,href,A
1735,View Profile,View Profile,a_inner_text,A
1735,decera clinical,/investment-portfolio/decera-clinical/,href,A
1736,View Profile,View Profile,a_inner_text,A
1736,deck commerce,/investment-portfolio/deck-commerce/,href,A
1737,View Profile,View Profile,a_inner_text,A
1737,decusoft,/investment-portfolio/decusoft/,href,A
1738,View Profile,View Profile,a_inner_text,A
1738,delaget,/investment-portfolio/delaget/,href,A
1739,View Profile,View Profile,a_inner_text,A
1739,delta petroleum company,/investment-portfolio/delta-petroleum-company/,href,A
1740,View Profile,View Profile,a_inner_text,A
1740,dentalplans,/investment-portfolio/dentalplans/,href,A
1741,View Profile,View Profile,a_inner_text,A
1741,dhd healthcare,/investment-portfolio/dhd-healthcare/,href,A
1742,View Profile,View Profile,a_inner_text,A
1742,diatron group,/investment-portfolio/diatron-group/,href,A
1743,View Profile,View Profile,a_inner_text,A
1743,digital technology international,/investment-portfolio/digital-technology-international/,href,A
1744,View Profile,View Profile,a_inner_text,A
1744,dingo,/investment-portfolio/dingo/,href,A
1745,View Profile,View Profile,a_inner_text,A
1745,disa global solutions,/investment-portfolio/disa-global-solutions/,href,A
1746,View Profile,View Profile,a_inner_text,A
1746,doctor com,/investment-portfolio/doctor-com/,href,A
1747,View Profile,View Profile,a_inner_text,A
1747,dpa microphones,/investment-portfolio/dpa-microphones/,href,A
1748,View Profile,View Profile,a_inner_text,A
1748,dubois i,/investment-portfolio/dubois-i/,href,A
1749,View Profile,View Profile,a_inner_text,A
1749,dubois ii,/investment-portfolio/dubois-ii/,href,A
1750,View Profile,View Profile,a_inner_text,A
1750,dynojet research,/investment-portfolio/dynojet-research/,href,A
1751,View Profile,View Profile,a_inner_text,A
1751,e a scheer,/investment-portfolio/e-a-scheer/,href,A
1752,View Profile,View Profile,a_inner_text,A
1752,eemax,/investment-portfolio/eemax/,href,A
1753,View Profile,View Profile,a_inner_text,A
1753,elite sportswear,/investment-portfolio/elite-sportswear/,href,A
1754,View Profile,View Profile,a_inner_text,A
1754,em test,/investment-portfolio/em-test/,href,A
1755,View Profile,View Profile,a_inner_text,A
1755,emergency communications network,/investment-portfolio/emergency-communications-network/,href,A
1756,View Profile,View Profile,a_inner_text,A
1756,energy exemplar,/investment-portfolio/energy-exemplar/,href,A
1757,View Profile,View Profile,a_inner_text,A
1757,enhatch,/investment-portfolio/enhatch/,href,A
1758,View Profile,View Profile,a_inner_text,A
1758,entrix,/investment-portfolio/entrix/,href,A
1759,View Profile,View Profile,a_inner_text,A
1759,epco,/investment-portfolio/epco/,href,A
1760,View Profile,View Profile,a_inner_text,A
1760,epilot,/investment-portfolio/epilot/,href,A
1761,View Profile,View Profile,a_inner_text,A
1761,essential compositions,/investment-portfolio/essential-compositions/,href,A
1762,View Profile,View Profile,a_inner_text,A
1762,euromed,/investment-portfolio/euromed/,href,A
1763,View Profile,View Profile,a_inner_text,A
1763,eventsair,/investment-portfolio/eventsair/,href,A
1764,View Profile,View Profile,a_inner_text,A
1764,eversmith brands,/investment-portfolio/eversmith-brands/,href,A
1765,View Profile,View Profile,a_inner_text,A
1765,everway i,/investment-portfolio/everway-i/,href,A
1766,View Profile,View Profile,a_inner_text,A
1766,everway ii,/investment-portfolio/everway-ii/,href,A
1767,View Profile,View Profile,a_inner_text,A
1767,evive brands,/investment-portfolio/evive-brands/,href,A
1768,View Profile,View Profile,a_inner_text,A
1768,execvision,/investment-portfolio/execvision/,href,A
1769,View Profile,View Profile,a_inner_text,A
1769,experient,/investment-portfolio/experient/,href,A
1770,View Profile,View Profile,a_inner_text,A
1770,expion health,/investment-portfolio/expion-health/,href,A
1771,View Profile,View Profile,a_inner_text,A
1771,express,/investment-portfolio/express/,href,A
1772,View Profile,View Profile,a_inner_text,A
1772,fadata,/investment-portfolio/fadata/,href,A
1773,View Profile,View Profile,a_inner_text,A
1773,fairpay solutions,/investment-portfolio/fairpay-solutions/,href,A
1774,View Profile,View Profile,a_inner_text,A
1774,fielo,/investment-portfolio/fielo/,href,A
1775,View Profile,View Profile,a_inner_text,A
1775,fisher unitech,/investment-portfolio/fisher-unitech/,href,A
1776,View Profile,View Profile,a_inner_text,A
1776,fla orthopedics,/investment-portfolio/fla-orthopedics/,href,A
1777,View Profile,View Profile,a_inner_text,A
1777,flavorsum,/investment-portfolio/flavorsum/,href,A
1778,View Profile,View Profile,a_inner_text,A
1778,foodstate,/investment-portfolio/foodstate/,href,A
1779,View Profile,View Profile,a_inner_text,A
1779,freeeway,/investment-portfolio/freeeway/,href,A
1780,View Profile,View Profile,a_inner_text,A
1780,freightwise,/investment-portfolio/freightwise/,href,A
1781,View Profile,View Profile,a_inner_text,A
1781,further,/investment-portfolio/further/,href,A
1782,View Profile,View Profile,a_inner_text,A
1782,future metals,/investment-portfolio/future-metals/,href,A
1783,View Profile,View Profile,a_inner_text,A
1783,g a partners,/investment-portfolio/g-a-partners/,href,A
1784,View Profile,View Profile,a_inner_text,A
1784,g h orthodontics,/investment-portfolio/g-h-orthodontics/,href,A
1785,View Profile,View Profile,a_inner_text,A
1785,galvanina,/investment-portfolio/galvanina/,href,A
1786,View Profile,View Profile,a_inner_text,A
1786,gastromatic,/investment-portfolio/gastromatic/,href,A
1787,View Profile,View Profile,a_inner_text,A
1787,gfos,/investment-portfolio/gfos/,href,A
1788,View Profile,View Profile,a_inner_text,A
1788,global claims services,/investment-portfolio/global-claims-services/,href,A
1789,View Profile,View Profile,a_inner_text,A
1789,global orthopaedic technologies,/investment-portfolio/global-orthopaedic-technologies/,href,A
1790,View Profile,View Profile,a_inner_text,A
1790,goby,/investment-portfolio/goby/,href,A
1791,View Profile,View Profile,a_inner_text,A
1791,goreact,/investment-portfolio/goreact/,href,A
1792,View Profile,View Profile,a_inner_text,A
1792,grace hill,/investment-portfolio/grace-hill/,href,A
1793,View Profile,View Profile,a_inner_text,A
1793,gravitee,/investment-portfolio/gravitee/,href,A
1794,View Profile,View Profile,a_inner_text,A
1794,greenline foods,/investment-portfolio/greenline-foods/,href,A
1795,View Profile,View Profile,a_inner_text,A
1795,greenphire,/investment-portfolio/greenphire/,href,A
1796,View Profile,View Profile,a_inner_text,A
1796,gti diagnostics,/investment-portfolio/gti-diagnostics/,href,A
1797,View Profile,View Profile,a_inner_text,A
1797,guestline,/investment-portfolio/guestline/,href,A
1798,View Profile,View Profile,a_inner_text,A
1798,hammerblow towing systems,/investment-portfolio/hammerblow-towing-systems/,href,A
1799,View Profile,View Profile,a_inner_text,A
1799,hapana,/investment-portfolio/hapana/,href,A
1800,View Profile,View Profile,a_inner_text,A
1800,hardware resources,/investment-portfolio/hardware-resources/,href,A
1801,View Profile,View Profile,a_inner_text,A
1801,harvey performance company,/investment-portfolio/harvey-performance-company/,href,A
1802,View Profile,View Profile,a_inner_text,A
1802,hcpro,/investment-portfolio/hcpro/,href,A
1803,View Profile,View Profile,a_inner_text,A
1803,h d advanced manufacturing,/investment-portfolio/h-d-advanced-manufacturing/,href,A
1804,View Profile,View Profile,a_inner_text,A
1804,head to toe brands,/investment-portfolio/head-to-toe-brands/,href,A
1805,View Profile,View Profile,a_inner_text,A
1805,health safety institute i,/investment-portfolio/health-safety-institute-i/,href,A
1806,View Profile,View Profile,a_inner_text,A
1806,health safety institute ii,/investment-portfolio/health-safety-institute-ii/,href,A
1807,View Profile,View Profile,a_inner_text,A
1807,healthcarefirst,/investment-portfolio/healthcarefirst/,href,A
1808,View Profile,View Profile,a_inner_text,A
1808,healthtech,/investment-portfolio/healthtech/,href,A
1809,View Profile,View Profile,a_inner_text,A
1809,herbthyme,/investment-portfolio/herbthyme/,href,A
1810,View Profile,View Profile,a_inner_text,A
1810,heydata,/investment-portfolio/heydata/,href,A
1811,View Profile,View Profile,a_inner_text,A
1811,hiway group,/investment-portfolio/hiway-group/,href,A
1812,View Profile,View Profile,a_inner_text,A
1812,hmi,/investment-portfolio/hmi/,href,A
1813,View Profile,View Profile,a_inner_text,A
1813,hr soft,/investment-portfolio/hr-soft/,href,A
1814,View Profile,View Profile,a_inner_text,A
1814,hra pharma,/investment-portfolio/hra-pharma/,href,A
1815,View Profile,View Profile,a_inner_text,A
1815,hudson sharp,/investment-portfolio/hudson-sharp/,href,A
1816,View Profile,View Profile,a_inner_text,A
1816,hydrocorp,/investment-portfolio/hydrocorp/,href,A
1817,View Profile,View Profile,a_inner_text,A
1817,iautomation,/investment-portfolio/iautomation/,href,A
1818,View Profile,View Profile,a_inner_text,A
1818,icev,/investment-portfolio/icev/,href,A
1819,View Profile,View Profile,a_inner_text,A
1819,ideoclick,/investment-portfolio/ideoclick/,href,A
1820,View Profile,View Profile,a_inner_text,A
1820,ideon,/investment-portfolio/ideon/,href,A
1821,View Profile,View Profile,a_inner_text,A
1821,idoc,/investment-portfolio/idoc/,href,A
1822,View Profile,View Profile,a_inner_text,A
1822,ifs group,/investment-portfolio/ifs-group/,href,A
1823,View Profile,View Profile,a_inner_text,A
1823,il pastaio di brescia,/investment-portfolio/il-pastaio-di-brescia/,href,A
1824,View Profile,View Profile,a_inner_text,A
1824,impact xm,/investment-portfolio/impact-xm/,href,A
1825,View Profile,View Profile,a_inner_text,A
1825,independent living specialists,/investment-portfolio/independent-living-specialists/,href,A
1826,View Profile,View Profile,a_inner_text,A
1826,inscape publishing,/investment-portfolio/inscape-publishing/,href,A
1827,View Profile,View Profile,a_inner_text,A
1827,insurance claims management,/investment-portfolio/insurance-claims-management/,href,A
1828,View Profile,View Profile,a_inner_text,A
1828,integrated power services,/investment-portfolio/integrated-power-services/,href,A
1829,View Profile,View Profile,a_inner_text,A
1829,intrepid networks,/investment-portfolio/intrepid-networks/,href,A
1830,View Profile,View Profile,a_inner_text,A
1830,invita,/investment-portfolio/invita/,href,A
1831,View Profile,View Profile,a_inner_text,A
1831,ironedge,/investment-portfolio/ironedge/,href,A
1832,View Profile,View Profile,a_inner_text,A
1832,it s just lunch,/investment-portfolio/it-s-just-lunch/,href,A
1833,View Profile,View Profile,a_inner_text,A
1833,junior sports corporation,/investment-portfolio/junior-sports-corporation/,href,A
1834,View Profile,View Profile,a_inner_text,A
1834,justrite manufacturing company,/investment-portfolio/justrite-manufacturing-company/,href,A
1835,View Profile,View Profile,a_inner_text,A
1835,kasasa,/investment-portfolio/kasasa/,href,A
1836,View Profile,View Profile,a_inner_text,A
1836,kaseware,/investment-portfolio/kaseware/,href,A
1837,View Profile,View Profile,a_inner_text,A
1837,keepsake quilting,/investment-portfolio/keepsake-quilting/,href,A
1838,View Profile,View Profile,a_inner_text,A
1838,keona health,/investment-portfolio/keona-health/,href,A
1839,View Profile,View Profile,a_inner_text,A
1839,keycast,/investment-portfolio/keycast/,href,A
1840,View Profile,View Profile,a_inner_text,A
1840,keymile,/investment-portfolio/keymile/,href,A
1841,View Profile,View Profile,a_inner_text,A
1841,kfm,/investment-portfolio/kfm/,href,A
1842,View Profile,View Profile,a_inner_text,A
1842,lacuna solutions,/investment-portfolio/lacuna-solutions/,href,A
1843,View Profile,View Profile,a_inner_text,A
1843,lakeview health,/investment-portfolio/lakeview-health/,href,A
1844,View Profile,View Profile,a_inner_text,A
1844,l com,/investment-portfolio/l-com/,href,A
1845,View Profile,View Profile,a_inner_text,A
1845,learning seat,/investment-portfolio/learning-seat/,href,A
1846,View Profile,View Profile,a_inner_text,A
1846,leftshift,/investment-portfolio/leftshift/,href,A
1847,View Profile,View Profile,a_inner_text,A
1847,lexipol i,/investment-portfolio/lexipol-i/,href,A
1848,View Profile,View Profile,a_inner_text,A
1848,lexipol ii,/investment-portfolio/lexipol-ii/,href,A
1849,View Profile,View Profile,a_inner_text,A
1849,lillebaby,/investment-portfolio/lillebaby/,href,A
1850,View Profile,View Profile,a_inner_text,A
1850,lmg holdings inc,/investment-portfolio/lmg-holdings-inc/,href,A
1851,View Profile,View Profile,a_inner_text,A
1851,loadstop,/investment-portfolio/loadstop/,href,A
1852,View Profile,View Profile,a_inner_text,A
1852,localtel,/investment-portfolio/localtel/,href,A
1853,View Profile,View Profile,a_inner_text,A
1853,logically,/investment-portfolio/logically/,href,A
1854,View Profile,View Profile,a_inner_text,A
1854,london s farm dairy,/investment-portfolio/london-s-farm-dairy/,href,A
1855,View Profile,View Profile,a_inner_text,A
1855,loop tie,/investment-portfolio/loop-tie/,href,A
1856,View Profile,View Profile,a_inner_text,A
1856,lumen dynamics group,/investment-portfolio/lumen-dynamics-group/,href,A
1857,View Profile,View Profile,a_inner_text,A
1857,marena group,/investment-portfolio/marena-group/,href,A
1858,View Profile,View Profile,a_inner_text,A
1858,marketmuse,/investment-portfolio/marketmuse/,href,A
1859,View Profile,View Profile,a_inner_text,A
1859,maverick,/investment-portfolio/maverick/,href,A
1860,View Profile,View Profile,a_inner_text,A
1860,mec3,/investment-portfolio/mec3/,href,A
1861,View Profile,View Profile,a_inner_text,A
1861,media source,/investment-portfolio/media-source/,href,A
1862,View Profile,View Profile,a_inner_text,A
1862,mediafly,/investment-portfolio/mediafly/,href,A
1863,View Profile,View Profile,a_inner_text,A
1863,megachemie,/investment-portfolio/megachemie/,href,A
1864,View Profile,View Profile,a_inner_text,A
1864,merit industries,/investment-portfolio/merit-industries/,href,A
1865,View Profile,View Profile,a_inner_text,A
1865,mifam,/investment-portfolio/mifam/,href,A
1866,View Profile,View Profile,a_inner_text,A
1866,mintra,/investment-portfolio/mintra/,href,A
1867,View Profile,View Profile,a_inner_text,A
1867,mk chimney systems,/investment-portfolio/mk-chimney-systems/,href,A
1868,View Profile,View Profile,a_inner_text,A
1868,mlcoa,/investment-portfolio/mlcoa/,href,A
1869,View Profile,View Profile,a_inner_text,A
1869,mmg fusion,/investment-portfolio/mmg-fusion/,href,A
1870,View Profile,View Profile,a_inner_text,A
1870,mnx,/investment-portfolio/mnx/,href,A
1871,View Profile,View Profile,a_inner_text,A
1871,modern campus,/investment-portfolio/modern-campus/,href,A
1872,View Profile,View Profile,a_inner_text,A
1872,modern hire,/investment-portfolio/modern-hire/,href,A
1873,View Profile,View Profile,a_inner_text,A
1873,momentum group i,/investment-portfolio/momentum-group-i/,href,A
1874,View Profile,View Profile,a_inner_text,A
1874,momentum group ii,/investment-portfolio/momentum-group-ii/,href,A
1875,View Profile,View Profile,a_inner_text,A
1875,monessen,/investment-portfolio/monessen/,href,A
1876,View Profile,View Profile,a_inner_text,A
1876,montel,/investment-portfolio/montel/,href,A
1877,View Profile,View Profile,a_inner_text,A
1877,moss,/investment-portfolio/moss/,href,A
1878,View Profile,View Profile,a_inner_text,A
1878,mw industries,/investment-portfolio/mw-industries/,href,A
1879,View Profile,View Profile,a_inner_text,A
1879,myskillcamp,/investment-portfolio/myskillcamp/,href,A
1880,View Profile,View Profile,a_inner_text,A
1880,naka,/investment-portfolio/naka/,href,A
1881,View Profile,View Profile,a_inner_text,A
1881,navex global,/investment-portfolio/navex-global/,href,A
1882,View Profile,View Profile,a_inner_text,A
1882,navigate360,/investment-portfolio/navigate360/,href,A
1883,View Profile,View Profile,a_inner_text,A
1883,neighborly,/investment-portfolio/neighborly/,href,A
1884,View Profile,View Profile,a_inner_text,A
1884,netwatch group,/investment-portfolio/netwatch-group/,href,A
1885,View Profile,View Profile,a_inner_text,A
1885,nordco,/investment-portfolio/nordco/,href,A
1886,View Profile,View Profile,a_inner_text,A
1886,north american dental group,/investment-portfolio/north-american-dental-group/,href,A
1887,View Profile,View Profile,a_inner_text,A
1887,novamed,/investment-portfolio/novamed/,href,A
1888,View Profile,View Profile,a_inner_text,A
1888,npc,/investment-portfolio/npc/,href,A
1889,View Profile,View Profile,a_inner_text,A
1889,nustef baking,/investment-portfolio/nustef-baking/,href,A
1890,View Profile,View Profile,a_inner_text,A
1890,oaky,/investment-portfolio/oaky/,href,A
1891,View Profile,View Profile,a_inner_text,A
1891,olympic boat centers,/investment-portfolio/olympic-boat-centers/,href,A
1892,View Profile,View Profile,a_inner_text,A
1892,omnigo software,/investment-portfolio/omnigo-software/,href,A
1893,View Profile,View Profile,a_inner_text,A
1893,on location,/investment-portfolio/on-location/,href,A
1894,View Profile,View Profile,a_inner_text,A
1894,oncourse learning,/investment-portfolio/oncourse-learning/,href,A
1895,View Profile,View Profile,a_inner_text,A
1895,oni communications,/investment-portfolio/oni-communications/,href,A
1896,View Profile,View Profile,a_inner_text,A
1896,onscent,/investment-portfolio/onscent/,href,A
1897,View Profile,View Profile,a_inner_text,A
1897,oomnitza,/investment-portfolio/oomnitza/,href,A
1898,View Profile,View Profile,a_inner_text,A
1898,orliman,/investment-portfolio/orliman/,href,A
1899,View Profile,View Profile,a_inner_text,A
1899,orthod,/investment-portfolio/orthod/,href,A
1900,View Profile,View Profile,a_inner_text,A
1900,outsolve,/investment-portfolio/outsolve/,href,A
1901,View Profile,View Profile,a_inner_text,A
1901,outward hound,/investment-portfolio/outward-hound/,href,A
1902,View Profile,View Profile,a_inner_text,A
1902,ownlocal,/investment-portfolio/ownlocal/,href,A
1903,View Profile,View Profile,a_inner_text,A
1903,paradigm tax group,/investment-portfolio/paradigm-tax-group/,href,A
1904,View Profile,View Profile,a_inner_text,A
1904,pareto,/investment-portfolio/pareto/,href,A
1905,View Profile,View Profile,a_inner_text,A
1905,parker food group,/investment-portfolio/parker-food-group/,href,A
1906,View Profile,View Profile,a_inner_text,A
1906,partium,/investment-portfolio/partium/,href,A
1907,View Profile,View Profile,a_inner_text,A
1907,patronmanager,/investment-portfolio/patronmanager/,href,A
1908,View Profile,View Profile,a_inner_text,A
1908,peak,/investment-portfolio/peak/,href,A
1909,View Profile,View Profile,a_inner_text,A
1909,peerspot,/investment-portfolio/peerspot/,href,A
1910,View Profile,View Profile,a_inner_text,A
1910,peoplegrove,/investment-portfolio/peoplegrove/,href,A
1911,View Profile,View Profile,a_inner_text,A
1911,performance systems integration,/investment-portfolio/performance-systems-integration/,href,A
1912,View Profile,View Profile,a_inner_text,A
1912,pfb corporation,/investment-portfolio/pfb-corporation/,href,A
1913,View Profile,View Profile,a_inner_text,A
1913,polar windows,/investment-portfolio/polar-windows/,href,A
1914,View Profile,View Profile,a_inner_text,A
1914,ppc insulators,/investment-portfolio/ppc-insulators/,href,A
1915,View Profile,View Profile,a_inner_text,A
1915,precision wire components,/investment-portfolio/precision-wire-components/,href,A
1916,View Profile,View Profile,a_inner_text,A
1916,primalex,/investment-portfolio/primalex/,href,A
1917,View Profile,View Profile,a_inner_text,A
1917,production control services,/investment-portfolio/production-control-services/,href,A
1918,View Profile,View Profile,a_inner_text,A
1918,profitsystems,/investment-portfolio/profitsystems/,href,A
1919,View Profile,View Profile,a_inner_text,A
1919,propensity,/investment-portfolio/propensity/,href,A
1920,View Profile,View Profile,a_inner_text,A
1920,prosites,/investment-portfolio/prosites/,href,A
1921,View Profile,View Profile,a_inner_text,A
1921,pro vigil,/investment-portfolio/pro-vigil/,href,A
1922,View Profile,View Profile,a_inner_text,A
1922,purple,/investment-portfolio/purple/,href,A
1923,View Profile,View Profile,a_inner_text,A
1923,pypestream,/investment-portfolio/pypestream/,href,A
1924,View Profile,View Profile,a_inner_text,A
1924,qualserv,/investment-portfolio/qualserv/,href,A
1925,View Profile,View Profile,a_inner_text,A
1925,quivers,/investment-portfolio/quivers/,href,A
1926,View Profile,View Profile,a_inner_text,A
1926,rameder,/investment-portfolio/rameder/,href,A
1927,View Profile,View Profile,a_inner_text,A
1927,readyset surgical,/investment-portfolio/readyset-surgical/,href,A
1928,View Profile,View Profile,a_inner_text,A
1928,recovery point,/investment-portfolio/recovery-point/,href,A
1929,View Profile,View Profile,a_inner_text,A
1929,red nucleus,/investment-portfolio/red-nucleus/,href,A
1930,View Profile,View Profile,a_inner_text,A
1930,redteam,/investment-portfolio/redteam/,href,A
1931,View Profile,View Profile,a_inner_text,A
1931,reima,/investment-portfolio/reima/,href,A
1932,View Profile,View Profile,a_inner_text,A
1932,relay fire and safety,/investment-portfolio/relay-fire-and-safety/,href,A
1933,View Profile,View Profile,a_inner_text,A
1933,repa,/investment-portfolio/repa/,href,A
1934,View Profile,View Profile,a_inner_text,A
1934,results weight loss,/investment-portfolio/results-weight-loss/,href,A
1935,View Profile,View Profile,a_inner_text,A
1935,retail zoo,/investment-portfolio/retail-zoo/,href,A
1936,View Profile,View Profile,a_inner_text,A
1936,revegy,/investment-portfolio/revegy/,href,A
1937,View Profile,View Profile,a_inner_text,A
1937,revtrax,/investment-portfolio/revtrax/,href,A
1938,View Profile,View Profile,a_inner_text,A
1938,richter chemie technik,/investment-portfolio/richter-chemie-technik/,href,A
1939,View Profile,View Profile,a_inner_text,A
1939,rutland group,/investment-portfolio/rutland-group/,href,A
1940,View Profile,View Profile,a_inner_text,A
1940,safebuilt,/investment-portfolio/safebuilt/,href,A
1941,View Profile,View Profile,a_inner_text,A
1941,salgglas,/investment-portfolio/salgglas/,href,A
1942,View Profile,View Profile,a_inner_text,A
1942,screenvision media,/investment-portfolio/screenvision-media/,href,A
1943,View Profile,View Profile,a_inner_text,A
1943,seatex,/investment-portfolio/seatex/,href,A
1944,View Profile,View Profile,a_inner_text,A
1944,selig sealing products,/investment-portfolio/selig-sealing-products/,href,A
1945,View Profile,View Profile,a_inner_text,A
1945,sencore,/investment-portfolio/sencore/,href,A
1946,View Profile,View Profile,a_inner_text,A
1946,sentinel,/investment-portfolio/sentinel/,href,A
1947,View Profile,View Profile,a_inner_text,A
1947,sevdesk,/investment-portfolio/sevdesk/,href,A
1948,View Profile,View Profile,a_inner_text,A
1948,shinsouki,/investment-portfolio/shinsouki/,href,A
1949,View Profile,View Profile,a_inner_text,A
1949,showd me,/investment-portfolio/showd-me/,href,A
1950,View Profile,View Profile,a_inner_text,A
1950,siffron,/investment-portfolio/siffron/,href,A
1951,View Profile,View Profile,a_inner_text,A
1951,sigg,/investment-portfolio/sigg/,href,A
1952,View Profile,View Profile,a_inner_text,A
1952,simcro,/investment-portfolio/simcro/,href,A
1953,View Profile,View Profile,a_inner_text,A
1953,smartways,/investment-portfolio/smartways/,href,A
1954,View Profile,View Profile,a_inner_text,A
1954,soluta inc and boon chapman benefit administrators inc,/investment-portfolio/soluta-inc-and-boon-chapman-benefit-administrators-inc/,href,A
1955,View Profile,View Profile,a_inner_text,A
1955,soothe,/investment-portfolio/soothe/,href,A
1956,View Profile,View Profile,a_inner_text,A
1956,south florida newspaper network,/investment-portfolio/south-florida-newspaper-network/,href,A
1957,View Profile,View Profile,a_inner_text,A
1957,specialized medical services,/investment-portfolio/specialized-medical-services/,href,A
1958,View Profile,View Profile,a_inner_text,A
1958,spectrio,/investment-portfolio/spectrio/,href,A
1959,View Profile,View Profile,a_inner_text,A
1959,spirion,/investment-portfolio/spirion/,href,A
1960,View Profile,View Profile,a_inner_text,A
1960,spofadental,/investment-portfolio/spofadental/,href,A
1961,View Profile,View Profile,a_inner_text,A
1961,sportsrecruits,/investment-portfolio/sportsrecruits/,href,A
1962,View Profile,View Profile,a_inner_text,A
1962,squirro,/investment-portfolio/squirro/,href,A
1963,View Profile,View Profile,a_inner_text,A
1963,stemlab,/investment-portfolio/stemlab/,href,A
1964,View Profile,View Profile,a_inner_text,A
1964,stoffel seals,/investment-portfolio/stoffel-seals/,href,A
1965,View Profile,View Profile,a_inner_text,A
1965,suitepad,/investment-portfolio/suitepad/,href,A
1966,View Profile,View Profile,a_inner_text,A
1966,sunless inc,/investment-portfolio/sunless-inc/,href,A
1967,View Profile,View Profile,a_inner_text,A
1967,sunrise windows,/investment-portfolio/sunrise-windows/,href,A
1968,View Profile,View Profile,a_inner_text,A
1968,surewerx,/investment-portfolio/surewerx/,href,A
1969,View Profile,View Profile,a_inner_text,A
1969,swedish education group,/investment-portfolio/swedish-education-group/,href,A
1970,View Profile,View Profile,a_inner_text,A
1970,sytrue,/investment-portfolio/sytrue/,href,A
1971,View Profile,View Profile,a_inner_text,A
1971,t3 services group,/investment-portfolio/t3-services-group/,href,A
1972,View Profile,View Profile,a_inner_text,A
1972,tate s bake shop,/investment-portfolio/tate-s-bake-shop/,href,A
1973,View Profile,View Profile,a_inner_text,A
1973,team technologies,/investment-portfolio/team-technologies/,href,A
1974,View Profile,View Profile,a_inner_text,A
1974,tensator,/investment-portfolio/tensator/,href,A
1975,View Profile,View Profile,a_inner_text,A
1975,teufel,/investment-portfolio/teufel/,href,A
1976,View Profile,View Profile,a_inner_text,A
1976,the derm group,/investment-portfolio/the-derm-group/,href,A
1977,View Profile,View Profile,a_inner_text,A
1977,the dwyer group i,/investment-portfolio/the-dwyer-group-i/,href,A
1978,View Profile,View Profile,a_inner_text,A
1978,the dwyer group ii,/investment-portfolio/the-dwyer-group-ii/,href,A
1979,View Profile,View Profile,a_inner_text,A
1979,the healthea group,/investment-portfolio/the-healthea-group/,href,A
1980,View Profile,View Profile,a_inner_text,A
1980,the townsend group,/investment-portfolio/the-townsend-group/,href,A
1981,View Profile,View Profile,a_inner_text,A
1981,the vomela companies,/investment-portfolio/the-vomela-companies/,href,A
1982,View Profile,View Profile,a_inner_text,A
1982,thibaut,/investment-portfolio/thibaut/,href,A
1983,View Profile,View Profile,a_inner_text,A
1983,thinktank,/investment-portfolio/thinktank/,href,A
1984,View Profile,View Profile,a_inner_text,A
1984,threatmark inc,/investment-portfolio/threatmark-inc/,href,A
1985,View Profile,View Profile,a_inner_text,A
1985,threshold brands,/investment-portfolio/threshold-brands/,href,A
1986,View Profile,View Profile,a_inner_text,A
1986,todaytix,/investment-portfolio/todaytix/,href,A
1987,View Profile,View Profile,a_inner_text,A
1987,toolport,/investment-portfolio/toolport/,href,A
1988,View Profile,View Profile,a_inner_text,A
1988,transporeon,/investment-portfolio/transporeon/,href,A
1989,View Profile,View Profile,a_inner_text,A
1989,trend technologies,/investment-portfolio/trend-technologies/,href,A
1990,View Profile,View Profile,a_inner_text,A
1990,tropikal pet,/investment-portfolio/tropikal-pet/,href,A
1991,View Profile,View Profile,a_inner_text,A
1991,true health group,/investment-portfolio/true-health-group/,href,A
1992,View Profile,View Profile,a_inner_text,A
1992,trustwell,/investment-portfolio/trustwell/,href,A
1993,View Profile,View Profile,a_inner_text,A
1993,turtl,/investment-portfolio/turtl/,href,A
1994,View Profile,View Profile,a_inner_text,A
1994,typsy,/investment-portfolio/typsy/,href,A
1995,View Profile,View Profile,a_inner_text,A
1995,uinta brewing company,/investment-portfolio/uinta-brewing-company/,href,A
1996,View Profile,View Profile,a_inner_text,A
1996,ultravolt,/investment-portfolio/ultravolt/,href,A
1997,View Profile,View Profile,a_inner_text,A
1997,unifocus,/investment-portfolio/unifocus/,href,A
1998,View Profile,View Profile,a_inner_text,A
1998,unipac,/investment-portfolio/unipac/,href,A
1999,View Profile,View Profile,a_inner_text,A
1999,united central industrial supply,/investment-portfolio/united-central-industrial-supply/,href,A
2000,View Profile,View Profile,a_inner_text,A
2000,universal air filter,/investment-portfolio/universal-air-filter/,href,A
2001,View Profile,View Profile,a_inner_text,A
2001,us cabinet depot,/investment-portfolio/us-cabinet-depot/,href,A
2002,View Profile,View Profile,a_inner_text,A
2002,veritext,/investment-portfolio/veritext/,href,A
2003,View Profile,View Profile,a_inner_text,A
2003,viking plastics,/investment-portfolio/viking-plastics/,href,A
2004,View Profile,View Profile,a_inner_text,A
2004,vitex packaging group,/investment-portfolio/vitex-packaging-group/,href,A
2005,View Profile,View Profile,a_inner_text,A
2005,vitg,/investment-portfolio/vitg/,href,A
2006,View Profile,View Profile,a_inner_text,A
2006,vivi,/investment-portfolio/vivi/,href,A
2007,View Profile,View Profile,a_inner_text,A
2007,vokes air group,/investment-portfolio/vokes-air-group/,href,A
2008,View Profile,View Profile,a_inner_text,A
2008,wall street prep,/investment-portfolio/wall-street-prep/,href,A
2009,View Profile,View Profile,a_inner_text,A
2009,waste service group,/investment-portfolio/waste-service-group/,href,A
2010,View Profile,View Profile,a_inner_text,A
2010,water jel,/investment-portfolio/water-jel/,href,A
2011,View Profile,View Profile,a_inner_text,A
2011,welltec,/investment-portfolio/welltec/,href,A
2012,View Profile,View Profile,a_inner_text,A
2012,whatcounts,/investment-portfolio/whatcounts/,href,A
2013,View Profile,View Profile,a_inner_text,A
2013,whitney automotive group,/investment-portfolio/whitney-automotive-group/,href,A
2014,View Profile,View Profile,a_inner_text,A
2014,wildlife international,/investment-portfolio/wildlife-international/,href,A
2015,View Profile,View Profile,a_inner_text,A
2015,wiz korea,/investment-portfolio/wiz-korea/,href,A
2016,View Profile,View Profile,a_inner_text,A
2016,wondr health,/investment-portfolio/wondr-health/,href,A
2017,View Profile,View Profile,a_inner_text,A
2017,work health group,/investment-portfolio/work-health-group/,href,A
2018,View Profile,View Profile,a_inner_text,A
2018,workplace media,/investment-portfolio/workplace-media/,href,A
2019,View Profile,View Profile,a_inner_text,A
2019,workstride,/investment-portfolio/workstride/,href,A
2020,View Profile,View Profile,a_inner_text,A
2020,xcentric,/investment-portfolio/xcentric/,href,A
2021,View Profile,View Profile,a_inner_text,A
2021,y international,/investment-portfolio/y-international/,href,A
2022,View Profile,View Profile,a_inner_text,A
2022,yourmembership,/investment-portfolio/yourmembership/,href,A
2023,View Profile,View Profile,a_inner_text,A
2023,yumearth,/investment-portfolio/yumearth/,href,A
2024,View Profile,View Profile,a_inner_text,A
2024,zetkama,/investment-portfolio/zetkama/,href,A
2025,View Profile,View Profile,a_inner_text,A
2025,ziflow,/investment-portfolio/ziflow/,href,A
2026,View Profile,View Profile,a_inner_text,A
2026,zoobean,/investment-portfolio/zoobean/,href,A
2027,Aforall Weblogo 180X100,Aforall Weblogo 180X100,img_alt_text,B
2028,Abracon2 Weblogo,Abracon2 Weblogo,img_alt_text,B
2029,ACT Test Panels Logo,ACT Test Panels Logo,img_alt_text,B
2030,ACTINEO logo,ACTINEO logo,img_alt_text,B
2031,ActivStyle Logo,ActivStyle Logo,img_alt_text,B
2032,AdhereHealth Logo,AdhereHealth Logo,img_alt_text,B
2033,AERCO Logo,AERCO Logo,img_alt_text,B
2034,Affinitiv Weblogo,Affinitiv Weblogo,img_alt_text,B
2035,Agens Logo,Agens Logo,img_alt_text,B
2036,QDS Logo,QDS Logo,img_alt_text,B
2037,AIA Logo New,AIA Logo New,img_alt_text,B
2038,Airfocus Weblogo 180X100,Airfocus Weblogo 180X100,img_alt_text,B
2039,AIS Logo,AIS Logo,img_alt_text,B
2040,Alchemy Systems Logo,Alchemy Systems Logo,img_alt_text,B
2041,AMS Logo,AMS Logo,img_alt_text,B
2042,Align Networks Logo,Align Networks Logo,img_alt_text,B
2043,Weblogo Alignopps 180X100,Weblogo Alignopps 180X100,img_alt_text,B
2044,Alphah Weblogo2,Alphah Weblogo2,img_alt_text,B
2045,Alsana logo,Alsana logo,img_alt_text,B
2046,Weblogo Altiusgroup2 180X100,Weblogo Altiusgroup2 180X100,img_alt_text,B
2047,"American Electronic Components, Inc. Logo","American Electronic Components, Inc. Logo",img_alt_text,B
2048,American Hospice Logo,American Hospice Logo,img_alt_text,B
2049,American Products Company Logo,American Products Company Logo,img_alt_text,B
2050,AST logo,AST logo,img_alt_text,B
2051,Antiox,Antiox,img_alt_text,B
2052,Apica Weblogo,Apica Weblogo,img_alt_text,B
2053,Apollointeractive Weblogo2,Apollointeractive Weblogo2,img_alt_text,B
2054,Weblogo Aptivio 180X100,Weblogo Aptivio 180X100,img_alt_text,B
2055,ARCOS,ARCOS,img_alt_text,B
2056,ARCOS,ARCOS,img_alt_text,B
2057,Arena Group Logo,Arena Group Logo,img_alt_text,B
2058,Arrowhead Engineered Products,Arrowhead Engineered Products,img_alt_text,B
2059,ATI Logo,ATI Logo,img_alt_text,B
2060,Weblogo Autocorpai 180X100,Weblogo Autocorpai 180X100,img_alt_text,B
2061,Avance Weblogo 180X100,Avance Weblogo 180X100,img_alt_text,B
2062,Avatar Solutions Logo,Avatar Solutions Logo,img_alt_text,B
2063,AWP logo,AWP logo,img_alt_text,B
2064,Awpsafety Weblogo 180X100,Awpsafety Weblogo 180X100,img_alt_text,B
2065,Axsemantics Weblogo 180X100,Axsemantics Weblogo 180X100,img_alt_text,B
2066,Axiom Automotive Technologies Logo,Axiom Automotive Technologies Logo,img_alt_text,B
2067,Baby Jogger Logo,Baby Jogger Logo,img_alt_text,B
2068,Baker Hill Logo,Baker Hill Logo,img_alt_text,B
2069,Be Green Packaging,Be Green Packaging,img_alt_text,B
2070,BeaconMedaes Logo,BeaconMedaes Logo,img_alt_text,B
2071,BeneSys,BeneSys,img_alt_text,B
2072,Bentleylabsweblogo2,Bentleylabsweblogo2,img_alt_text,B
2073,Weblogo Beonx 180X100,Weblogo Beonx 180X100,img_alt_text,B
2074,Bestlifebrandsweblogo (1),Bestlifebrandsweblogo (1),img_alt_text,B
2075,Bigthinkweblogo,Bigthinkweblogo,img_alt_text,B
2076,Bike24,Bike24,img_alt_text,B
2077,Bike24,Bike24,img_alt_text,B
2078,Weblogo Bionativa 180X100,Weblogo Bionativa 180X100,img_alt_text,B
2079,Blue Microphones logo,Blue Microphones logo,img_alt_text,B
2080,Weblogo Bluefletch 180X100,Weblogo Bluefletch 180X100,img_alt_text,B
2081,Blueprint Weblogo 180X100,Blueprint Weblogo 180X100,img_alt_text,B
2082,Bohemia Interactive Simulations,Bohemia Interactive Simulations,img_alt_text,B
2083,BrandMuscle Logo,BrandMuscle Logo,img_alt_text,B
2084,Brookson Logo,Brookson Logo,img_alt_text,B
2085,Buildout Logo,Buildout Logo,img_alt_text,B
2086,Camelot Education Logo,Camelot Education Logo,img_alt_text,B
2087,Capol Logo,Capol Logo,img_alt_text,B
2088,CapRock Logo,CapRock Logo,img_alt_text,B
2089,Weblogo Caravelo 180X100,Weblogo Caravelo 180X100,img_alt_text,B
2090,Carborundum Logo,Carborundum Logo,img_alt_text,B
2091,Casaviweblogo,Casaviweblogo,img_alt_text,B
2092,Causematch Weblogo 180X100,Causematch Weblogo 180X100,img_alt_text,B
2093,Censis,Censis,img_alt_text,B
2094,Certasite Weblogo2,Certasite Weblogo2,img_alt_text,B
2095,Weblogo Certifiedcollisiongroup 180X100,Weblogo Certifiedcollisiongroup 180X100,img_alt_text,B
2096,Weblogo Chronicleheritage 180X100,Weblogo Chronicleheritage 180X100,img_alt_text,B
2097,Circlelinkhealth Weblogo,Circlelinkhealth Weblogo,img_alt_text,B
2098,CIS Weblogo 180X100,CIS Weblogo 180X100,img_alt_text,B
2099,Clarus logo,Clarus logo,img_alt_text,B
2100,Clayton Logo,Clayton Logo,img_alt_text,B
2101,Clockworksanalytics Weblogo2,Clockworksanalytics Weblogo2,img_alt_text,B
2102,Weblogo Cloudrange 180X100 (1),Weblogo Cloudrange 180X100 (1),img_alt_text,B
2103,Weblogo Cloudrange 180X120,Weblogo Cloudrange 180X120,img_alt_text,B
2104,Cloudlex Weblogo 180X100,Cloudlex Weblogo 180X100,img_alt_text,B
2105,Weblogo Cloudpermit 180X100,Weblogo Cloudpermit 180X100,img_alt_text,B
2106,Cmitsolutions Weblogo 180X100,Cmitsolutions Weblogo 180X100,img_alt_text,B
2107,Coeur Logo,Coeur Logo,img_alt_text,B
2108,Commonwealth Lam-CLC Logo,Commonwealth Lam-CLC Logo,img_alt_text,B
2109,Compleet Weblogo2 180X100,Compleet Weblogo2 180X100,img_alt_text,B
2110,Computer Press Logo,Computer Press Logo,img_alt_text,B
2111,Connexientweblogo,Connexientweblogo,img_alt_text,B
2112,Connor Sport Court,Connor Sport Court,img_alt_text,B
2113,Consensusweblogo,Consensusweblogo,img_alt_text,B
2114,Weblogo Contruent 180X100,Weblogo Contruent 180X100,img_alt_text,B
2115,Convertr Weblogo 180X100,Convertr Weblogo 180X100,img_alt_text,B
2116,Corporatevisions Weblogo 180X100,Corporatevisions Weblogo 180X100,img_alt_text,B
2117,Weblogo Creditlogic 180X100,Weblogo Creditlogic 180X100,img_alt_text,B
2118,Weblogo CRIO 180X100,Weblogo CRIO 180X100,img_alt_text,B
2119,CPI,CPI,img_alt_text,B
2120,Cryptomathic Weblogo 180X100,Cryptomathic Weblogo 180X100,img_alt_text,B
2121,Cutomerguage Weblogocolor,Cutomerguage Weblogocolor,img_alt_text,B
2122,Weblogo Cyberguru 180X100,Weblogo Cyberguru 180X100,img_alt_text,B
2123,Weblogo Cybersaint 180X100,Weblogo Cybersaint 180X100,img_alt_text,B
2124,Weblogo Dastex2a 180X100,Weblogo Dastex2a 180X100,img_alt_text,B
2125,Weblogo DAWGS 180X100,Weblogo DAWGS 180X100,img_alt_text,B
2126,DCM Asia Logo,DCM Asia Logo,img_alt_text,B
2127,Weblogo Deceraclinical 180X100,Weblogo Deceraclinical 180X100,img_alt_text,B
2128,Deckcommerce Weblogocolor,Deckcommerce Weblogocolor,img_alt_text,B
2129,Weblogo Decusoftt 180X100,Weblogo Decusoftt 180X100,img_alt_text,B
2130,Weblogo Delaget 180X100,Weblogo Delaget 180X100,img_alt_text,B
2131,Delta Logo,Delta Logo,img_alt_text,B
2132,DentalPlans.com,DentalPlans.com,img_alt_text,B
2133,DHD Logo,DHD Logo,img_alt_text,B
2134,Diatron Group Logo,Diatron Group Logo,img_alt_text,B
2135,DTI Logo,DTI Logo,img_alt_text,B
2136,Weblogo DINGO 180X100,Weblogo DINGO 180X100,img_alt_text,B
2137,DISA Logo,DISA Logo,img_alt_text,B
2138,Doctorcomweblogo,Doctorcomweblogo,img_alt_text,B
2139,DPA Microphones,DPA Microphones,img_alt_text,B
2140,DuBois Logo,DuBois Logo,img_alt_text,B
2141,DuBois Logo,DuBois Logo,img_alt_text,B
2142,Dynojet Logo,Dynojet Logo,img_alt_text,B
2143,E&A Scheer Logo,E&A Scheer Logo,img_alt_text,B
2144,Eemax,Eemax,img_alt_text,B
2145,Elite Sportswear,Elite Sportswear,img_alt_text,B
2146,EM Test Logo,EM Test Logo,img_alt_text,B
2147,ECN Logo,ECN Logo,img_alt_text,B
2148,Weblogo Energyexemplar 180X100,Weblogo Energyexemplar 180X100,img_alt_text,B
2149,Enhatchweblogo,Enhatchweblogo,img_alt_text,B
2150,ENTRIX Logo,ENTRIX Logo,img_alt_text,B
2151,EPCO Logo,EPCO Logo,img_alt_text,B
2152,Epilot Weblogo 180X100,Epilot Weblogo 180X100,img_alt_text,B
2153,Weblogo Essentialcompositions2 180X100,Weblogo Essentialcompositions2 180X100,img_alt_text,B
2154,Euromed Logo,Euromed Logo,img_alt_text,B
2155,Eventsair Weblogo 180X100,Eventsair Weblogo 180X100,img_alt_text,B
2156,Eversmithbrands Weblogo 180X100,Eversmithbrands Weblogo 180X100,img_alt_text,B
2157,Weblogo Everway 180X100,Weblogo Everway 180X100,img_alt_text,B
2158,Weblogo Everway 180X100,Weblogo Everway 180X100,img_alt_text,B
2159,Evive Weblogo 180X100,Evive Weblogo 180X100,img_alt_text,B
2160,Execvisionweblogo,Execvisionweblogo,img_alt_text,B
2161,Experient Logo,Experient Logo,img_alt_text,B
2162,Weblogo Expionhealth 180X100,Weblogo Expionhealth 180X100,img_alt_text,B
2163,Express Logo,Express Logo,img_alt_text,B
2164,Fadata,Fadata,img_alt_text,B
2165,FairPay,FairPay,img_alt_text,B
2166,Fielo Weblogo 180X100,Fielo Weblogo 180X100,img_alt_text,B
2167,Fisher Unitech Logo,Fisher Unitech Logo,img_alt_text,B
2168,FLA Logo,FLA Logo,img_alt_text,B
2169,Flavorsum Weblogo 180X100,Flavorsum Weblogo 180X100,img_alt_text,B
2170,FoodState Company Logo,FoodState Company Logo,img_alt_text,B
2171,Freeway Weblogo 180X100,Freeway Weblogo 180X100,img_alt_text,B
2172,Freightwise Weblogocolor,Freightwise Weblogocolor,img_alt_text,B
2173,FURTHER Weblogo 180X100,FURTHER Weblogo 180X100,img_alt_text,B
2174,Future Metals Logo,Future Metals Logo,img_alt_text,B
2175,Gapartners Weblogo,Gapartners Weblogo,img_alt_text,B
2176,G&H Orthodontics Logo,G&H Orthodontics Logo,img_alt_text,B
2177,Galvanina Logo,Galvanina Logo,img_alt_text,B
2178,Gastromatic Weblogo 180X100,Gastromatic Weblogo 180X100,img_alt_text,B
2179,Weblogo GFOS 180X100,Weblogo GFOS 180X100,img_alt_text,B
2180,Global Claims Services,Global Claims Services,img_alt_text,B
2181,Global Orthopaedic Technology,Global Orthopaedic Technology,img_alt_text,B
2182,Goby Weblogocolor,Goby Weblogocolor,img_alt_text,B
2183,Goreactweblogo,Goreactweblogo,img_alt_text,B
2184,Gracehill Logo,Gracehill Logo,img_alt_text,B
2185,Weblogo Gravitee 180X100,Weblogo Gravitee 180X100,img_alt_text,B
2186,GreenLine Logo,GreenLine Logo,img_alt_text,B
2187,Greenphire Logo,Greenphire Logo,img_alt_text,B
2188,GTI Logo,GTI Logo,img_alt_text,B
2189,Guestline Logo,Guestline Logo,img_alt_text,B
2190,Hammerblow Logo,Hammerblow Logo,img_alt_text,B
2191,Weblogo Hapana 180X100,Weblogo Hapana 180X100,img_alt_text,B
2192,HardwareResources Logo,HardwareResources Logo,img_alt_text,B
2193,Harvey Performance Company Logo,Harvey Performance Company Logo,img_alt_text,B
2194,HCPro Logo,HCPro Logo,img_alt_text,B
2195,HD Advanced Logo,HD Advanced Logo,img_alt_text,B
2196,Weblogo Headtotoebrands 180X100,Weblogo Headtotoebrands 180X100,img_alt_text,B
2197,HSI Logo,HSI Logo,img_alt_text,B
2198,HSI Logo,HSI Logo,img_alt_text,B
2199,healthcarefirst,healthcarefirst,img_alt_text,B
2200,Healthtech3 Logo,Healthtech3 Logo,img_alt_text,B
2201,Herb Thyme Logo,Herb Thyme Logo,img_alt_text,B
2202,Weblogo Heydata 180X100,Weblogo Heydata 180X100,img_alt_text,B
2203,Hiway Group Logo,Hiway Group Logo,img_alt_text,B
2204,HMI Weblogo3,HMI Weblogo3,img_alt_text,B
2205,Hrsoft Weblogo 180X100,Hrsoft Weblogo 180X100,img_alt_text,B
2206,HRA Pharma,HRA Pharma,img_alt_text,B
2207,Hudson Sharp Logo,Hudson Sharp Logo,img_alt_text,B
2208,Hydrocorp Weblogo 180X100,Hydrocorp Weblogo 180X100,img_alt_text,B
2209,iAutomation Logo,iAutomation Logo,img_alt_text,B
2210,Icev Weblogo 180X100,Icev Weblogo 180X100,img_alt_text,B
2211,Ideoclickweblogo,Ideoclickweblogo,img_alt_text,B
2212,Weblogo IDEON 180X100,Weblogo IDEON 180X100,img_alt_text,B
2213,IDOC Logo,IDOC Logo,img_alt_text,B
2214,IFS Group,IFS Group,img_alt_text,B
2215,Weblogo Ilpastaio 180X100,Weblogo Ilpastaio 180X100,img_alt_text,B
2216,Weblogo Impactxm 180X100,Weblogo Impactxm 180X100,img_alt_text,B
2217,ILS Weblogo,ILS Weblogo,img_alt_text,B
2218,Inscape Logo,Inscape Logo,img_alt_text,B
2219,Innovating Claims Management Logo,Innovating Claims Management Logo,img_alt_text,B
2220,IPS Logo,IPS Logo,img_alt_text,B
2221,Weblogo Intrepidnetworks 180X100,Weblogo Intrepidnetworks 180X100,img_alt_text,B
2222,Invita Weblogo,Invita Weblogo,img_alt_text,B
2223,Weblogo Ironedge 180X100,Weblogo Ironedge 180X100,img_alt_text,B
2224,It's Just Lunch Logo,It's Just Lunch Logo,img_alt_text,B
2225,Junior Sports Corporation,Junior Sports Corporation,img_alt_text,B
2226,Justrite Logo,Justrite Logo,img_alt_text,B
2227,Kasasa Logo,Kasasa Logo,img_alt_text,B
2228,Weblogo Kaseware 180X100,Weblogo Kaseware 180X100,img_alt_text,B
2229,Keepsake Logo,Keepsake Logo,img_alt_text,B
2230,Keonahealth Weblogocolor,Keonahealth Weblogocolor,img_alt_text,B
2231,Keycast Logo,Keycast Logo,img_alt_text,B
2232,Keymile,Keymile,img_alt_text,B
2233,KFM Logo,KFM Logo,img_alt_text,B
2234,Lacunasolutions Weblogo 180X100,Lacunasolutions Weblogo 180X100,img_alt_text,B
2235,Lakeview Health Logo,Lakeview Health Logo,img_alt_text,B
2236,L-com Logo,L-com Logo,img_alt_text,B
2237,Learning Seat Logo,Learning Seat Logo,img_alt_text,B
2238,Leftshiftweblogo,Leftshiftweblogo,img_alt_text,B
2239,Lexipol Weblogo2,Lexipol Weblogo2,img_alt_text,B
2240,Lexipol Weblogo2,Lexipol Weblogo2,img_alt_text,B
2241,Lillebaby Logo,Lillebaby Logo,img_alt_text,B
2242,Lmgholdingsweblogo2,Lmgholdingsweblogo2,img_alt_text,B
2243,Weblogo Loadstop 180X100,Weblogo Loadstop 180X100,img_alt_text,B
2244,LocalTel Logo,LocalTel Logo,img_alt_text,B
2245,Logically logo,Logically logo,img_alt_text,B
2246,London's Dairy Farm Logo,London's Dairy Farm Logo,img_alt_text,B
2247,Looptie Weblogocolor,Looptie Weblogocolor,img_alt_text,B
2248,Lumen Dynamics Group Logo,Lumen Dynamics Group Logo,img_alt_text,B
2249,Marena Logo,Marena Logo,img_alt_text,B
2250,Marketmuseweblogo,Marketmuseweblogo,img_alt_text,B
2251,Maverick Logo,Maverick Logo,img_alt_text,B
2252,MEC3 Logo,MEC3 Logo,img_alt_text,B
2253,Media Source Company Logo,Media Source Company Logo,img_alt_text,B
2254,Weblogo Mediafly 180X100,Weblogo Mediafly 180X100,img_alt_text,B
2255,Megachemie Logo,Megachemie Logo,img_alt_text,B
2256,Merit Logo,Merit Logo,img_alt_text,B
2257,Mifam Logo,Mifam Logo,img_alt_text,B
2258,Mintra Weblogo2,Mintra Weblogo2,img_alt_text,B
2259,MK Logo,MK Logo,img_alt_text,B
2260,MLCOA,MLCOA,img_alt_text,B
2261,Mmgfusion Weblogo180x100,Mmgfusion Weblogo180x100,img_alt_text,B
2262,MNX Logo,MNX Logo,img_alt_text,B
2263,Moderncampus Weblogo 180X100,Moderncampus Weblogo 180X100,img_alt_text,B
2264,Modernhire Weblogo,Modernhire Weblogo,img_alt_text,B
2265,Momentum Group Logo,Momentum Group Logo,img_alt_text,B
2266,Weblogo Momentum101625 180X100,Weblogo Momentum101625 180X100,img_alt_text,B
2267,Monessen Logo,Monessen Logo,img_alt_text,B
2268,Montel Weblogo 180X100,Montel Weblogo 180X100,img_alt_text,B
2269,Moss Logo,Moss Logo,img_alt_text,B
2270,Matthew*Warren Industries Logo,Matthew*Warren Industries Logo,img_alt_text,B
2271,Myskillscamp Weblogo 180X100,Myskillscamp Weblogo 180X100,img_alt_text,B
2272,NAKA,NAKA,img_alt_text,B
2273,NAVEX Global,NAVEX Global,img_alt_text,B
2274,Navigate360 Weblogo,Navigate360 Weblogo,img_alt_text,B
2275,neighborly logo,neighborly logo,img_alt_text,B
2276,Logo Netwatch 180X100,Logo Netwatch 180X100,img_alt_text,B
2277,Nordco Logo,Nordco Logo,img_alt_text,B
2278,North American Dental Group Logo,North American Dental Group Logo,img_alt_text,B
2279,Novamed Logo,Novamed Logo,img_alt_text,B
2280,NPC Logo,NPC Logo,img_alt_text,B
2281,Nustef Weblogo 180X100,Nustef Weblogo 180X100,img_alt_text,B
2282,Oaky Weblogo 180X100,Oaky Weblogo 180X100,img_alt_text,B
2283,Olympic Logo,Olympic Logo,img_alt_text,B
2284,Omnigo logo,Omnigo logo,img_alt_text,B
2285,Weblogo Onlocation 180X100,Weblogo Onlocation 180X100,img_alt_text,B
2286,OnCourse Learning,OnCourse Learning,img_alt_text,B
2287,Oni Logo,Oni Logo,img_alt_text,B
2288,Onscent Weblogo2 180X100,Onscent Weblogo2 180X100,img_alt_text,B
2289,Oomnitzaweblogo,Oomnitzaweblogo,img_alt_text,B
2290,Orliman Logo,Orliman Logo,img_alt_text,B
2291,Portfolio Company - Ortho D,Portfolio Company - Ortho D,img_alt_text,B
2292,Outsolve Weblogo 180X100,Outsolve Weblogo 180X100,img_alt_text,B
2293,Outward Hound Logo,Outward Hound Logo,img_alt_text,B
2294,Ownlocalweblogo,Ownlocalweblogo,img_alt_text,B
2295,Paradigm Logo,Paradigm Logo,img_alt_text,B
2296,Pareto Logo,Pareto Logo,img_alt_text,B
2297,Parkerfoodgroup Weblogo 180X100,Parkerfoodgroup Weblogo 180X100,img_alt_text,B
2298,Weblogo Partium 180X100,Weblogo Partium 180X100,img_alt_text,B
2299,Patronmanagerweblogo,Patronmanagerweblogo,img_alt_text,B
2300,Peak Weblogo 180X100,Peak Weblogo 180X100,img_alt_text,B
2301,Peerspot Weblogo 180X100,Peerspot Weblogo 180X100,img_alt_text,B
2302,Weblogo Peoplegrovev3 180X100,Weblogo Peoplegrovev3 180X100,img_alt_text,B
2303,PSI Weblogo,PSI Weblogo,img_alt_text,B
2304,Pfbcorp Weblogo 180X100,Pfbcorp Weblogo 180X100,img_alt_text,B
2305,Polar Windows Logo,Polar Windows Logo,img_alt_text,B
2306,PPC Logo,PPC Logo,img_alt_text,B
2307,Precision Wire Components Logo,Precision Wire Components Logo,img_alt_text,B
2308,Primalex Logo,Primalex Logo,img_alt_text,B
2309,PCS Logo,PCS Logo,img_alt_text,B
2310,Profit Systems Logo,Profit Systems Logo,img_alt_text,B
2311,Weblogo Propensity 180X100,Weblogo Propensity 180X100,img_alt_text,B
2312,ProSites Logo,ProSites Logo,img_alt_text,B
2313,Pro-vigil Logo,Pro-vigil Logo,img_alt_text,B
2314,Purple Weblogo 180X100,Purple Weblogo 180X100,img_alt_text,B
2315,Weblogo Pypestream 180X100,Weblogo Pypestream 180X100,img_alt_text,B
2316,QualServ Logo,QualServ Logo,img_alt_text,B
2317,Quivers Weblogo 180X100,Quivers Weblogo 180X100,img_alt_text,B
2318,Rameder-Logo,Rameder-Logo,img_alt_text,B
2319,Weblogo Readysetsurgical 180X100,Weblogo Readysetsurgical 180X100,img_alt_text,B
2320,Recoverypoint Weblogo,Recoverypoint Weblogo,img_alt_text,B
2321,Rednucleus2 Weblogo 180X100,Rednucleus2 Weblogo 180X100,img_alt_text,B
2322,Redteamweblogo,Redteamweblogo,img_alt_text,B
2323,REIMA Device 180X100,REIMA Device 180X100,img_alt_text,B
2324,Relay Weblogo 180X100,Relay Weblogo 180X100,img_alt_text,B
2325,REPA Weblogo,REPA Weblogo,img_alt_text,B
2326,Results Weight Loss Logo,Results Weight Loss Logo,img_alt_text,B
2327,Boost,Boost,img_alt_text,B
2328,Revegyweblogo,Revegyweblogo,img_alt_text,B
2329,Revtraxweblogo,Revtraxweblogo,img_alt_text,B
2330,Richter Logo,Richter Logo,img_alt_text,B
2331,Rutland Group logo,Rutland Group logo,img_alt_text,B
2332,SAFEbuilt,SAFEbuilt,img_alt_text,B
2333,Salgglas Logo,Salgglas Logo,img_alt_text,B
2334,Screen Vision Logo,Screen Vision Logo,img_alt_text,B
2335,Weblogo Seatex 180X100,Weblogo Seatex 180X100,img_alt_text,B
2336,Selig Logo,Selig Logo,img_alt_text,B
2337,Sencore,Sencore,img_alt_text,B
2338,Sentinel Logo,Sentinel Logo,img_alt_text,B
2339,Weblogo Sevdesk 180X100,Weblogo Sevdesk 180X100,img_alt_text,B
2340,Shinsouki Logo,Shinsouki Logo,img_alt_text,B
2341,RAC Showdme Weblogo 180X100,RAC Showdme Weblogo 180X100,img_alt_text,B
2342,Siffron Weblogo 180X100,Siffron Weblogo 180X100,img_alt_text,B
2343,SIGG Logo,SIGG Logo,img_alt_text,B
2344,Weblogo Simcro2 180X100,Weblogo Simcro2 180X100,img_alt_text,B
2345,Weblogo Smartways 180X100,Weblogo Smartways 180X100,img_alt_text,B
2346,Weblogo Solutaboonchapman 180X100,Weblogo Solutaboonchapman 180X100,img_alt_text,B
2347,Soothe Weblogo2,Soothe Weblogo2,img_alt_text,B
2348,SFNN Logo,SFNN Logo,img_alt_text,B
2349,SMS Company Logo,SMS Company Logo,img_alt_text,B
2350,Spectrio,Spectrio,img_alt_text,B
2351,Spirion Logo,Spirion Logo,img_alt_text,B
2352,SpofaDental Logo,SpofaDental Logo,img_alt_text,B
2353,Sportsrecruitsweblogo,Sportsrecruitsweblogo,img_alt_text,B
2354,Squirro Weblogo 180X100,Squirro Weblogo 180X100,img_alt_text,B
2355,Stemlab Logo,Stemlab Logo,img_alt_text,B
2356,Stoffel Logo,Stoffel Logo,img_alt_text,B
2357,Suitepad Weblogocolor,Suitepad Weblogocolor,img_alt_text,B
2358,Sunless Logo,Sunless Logo,img_alt_text,B
2359,Sunise Windows Logo,Sunise Windows Logo,img_alt_text,B
2360,SureWerx logo,SureWerx logo,img_alt_text,B
2361,Power Planning System,Power Planning System,img_alt_text,B
2362,Sytrue Weblogo 180X100,Sytrue Weblogo 180X100,img_alt_text,B
2363,Weblogo T3servicesgroup 180X100,Weblogo T3servicesgroup 180X100,img_alt_text,B
2364,Tate's Bake Shop,Tate's Bake Shop,img_alt_text,B
2365,Team Technologies Logo,Team Technologies Logo,img_alt_text,B
2366,Tensator Logo,Tensator Logo,img_alt_text,B
2367,Teufel Logo,Teufel Logo,img_alt_text,B
2368,Dermgroupweblogo,Dermgroupweblogo,img_alt_text,B
2369,Dwyer Logo,Dwyer Logo,img_alt_text,B
2370,The Dwyer Group,The Dwyer Group,img_alt_text,B
2371,Weblogo Healthea 180X100,Weblogo Healthea 180X100,img_alt_text,B
2372,Weblogo Townsendgroup 180X100,Weblogo Townsendgroup 180X100,img_alt_text,B
2373,Weblogo Vomela 180X100,Weblogo Vomela 180X100,img_alt_text,B
2374,Thibaut Logo,Thibaut Logo,img_alt_text,B
2375,Thinktankweblogo,Thinktankweblogo,img_alt_text,B
2376,Weblogo Threatmark 180X100,Weblogo Threatmark 180X100,img_alt_text,B
2377,Thresholdbrands Weblogo 180X100,Thresholdbrands Weblogo 180X100,img_alt_text,B
2378,Todaytixweblogo,Todaytixweblogo,img_alt_text,B
2379,TOOLPORT Weblogo,TOOLPORT Weblogo,img_alt_text,B
2380,Transporeon,Transporeon,img_alt_text,B
2381,Trend Logo,Trend Logo,img_alt_text,B
2382,Tropikal Logo,Tropikal Logo,img_alt_text,B
2383,TrueHealth Group Logo,TrueHealth Group Logo,img_alt_text,B
2384,Trustwell Weblogo 180X100,Trustwell Weblogo 180X100,img_alt_text,B
2385,Turtl Weblogocolor,Turtl Weblogocolor,img_alt_text,B
2386,Weblogo Typsy 180X100,Weblogo Typsy 180X100,img_alt_text,B
2387,Uinta Brewing logo,Uinta Brewing logo,img_alt_text,B
2388,UltraVolt Logo,UltraVolt Logo,img_alt_text,B
2389,Unifocus Weblogo2 180X100,Unifocus Weblogo2 180X100,img_alt_text,B
2390,unipac Logo,unipac Logo,img_alt_text,B
2391,United Central Industrial Supplies,United Central Industrial Supplies,img_alt_text,B
2392,UAF Logo,UAF Logo,img_alt_text,B
2393,Uscabinetdepot Weblogo 180X100,Uscabinetdepot Weblogo 180X100,img_alt_text,B
2394,Veritext Logo,Veritext Logo,img_alt_text,B
2395,Viking Plastics Logo,Viking Plastics Logo,img_alt_text,B
2396,VPG Logo,VPG Logo,img_alt_text,B
2397,Weblogo VITG 180X100,Weblogo VITG 180X100,img_alt_text,B
2398,Vivi Updatedlogo 180X100,Vivi Updatedlogo 180X100,img_alt_text,B
2399,Vokes Air Logo,Vokes Air Logo,img_alt_text,B
2400,Weblogo Wallstreetprep 180X100,Weblogo Wallstreetprep 180X100,img_alt_text,B
2401,Waste Service Group Logo,Waste Service Group Logo,img_alt_text,B
2402,WaterJel Logo,WaterJel Logo,img_alt_text,B
2403,Welltec,Welltec,img_alt_text,B
2404,Whatcounts Logo,Whatcounts Logo,img_alt_text,B
2405,WAG Logo,WAG Logo,img_alt_text,B
2406,Wildlife International Logo,Wildlife International Logo,img_alt_text,B
2407,WizIsland,WizIsland,img_alt_text,B
2408,Wondrhealth Weblogo,Wondrhealth Weblogo,img_alt_text,B
2409,Work Health Group Logo,Work Health Group Logo,img_alt_text,B
2410,WorkPlace Media Logo,WorkPlace Media Logo,img_alt_text,B
2411,Workstride Logo,Workstride Logo,img_alt_text,B
2412,Xcentric Mold Logo,Xcentric Mold Logo,img_alt_text,B
2413,Y'sRoad,Y'sRoad,img_alt_text,B
2414,YourMembership Logo,YourMembership Logo,img_alt_text,B
2415,Yum Earth logo,Yum Earth logo,img_alt_text,B
2416,Zetkama Logo,Zetkama Logo,img_alt_text,B
2417,Ziflow Weblogo 180X100,Ziflow Weblogo 180X100,img_alt_text,B
2418,Weblogo Zoobean 180X100,Weblogo Zoobean 180X100,img_alt_text,B
2419,View Profile,View Profile,a_inner_text,A
2419,a forall,/investment-portfolio/a-forall/,href,A
2420,Aforall Weblogo 180X100,Aforall Weblogo 180X100,img_alt_text,B
2421,View Profile,View Profile,a_inner_text,A
2421,a forall,/investment-portfolio/a-forall/,href,A
2422,View Profile,View Profile,a_inner_text,A
2422,abracon,/investment-portfolio/abracon/,href,A
2423,Abracon2 Weblogo,Abracon2 Weblogo,img_alt_text,B
2424,View Profile,View Profile,a_inner_text,A
2424,abracon,/investment-portfolio/abracon/,href,A
2425,View Profile,View Profile,a_inner_text,A
2425,act test panels,/investment-portfolio/act-test-panels/,href,A
2426,ACT Test Panels Logo,ACT Test Panels Logo,img_alt_text,B
2427,View Profile,View Profile,a_inner_text,A
2427,act test panels,/investment-portfolio/act-test-panels/,href,A
2428,View Profile,View Profile,a_inner_text,A
2428,actineo,/investment-portfolio/actineo/,href,A
2429,ACTINEO logo,ACTINEO logo,img_alt_text,B
2430,View Profile,View Profile,a_inner_text,A
2430,actineo,/investment-portfolio/actineo/,href,A
2431,View Profile,View Profile,a_inner_text,A
2431,activstyle,/investment-portfolio/activstyle/,href,A
2432,ActivStyle Logo,ActivStyle Logo,img_alt_text,B
2433,View Profile,View Profile,a_inner_text,A
2433,activstyle,/investment-portfolio/activstyle/,href,A
2434,View Profile,View Profile,a_inner_text,A
2434,adherehealth,/investment-portfolio/adherehealth/,href,A
2435,AdhereHealth Logo,AdhereHealth Logo,img_alt_text,B
2436,View Profile,View Profile,a_inner_text,A
2436,adherehealth,/investment-portfolio/adherehealth/,href,A
2437,View Profile,View Profile,a_inner_text,A
2437,aerco,/investment-portfolio/aerco/,href,A
2438,AERCO Logo,AERCO Logo,img_alt_text,B
2439,View Profile,View Profile,a_inner_text,A
2439,aerco,/investment-portfolio/aerco/,href,A
2440,View Profile,View Profile,a_inner_text,A
2440,affinitiv,/investment-portfolio/affinitiv/,href,A
2441,Affinitiv Weblogo,Affinitiv Weblogo,img_alt_text,B
2442,View Profile,View Profile,a_inner_text,A
2442,affinitiv,/investment-portfolio/affinitiv/,href,A
2443,View Profile,View Profile,a_inner_text,A
2443,agens,/investment-portfolio/agens/,href,A
2444,Agens Logo,Agens Logo,img_alt_text,B
2445,View Profile,View Profile,a_inner_text,A
2445,agens,/investment-portfolio/agens/,href,A
2446,View Profile,View Profile,a_inner_text,A
2446,agri max,/investment-portfolio/agri-max/,href,A
2447,QDS Logo,QDS Logo,img_alt_text,B
2448,View Profile,View Profile,a_inner_text,A
2448,agri max,/investment-portfolio/agri-max/,href,A
2449,View Profile,View Profile,a_inner_text,A
2449,aia corporation,/investment-portfolio/aia-corporation/,href,A
2450,AIA Logo New,AIA Logo New,img_alt_text,B
2451,View Profile,View Profile,a_inner_text,A
2451,aia corporation,/investment-portfolio/aia-corporation/,href,A
2452,View Profile,View Profile,a_inner_text,A
2452,airfocus,/investment-portfolio/airfocus/,href,A
2453,Airfocus Weblogo 180X100,Airfocus Weblogo 180X100,img_alt_text,B
2454,View Profile,View Profile,a_inner_text,A
2454,airfocus,/investment-portfolio/airfocus/,href,A
2455,View Profile,View Profile,a_inner_text,A
2455,ais group,/investment-portfolio/ais-group/,href,A
2456,AIS Logo,AIS Logo,img_alt_text,B
2457,View Profile,View Profile,a_inner_text,A
2457,ais group,/investment-portfolio/ais-group/,href,A
2458,View Profile,View Profile,a_inner_text,A
2458,alchemy,/investment-portfolio/alchemy/,href,A
2459,Alchemy Systems Logo,Alchemy Systems Logo,img_alt_text,B
2460,View Profile,View Profile,a_inner_text,A
2460,alchemy,/investment-portfolio/alchemy/,href,A
2461,View Profile,View Profile,a_inner_text,A
2461,alcohol monitoring systems,/investment-portfolio/alcohol-monitoring-systems/,href,A
2462,AMS Logo,AMS Logo,img_alt_text,B
2463,View Profile,View Profile,a_inner_text,A
2463,alcohol monitoring systems,/investment-portfolio/alcohol-monitoring-systems/,href,A
2464,View Profile,View Profile,a_inner_text,A
2464,align networks,/investment-portfolio/align-networks/,href,A
2465,Align Networks Logo,Align Networks Logo,img_alt_text,B
2466,View Profile,View Profile,a_inner_text,A
2466,align networks,/investment-portfolio/align-networks/,href,A
2467,View Profile,View Profile,a_inner_text,A
2467,align ops,/investment-portfolio/align-ops/,href,A
2468,Weblogo Alignopps 180X100,Weblogo Alignopps 180X100,img_alt_text,B
2469,View Profile,View Profile,a_inner_text,A
2469,align ops,/investment-portfolio/align-ops/,href,A
2470,View Profile,View Profile,a_inner_text,A
2470,alpha h,/investment-portfolio/alpha-h/,href,A
2471,Alphah Weblogo2,Alphah Weblogo2,img_alt_text,B
2472,View Profile,View Profile,a_inner_text,A
2472,alpha h,/investment-portfolio/alpha-h/,href,A
2473,View Profile,View Profile,a_inner_text,A
2473,alsana,/investment-portfolio/alsana/,href,A
2474,Alsana logo,Alsana logo,img_alt_text,B
2475,View Profile,View Profile,a_inner_text,A
2475,alsana,/investment-portfolio/alsana/,href,A
2476,View Profile,View Profile,a_inner_text,A
2476,altius group,/investment-portfolio/altius-group/,href,A
2477,Weblogo Altiusgroup2 180X100,Weblogo Altiusgroup2 180X100,img_alt_text,B
2478,View Profile,View Profile,a_inner_text,A
2478,altius group,/investment-portfolio/altius-group/,href,A
2479,View Profile,View Profile,a_inner_text,A
2479,american electronic components,/investment-portfolio/american-electronic-components/,href,A
2480,"American Electronic Components, Inc. Logo","American Electronic Components, Inc. Logo",img_alt_text,B
2481,View Profile,View Profile,a_inner_text,A
2481,american electronic components,/investment-portfolio/american-electronic-components/,href,A
2482,View Profile,View Profile,a_inner_text,A
2482,american hospice,/investment-portfolio/american-hospice/,href,A
2483,American Hospice Logo,American Hospice Logo,img_alt_text,B
2484,View Profile,View Profile,a_inner_text,A
2484,american hospice,/investment-portfolio/american-hospice/,href,A
2485,View Profile,View Profile,a_inner_text,A
2485,american products company,/investment-portfolio/american-products-company/,href,A
2486,American Products Company Logo,American Products Company Logo,img_alt_text,B
2487,View Profile,View Profile,a_inner_text,A
2487,american products company,/investment-portfolio/american-products-company/,href,A
2488,View Profile,View Profile,a_inner_text,A
2488,american stock transfer trust company,/investment-portfolio/american-stock-transfer-trust-company/,href,A
2489,AST logo,AST logo,img_alt_text,B
2490,View Profile,View Profile,a_inner_text,A
2490,american stock transfer trust company,/investment-portfolio/american-stock-transfer-trust-company/,href,A
2491,View Profile,View Profile,a_inner_text,A
2491,anitox,/investment-portfolio/anitox/,href,A
2492,Antiox,Antiox,img_alt_text,B
2493,View Profile,View Profile,a_inner_text,A
2493,anitox,/investment-portfolio/anitox/,href,A
2494,View Profile,View Profile,a_inner_text,A
2494,apica,/investment-portfolio/apica/,href,A
2495,Apica Weblogo,Apica Weblogo,img_alt_text,B
2496,View Profile,View Profile,a_inner_text,A
2496,apica,/investment-portfolio/apica/,href,A
2497,View Profile,View Profile,a_inner_text,A
2497,apollo interactive,/investment-portfolio/apollo-interactive/,href,A
2498,Apollointeractive Weblogo2,Apollointeractive Weblogo2,img_alt_text,B
2499,View Profile,View Profile,a_inner_text,A
2499,apollo interactive,/investment-portfolio/apollo-interactive/,href,A
2500,View Profile,View Profile,a_inner_text,A
2500,aptivio,/investment-portfolio/aptivio/,href,A
2501,Weblogo Aptivio 180X100,Weblogo Aptivio 180X100,img_alt_text,B
2502,View Profile,View Profile,a_inner_text,A
2502,aptivio,/investment-portfolio/aptivio/,href,A
2503,View Profile,View Profile,a_inner_text,A
2503,arcos i,/investment-portfolio/arcos-i/,href,A
2504,ARCOS,ARCOS,img_alt_text,B
2505,View Profile,View Profile,a_inner_text,A
2505,arcos i,/investment-portfolio/arcos-i/,href,A
2506,View Profile,View Profile,a_inner_text,A
2506,arcos ii,/investment-portfolio/arcos-ii/,href,A
2507,ARCOS,ARCOS,img_alt_text,B
2508,View Profile,View Profile,a_inner_text,A
2508,arcos ii,/investment-portfolio/arcos-ii/,href,A
2509,View Profile,View Profile,a_inner_text,A
2509,arena,/investment-portfolio/arena/,href,A
2510,Arena Group Logo,Arena Group Logo,img_alt_text,B
2511,View Profile,View Profile,a_inner_text,A
2511,arena,/investment-portfolio/arena/,href,A
2512,View Profile,View Profile,a_inner_text,A
2512,arrowhead engineered products,/investment-portfolio/arrowhead-engineered-products/,href,A
2513,Arrowhead Engineered Products,Arrowhead Engineered Products,img_alt_text,B
2514,View Profile,View Profile,a_inner_text,A
2514,arrowhead engineered products,/investment-portfolio/arrowhead-engineered-products/,href,A
2515,View Profile,View Profile,a_inner_text,A
2515,ati,/investment-portfolio/ati/,href,A
2516,ATI Logo,ATI Logo,img_alt_text,B
2517,View Profile,View Profile,a_inner_text,A
2517,ati,/investment-portfolio/ati/,href,A
2518,View Profile,View Profile,a_inner_text,A
2518,autocorp ai inc,/investment-portfolio/autocorp-ai-inc/,href,A
2519,Weblogo Autocorpai 180X100,Weblogo Autocorpai 180X100,img_alt_text,B
2520,View Profile,View Profile,a_inner_text,A
2520,autocorp ai inc,/investment-portfolio/autocorp-ai-inc/,href,A
2521,View Profile,View Profile,a_inner_text,A
2521,avance clinical,/investment-portfolio/avance-clinical/,href,A
2522,Avance Weblogo 180X100,Avance Weblogo 180X100,img_alt_text,B
2523,View Profile,View Profile,a_inner_text,A
2523,avance clinical,/investment-portfolio/avance-clinical/,href,A
2524,View Profile,View Profile,a_inner_text,A
2524,avatar solutions,/investment-portfolio/avatar-solutions/,href,A
2525,Avatar Solutions Logo,Avatar Solutions Logo,img_alt_text,B
2526,View Profile,View Profile,a_inner_text,A
2526,avatar solutions,/investment-portfolio/avatar-solutions/,href,A
2527,View Profile,View Profile,a_inner_text,A
2527,awp safety i,/investment-portfolio/awp-safety-i/,href,A
2528,AWP logo,AWP logo,img_alt_text,B
2529,View Profile,View Profile,a_inner_text,A
2529,awp safety i,/investment-portfolio/awp-safety-i/,href,A
2530,View Profile,View Profile,a_inner_text,A
2530,awp safety ii,/investment-portfolio/awp-safety-ii/,href,A
2531,Awpsafety Weblogo 180X100,Awpsafety Weblogo 180X100,img_alt_text,B
2532,View Profile,View Profile,a_inner_text,A
2532,awp safety ii,/investment-portfolio/awp-safety-ii/,href,A
2533,View Profile,View Profile,a_inner_text,A
2533,ax semantics,/investment-portfolio/ax-semantics/,href,A
2534,Axsemantics Weblogo 180X100,Axsemantics Weblogo 180X100,img_alt_text,B
2535,View Profile,View Profile,a_inner_text,A
2535,ax semantics,/investment-portfolio/ax-semantics/,href,A
2536,View Profile,View Profile,a_inner_text,A
2536,axiom automotive technologies,/investment-portfolio/axiom-automotive-technologies/,href,A
2537,Axiom Automotive Technologies Logo,Axiom Automotive Technologies Logo,img_alt_text,B
2538,View Profile,View Profile,a_inner_text,A
2538,axiom automotive technologies,/investment-portfolio/axiom-automotive-technologies/,href,A
2539,View Profile,View Profile,a_inner_text,A
2539,baby jogger,/investment-portfolio/baby-jogger/,href,A
2540,Baby Jogger Logo,Baby Jogger Logo,img_alt_text,B
2541,View Profile,View Profile,a_inner_text,A
2541,baby jogger,/investment-portfolio/baby-jogger/,href,A
2542,View Profile,View Profile,a_inner_text,A
2542,baker hill,/investment-portfolio/baker-hill/,href,A
2543,Baker Hill Logo,Baker Hill Logo,img_alt_text,B
2544,View Profile,View Profile,a_inner_text,A
2544,baker hill,/investment-portfolio/baker-hill/,href,A
2545,View Profile,View Profile,a_inner_text,A
2545,be green packaging,/investment-portfolio/be-green-packaging/,href,A
2546,Be Green Packaging,Be Green Packaging,img_alt_text,B
2547,View Profile,View Profile,a_inner_text,A
2547,be green packaging,/investment-portfolio/be-green-packaging/,href,A
2548,View Profile,View Profile,a_inner_text,A
2548,beaconmedaes,/investment-portfolio/beaconmedaes/,href,A
2549,BeaconMedaes Logo,BeaconMedaes Logo,img_alt_text,B
2550,View Profile,View Profile,a_inner_text,A
2550,beaconmedaes,/investment-portfolio/beaconmedaes/,href,A
2551,View Profile,View Profile,a_inner_text,A
2551,benesys,/investment-portfolio/benesys/,href,A
2552,BeneSys,BeneSys,img_alt_text,B
2553,View Profile,View Profile,a_inner_text,A
2553,benesys,/investment-portfolio/benesys/,href,A
2554,View Profile,View Profile,a_inner_text,A
2554,bentley laboratories,/investment-portfolio/bentley-laboratories/,href,A
2555,Bentleylabsweblogo2,Bentleylabsweblogo2,img_alt_text,B
2556,View Profile,View Profile,a_inner_text,A
2556,bentley laboratories,/investment-portfolio/bentley-laboratories/,href,A
2557,View Profile,View Profile,a_inner_text,A
2557,beonx,/investment-portfolio/beonx/,href,A
2558,Weblogo Beonx 180X100,Weblogo Beonx 180X100,img_alt_text,B
2559,View Profile,View Profile,a_inner_text,A
2559,beonx,/investment-portfolio/beonx/,href,A
2560,View Profile,View Profile,a_inner_text,A
2560,best life brands,/investment-portfolio/best-life-brands/,href,A
2561,Bestlifebrandsweblogo (1),Bestlifebrandsweblogo (1),img_alt_text,B
2562,View Profile,View Profile,a_inner_text,A
2562,best life brands,/investment-portfolio/best-life-brands/,href,A
2563,View Profile,View Profile,a_inner_text,A
2563,big think,/investment-portfolio/big-think/,href,A
2564,Bigthinkweblogo,Bigthinkweblogo,img_alt_text,B
2565,View Profile,View Profile,a_inner_text,A
2565,big think,/investment-portfolio/big-think/,href,A
2566,View Profile,View Profile,a_inner_text,A
2566,bike24 i,/investment-portfolio/bike24-i/,href,A
2567,Bike24,Bike24,img_alt_text,B
2568,View Profile,View Profile,a_inner_text,A
2568,bike24 i,/investment-portfolio/bike24-i/,href,A
2569,View Profile,View Profile,a_inner_text,A
2569,bike24 ii,/investment-portfolio/bike24-ii/,href,A
2570,Bike24,Bike24,img_alt_text,B
2571,View Profile,View Profile,a_inner_text,A
2571,bike24 ii,/investment-portfolio/bike24-ii/,href,A
2572,View Profile,View Profile,a_inner_text,A
2572,bionativa,/investment-portfolio/bionativa/,href,A
2573,Weblogo Bionativa 180X100,Weblogo Bionativa 180X100,img_alt_text,B
2574,View Profile,View Profile,a_inner_text,A
2574,bionativa,/investment-portfolio/bionativa/,href,A
2575,View Profile,View Profile,a_inner_text,A
2575,blue microphones,/investment-portfolio/blue-microphones/,href,A
2576,Blue Microphones logo,Blue Microphones logo,img_alt_text,B
2577,View Profile,View Profile,a_inner_text,A
2577,blue microphones,/investment-portfolio/blue-microphones/,href,A
2578,View Profile,View Profile,a_inner_text,A
2578,bluefletch,/investment-portfolio/bluefletch/,href,A
2579,Weblogo Bluefletch 180X100,Weblogo Bluefletch 180X100,img_alt_text,B
2580,View Profile,View Profile,a_inner_text,A
2580,bluefletch,/investment-portfolio/bluefletch/,href,A
2581,View Profile,View Profile,a_inner_text,A
2581,blueprint,/investment-portfolio/blueprint/,href,A
2582,Blueprint Weblogo 180X100,Blueprint Weblogo 180X100,img_alt_text,B
2583,View Profile,View Profile,a_inner_text,A
2583,blueprint,/investment-portfolio/blueprint/,href,A
2584,View Profile,View Profile,a_inner_text,A
2584,bohemia interactive simulations,/investment-portfolio/bohemia-interactive-simulations/,href,A
2585,Bohemia Interactive Simulations,Bohemia Interactive Simulations,img_alt_text,B
2586,View Profile,View Profile,a_inner_text,A
2586,bohemia interactive simulations,/investment-portfolio/bohemia-interactive-simulations/,href,A
2587,View Profile,View Profile,a_inner_text,A
2587,brandmuscle,/investment-portfolio/brandmuscle/,href,A
2588,BrandMuscle Logo,BrandMuscle Logo,img_alt_text,B
2589,View Profile,View Profile,a_inner_text,A
2589,brandmuscle,/investment-portfolio/brandmuscle/,href,A
2590,View Profile,View Profile,a_inner_text,A
2590,brookson,/investment-portfolio/brookson/,href,A
2591,Brookson Logo,Brookson Logo,img_alt_text,B
2592,View Profile,View Profile,a_inner_text,A
2592,brookson,/investment-portfolio/brookson/,href,A
2593,View Profile,View Profile,a_inner_text,A
2593,buildout inc,/investment-portfolio/buildout-inc/,href,A
2594,Buildout Logo,Buildout Logo,img_alt_text,B
2595,View Profile,View Profile,a_inner_text,A
2595,buildout inc,/investment-portfolio/buildout-inc/,href,A
2596,View Profile,View Profile,a_inner_text,A
2596,camelot education,/investment-portfolio/camelot-education/,href,A
2597,Camelot Education Logo,Camelot Education Logo,img_alt_text,B
2598,View Profile,View Profile,a_inner_text,A
2598,camelot education,/investment-portfolio/camelot-education/,href,A
2599,View Profile,View Profile,a_inner_text,A
2599,capol,/investment-portfolio/capol/,href,A
2600,Capol Logo,Capol Logo,img_alt_text,B
2601,View Profile,View Profile,a_inner_text,A
2601,capol,/investment-portfolio/capol/,href,A
2602,View Profile,View Profile,a_inner_text,A
2602,caprock communications,/investment-portfolio/caprock-communications/,href,A
2603,CapRock Logo,CapRock Logo,img_alt_text,B
2604,View Profile,View Profile,a_inner_text,A
2604,caprock communications,/investment-portfolio/caprock-communications/,href,A
2605,View Profile,View Profile,a_inner_text,A
2605,caravelo,/investment-portfolio/caravelo/,href,A
2606,Weblogo Caravelo 180X100,Weblogo Caravelo 180X100,img_alt_text,B
2607,View Profile,View Profile,a_inner_text,A
2607,caravelo,/investment-portfolio/caravelo/,href,A
2608,View Profile,View Profile,a_inner_text,A
2608,carborundum electrite,/investment-portfolio/carborundum-electrite/,href,A
2609,Carborundum Logo,Carborundum Logo,img_alt_text,B
2610,View Profile,View Profile,a_inner_text,A
2610,carborundum electrite,/investment-portfolio/carborundum-electrite/,href,A
2611,View Profile,View Profile,a_inner_text,A
2611,casavi,/investment-portfolio/casavi/,href,A
2612,Casaviweblogo,Casaviweblogo,img_alt_text,B
2613,View Profile,View Profile,a_inner_text,A
2613,casavi,/investment-portfolio/casavi/,href,A
2614,View Profile,View Profile,a_inner_text,A
2614,causematch,/investment-portfolio/causematch/,href,A
2615,Causematch Weblogo 180X100,Causematch Weblogo 180X100,img_alt_text,B
2616,View Profile,View Profile,a_inner_text,A
2616,causematch,/investment-portfolio/causematch/,href,A
2617,View Profile,View Profile,a_inner_text,A
2617,censis,/investment-portfolio/censis/,href,A
2618,Censis,Censis,img_alt_text,B
2619,View Profile,View Profile,a_inner_text,A
2619,censis,/investment-portfolio/censis/,href,A
2620,View Profile,View Profile,a_inner_text,A
2620,certasite,/investment-portfolio/certasite/,href,A
2621,Certasite Weblogo2,Certasite Weblogo2,img_alt_text,B
2622,View Profile,View Profile,a_inner_text,A
2622,certasite,/investment-portfolio/certasite/,href,A
2623,View Profile,View Profile,a_inner_text,A
2623,certified collision group inc,/investment-portfolio/certified-collision-group-inc/,href,A
2624,Weblogo Certifiedcollisiongroup 180X100,Weblogo Certifiedcollisiongroup 180X100,img_alt_text,B
2625,View Profile,View Profile,a_inner_text,A
2625,certified collision group inc,/investment-portfolio/certified-collision-group-inc/,href,A
2626,View Profile,View Profile,a_inner_text,A
2626,chronicle heritage,/investment-portfolio/chronicle-heritage/,href,A
2627,Weblogo Chronicleheritage 180X100,Weblogo Chronicleheritage 180X100,img_alt_text,B
2628,View Profile,View Profile,a_inner_text,A
2628,chronicle heritage,/investment-portfolio/chronicle-heritage/,href,A
2629,View Profile,View Profile,a_inner_text,A
2629,circlelink health,/investment-portfolio/circlelink-health/,href,A
2630,Circlelinkhealth Weblogo,Circlelinkhealth Weblogo,img_alt_text,B
2631,View Profile,View Profile,a_inner_text,A
2631,circlelink health,/investment-portfolio/circlelink-health/,href,A
2632,View Profile,View Profile,a_inner_text,A
2632,cis secure computing,/investment-portfolio/cis-secure-computing/,href,A
2633,CIS Weblogo 180X100,CIS Weblogo 180X100,img_alt_text,B
2634,View Profile,View Profile,a_inner_text,A
2634,cis secure computing,/investment-portfolio/cis-secure-computing/,href,A
2635,View Profile,View Profile,a_inner_text,A
2635,clarus,/investment-portfolio/clarus/,href,A
2636,Clarus logo,Clarus logo,img_alt_text,B
2637,View Profile,View Profile,a_inner_text,A
2637,clarus,/investment-portfolio/clarus/,href,A
2638,View Profile,View Profile,a_inner_text,A
2638,clayton group services,/investment-portfolio/clayton-group-services/,href,A
2639,Clayton Logo,Clayton Logo,img_alt_text,B
2640,View Profile,View Profile,a_inner_text,A
2640,clayton group services,/investment-portfolio/clayton-group-services/,href,A
2641,View Profile,View Profile,a_inner_text,A
2641,clockworks analytics,/investment-portfolio/clockworks-analytics/,href,A
2642,Clockworksanalytics Weblogo2,Clockworksanalytics Weblogo2,img_alt_text,B
2643,View Profile,View Profile,a_inner_text,A
2643,clockworks analytics,/investment-portfolio/clockworks-analytics/,href,A
2644,View Profile,View Profile,a_inner_text,A
2644,cloud factory,/investment-portfolio/cloud-factory/,href,A
2645,Weblogo Cloudrange 180X100 (1),Weblogo Cloudrange 180X100 (1),img_alt_text,B
2646,View Profile,View Profile,a_inner_text,A
2646,cloud factory,/investment-portfolio/cloud-factory/,href,A
2647,View Profile,View Profile,a_inner_text,A
2647,cloud range,/investment-portfolio/cloud-range/,href,A
2648,Weblogo Cloudrange 180X120,Weblogo Cloudrange 180X120,img_alt_text,B
2649,View Profile,View Profile,a_inner_text,A
2649,cloud range,/investment-portfolio/cloud-range/,href,A
2650,View Profile,View Profile,a_inner_text,A
2650,cloudlex,/investment-portfolio/cloudlex/,href,A
2651,Cloudlex Weblogo 180X100,Cloudlex Weblogo 180X100,img_alt_text,B
2652,View Profile,View Profile,a_inner_text,A
2652,cloudlex,/investment-portfolio/cloudlex/,href,A
2653,View Profile,View Profile,a_inner_text,A
2653,cloudpermit,/investment-portfolio/cloudpermit/,href,A
2654,Weblogo Cloudpermit 180X100,Weblogo Cloudpermit 180X100,img_alt_text,B
2655,View Profile,View Profile,a_inner_text,A
2655,cloudpermit,/investment-portfolio/cloudpermit/,href,A
2656,View Profile,View Profile,a_inner_text,A
2656,cmit solutions,/investment-portfolio/cmit-solutions/,href,A
2657,Cmitsolutions Weblogo 180X100,Cmitsolutions Weblogo 180X100,img_alt_text,B
2658,View Profile,View Profile,a_inner_text,A
2658,cmit solutions,/investment-portfolio/cmit-solutions/,href,A
2659,View Profile,View Profile,a_inner_text,A
2659,coeur,/investment-portfolio/coeur/,href,A
2660,Coeur Logo,Coeur Logo,img_alt_text,B
2661,View Profile,View Profile,a_inner_text,A
2661,coeur,/investment-portfolio/coeur/,href,A
2662,View Profile,View Profile,a_inner_text,A
2662,commonwealth laminating coating,/investment-portfolio/commonwealth-laminating-coating/,href,A
2663,Commonwealth Lam-CLC Logo,Commonwealth Lam-CLC Logo,img_alt_text,B
2664,View Profile,View Profile,a_inner_text,A
2664,commonwealth laminating coating,/investment-portfolio/commonwealth-laminating-coating/,href,A
2665,View Profile,View Profile,a_inner_text,A
2665,compleet,/investment-portfolio/compleet/,href,A
2666,Compleet Weblogo2 180X100,Compleet Weblogo2 180X100,img_alt_text,B
2667,View Profile,View Profile,a_inner_text,A
2667,compleet,/investment-portfolio/compleet/,href,A
2668,View Profile,View Profile,a_inner_text,A
2668,computer press,/investment-portfolio/computer-press/,href,A
2669,Computer Press Logo,Computer Press Logo,img_alt_text,B
2670,View Profile,View Profile,a_inner_text,A
2670,computer press,/investment-portfolio/computer-press/,href,A
2671,View Profile,View Profile,a_inner_text,A
2671,connexient,/investment-portfolio/connexient/,href,A
2672,Connexientweblogo,Connexientweblogo,img_alt_text,B
2673,View Profile,View Profile,a_inner_text,A
2673,connexient,/investment-portfolio/connexient/,href,A
2674,View Profile,View Profile,a_inner_text,A
2674,connor sport court international,/investment-portfolio/connor-sport-court-international/,href,A
2675,Connor Sport Court,Connor Sport Court,img_alt_text,B
2676,View Profile,View Profile,a_inner_text,A
2676,connor sport court international,/investment-portfolio/connor-sport-court-international/,href,A
2677,View Profile,View Profile,a_inner_text,A
2677,consensus,/investment-portfolio/consensus/,href,A
2678,Consensusweblogo,Consensusweblogo,img_alt_text,B
2679,View Profile,View Profile,a_inner_text,A
2679,consensus,/investment-portfolio/consensus/,href,A
2680,View Profile,View Profile,a_inner_text,A
2680,contruent,/investment-portfolio/contruent/,href,A
2681,Weblogo Contruent 180X100,Weblogo Contruent 180X100,img_alt_text,B
2682,View Profile,View Profile,a_inner_text,A
2682,contruent,/investment-portfolio/contruent/,href,A
2683,View Profile,View Profile,a_inner_text,A
2683,convertr,/investment-portfolio/convertr/,href,A
2684,Convertr Weblogo 180X100,Convertr Weblogo 180X100,img_alt_text,B
2685,View Profile,View Profile,a_inner_text,A
2685,convertr,/investment-portfolio/convertr/,href,A
2686,View Profile,View Profile,a_inner_text,A
2686,corporate visions inc,/investment-portfolio/corporate-visions-inc/,href,A
2687,Corporatevisions Weblogo 180X100,Corporatevisions Weblogo 180X100,img_alt_text,B
2688,View Profile,View Profile,a_inner_text,A
2688,corporate visions inc,/investment-portfolio/corporate-visions-inc/,href,A
2689,View Profile,View Profile,a_inner_text,A
2689,creditlogic,/investment-portfolio/creditlogic/,href,A
2690,Weblogo Creditlogic 180X100,Weblogo Creditlogic 180X100,img_alt_text,B
2691,View Profile,View Profile,a_inner_text,A
2691,creditlogic,/investment-portfolio/creditlogic/,href,A
2692,View Profile,View Profile,a_inner_text,A
2692,crio,/investment-portfolio/crio/,href,A
2693,Weblogo CRIO 180X100,Weblogo CRIO 180X100,img_alt_text,B
2694,View Profile,View Profile,a_inner_text,A
2694,crio,/investment-portfolio/crio/,href,A
2695,View Profile,View Profile,a_inner_text,A
2695,crisis prevention institute,/investment-portfolio/crisis-prevention-institute/,href,A
2696,CPI,CPI,img_alt_text,B
2697,View Profile,View Profile,a_inner_text,A
2697,crisis prevention institute,/investment-portfolio/crisis-prevention-institute/,href,A
2698,View Profile,View Profile,a_inner_text,A
2698,cryptomathic,/investment-portfolio/cryptomathic/,href,A
2699,Cryptomathic Weblogo 180X100,Cryptomathic Weblogo 180X100,img_alt_text,B
2700,View Profile,View Profile,a_inner_text,A
2700,cryptomathic,/investment-portfolio/cryptomathic/,href,A
2701,View Profile,View Profile,a_inner_text,A
2701,customergauge,/investment-portfolio/customergauge/,href,A
2702,Cutomerguage Weblogocolor,Cutomerguage Weblogocolor,img_alt_text,B
2703,View Profile,View Profile,a_inner_text,A
2703,customergauge,/investment-portfolio/customergauge/,href,A
2704,View Profile,View Profile,a_inner_text,A
2704,cyber guru,/investment-portfolio/cyber-guru/,href,A
2705,Weblogo Cyberguru 180X100,Weblogo Cyberguru 180X100,img_alt_text,B
2706,View Profile,View Profile,a_inner_text,A
2706,cyber guru,/investment-portfolio/cyber-guru/,href,A
2707,View Profile,View Profile,a_inner_text,A
2707,cybersaint security,/investment-portfolio/cybersaint-security/,href,A
2708,Weblogo Cybersaint 180X100,Weblogo Cybersaint 180X100,img_alt_text,B
2709,View Profile,View Profile,a_inner_text,A
2709,cybersaint security,/investment-portfolio/cybersaint-security/,href,A
2710,View Profile,View Profile,a_inner_text,A
2710,dastex,/investment-portfolio/dastex/,href,A
2711,Weblogo Dastex2a 180X100,Weblogo Dastex2a 180X100,img_alt_text,B
2712,View Profile,View Profile,a_inner_text,A
2712,dastex,/investment-portfolio/dastex/,href,A
2713,View Profile,View Profile,a_inner_text,A
2713,dawgs,/investment-portfolio/dawgs/,href,A
2714,Weblogo DAWGS 180X100,Weblogo DAWGS 180X100,img_alt_text,B
2715,View Profile,View Profile,a_inner_text,A
2715,dawgs,/investment-portfolio/dawgs/,href,A
2716,View Profile,View Profile,a_inner_text,A
2716,dcm asia,/investment-portfolio/dcm-asia/,href,A
2717,DCM Asia Logo,DCM Asia Logo,img_alt_text,B
2718,View Profile,View Profile,a_inner_text,A
2718,dcm asia,/investment-portfolio/dcm-asia/,href,A
2719,View Profile,View Profile,a_inner_text,A
2719,decera clinical,/investment-portfolio/decera-clinical/,href,A
2720,Weblogo Deceraclinical 180X100,Weblogo Deceraclinical 180X100,img_alt_text,B
2721,View Profile,View Profile,a_inner_text,A
2721,decera clinical,/investment-portfolio/decera-clinical/,href,A
2722,View Profile,View Profile,a_inner_text,A
2722,deck commerce,/investment-portfolio/deck-commerce/,href,A
2723,Deckcommerce Weblogocolor,Deckcommerce Weblogocolor,img_alt_text,B
2724,View Profile,View Profile,a_inner_text,A
2724,deck commerce,/investment-portfolio/deck-commerce/,href,A
2725,View Profile,View Profile,a_inner_text,A
2725,decusoft,/investment-portfolio/decusoft/,href,A
2726,Weblogo Decusoftt 180X100,Weblogo Decusoftt 180X100,img_alt_text,B
2727,View Profile,View Profile,a_inner_text,A
2727,decusoft,/investment-portfolio/decusoft/,href,A
2728,View Profile,View Profile,a_inner_text,A
2728,delaget,/investment-portfolio/delaget/,href,A
2729,Weblogo Delaget 180X100,Weblogo Delaget 180X100,img_alt_text,B
2730,View Profile,View Profile,a_inner_text,A
2730,delaget,/investment-portfolio/delaget/,href,A
2731,View Profile,View Profile,a_inner_text,A
2731,delta petroleum company,/investment-portfolio/delta-petroleum-company/,href,A
2732,Delta Logo,Delta Logo,img_alt_text,B
2733,View Profile,View Profile,a_inner_text,A
2733,delta petroleum company,/investment-portfolio/delta-petroleum-company/,href,A
2734,View Profile,View Profile,a_inner_text,A
2734,dentalplans,/investment-portfolio/dentalplans/,href,A
2735,DentalPlans.com,DentalPlans.com,img_alt_text,B
2736,View Profile,View Profile,a_inner_text,A
2736,dentalplans,/investment-portfolio/dentalplans/,href,A
2737,View Profile,View Profile,a_inner_text,A
2737,dhd healthcare,/investment-portfolio/dhd-healthcare/,href,A
2738,DHD Logo,DHD Logo,img_alt_text,B
2739,View Profile,View Profile,a_inner_text,A
2739,dhd healthcare,/investment-portfolio/dhd-healthcare/,href,A
2740,View Profile,View Profile,a_inner_text,A
2740,diatron group,/investment-portfolio/diatron-group/,href,A
2741,Diatron Group Logo,Diatron Group Logo,img_alt_text,B
2742,View Profile,View Profile,a_inner_text,A
2742,diatron group,/investment-portfolio/diatron-group/,href,A
2743,View Profile,View Profile,a_inner_text,A
2743,digital technology international,/investment-portfolio/digital-technology-international/,href,A
2744,DTI Logo,DTI Logo,img_alt_text,B
2745,View Profile,View Profile,a_inner_text,A
2745,digital technology international,/investment-portfolio/digital-technology-international/,href,A
2746,View Profile,View Profile,a_inner_text,A
2746,dingo,/investment-portfolio/dingo/,href,A
2747,Weblogo DINGO 180X100,Weblogo DINGO 180X100,img_alt_text,B
2748,View Profile,View Profile,a_inner_text,A
2748,dingo,/investment-portfolio/dingo/,href,A
2749,View Profile,View Profile,a_inner_text,A
2749,disa global solutions,/investment-portfolio/disa-global-solutions/,href,A
2750,DISA Logo,DISA Logo,img_alt_text,B
2751,View Profile,View Profile,a_inner_text,A
2751,disa global solutions,/investment-portfolio/disa-global-solutions/,href,A
2752,View Profile,View Profile,a_inner_text,A
2752,doctor com,/investment-portfolio/doctor-com/,href,A
2753,Doctorcomweblogo,Doctorcomweblogo,img_alt_text,B
2754,View Profile,View Profile,a_inner_text,A
2754,doctor com,/investment-portfolio/doctor-com/,href,A
2755,View Profile,View Profile,a_inner_text,A
2755,dpa microphones,/investment-portfolio/dpa-microphones/,href,A
2756,DPA Microphones,DPA Microphones,img_alt_text,B
2757,View Profile,View Profile,a_inner_text,A
2757,dpa microphones,/investment-portfolio/dpa-microphones/,href,A
2758,View Profile,View Profile,a_inner_text,A
2758,dubois i,/investment-portfolio/dubois-i/,href,A
2759,DuBois Logo,DuBois Logo,img_alt_text,B
2760,View Profile,View Profile,a_inner_text,A
2760,dubois i,/investment-portfolio/dubois-i/,href,A
2761,View Profile,View Profile,a_inner_text,A
2761,dubois ii,/investment-portfolio/dubois-ii/,href,A
2762,DuBois Logo,DuBois Logo,img_alt_text,B
2763,View Profile,View Profile,a_inner_text,A
2763,dubois ii,/investment-portfolio/dubois-ii/,href,A
2764,View Profile,View Profile,a_inner_text,A
2764,dynojet research,/investment-portfolio/dynojet-research/,href,A
2765,Dynojet Logo,Dynojet Logo,img_alt_text,B
2766,View Profile,View Profile,a_inner_text,A
2766,dynojet research,/investment-portfolio/dynojet-research/,href,A
2767,View Profile,View Profile,a_inner_text,A
2767,e a scheer,/investment-portfolio/e-a-scheer/,href,A
2768,E&A Scheer Logo,E&A Scheer Logo,img_alt_text,B
2769,View Profile,View Profile,a_inner_text,A
2769,e a scheer,/investment-portfolio/e-a-scheer/,href,A
2770,View Profile,View Profile,a_inner_text,A
2770,eemax,/investment-portfolio/eemax/,href,A
2771,Eemax,Eemax,img_alt_text,B
2772,View Profile,View Profile,a_inner_text,A
2772,eemax,/investment-portfolio/eemax/,href,A
2773,View Profile,View Profile,a_inner_text,A
2773,elite sportswear,/investment-portfolio/elite-sportswear/,href,A
2774,Elite Sportswear,Elite Sportswear,img_alt_text,B
2775,View Profile,View Profile,a_inner_text,A
2775,elite sportswear,/investment-portfolio/elite-sportswear/,href,A
2776,View Profile,View Profile,a_inner_text,A
2776,em test,/investment-portfolio/em-test/,href,A
2777,EM Test Logo,EM Test Logo,img_alt_text,B
2778,View Profile,View Profile,a_inner_text,A
2778,em test,/investment-portfolio/em-test/,href,A
2779,View Profile,View Profile,a_inner_text,A
2779,emergency communications network,/investment-portfolio/emergency-communications-network/,href,A
2780,ECN Logo,ECN Logo,img_alt_text,B
2781,View Profile,View Profile,a_inner_text,A
2781,emergency communications network,/investment-portfolio/emergency-communications-network/,href,A
2782,View Profile,View Profile,a_inner_text,A
2782,energy exemplar,/investment-portfolio/energy-exemplar/,href,A
2783,Weblogo Energyexemplar 180X100,Weblogo Energyexemplar 180X100,img_alt_text,B
2784,View Profile,View Profile,a_inner_text,A
2784,energy exemplar,/investment-portfolio/energy-exemplar/,href,A
2785,View Profile,View Profile,a_inner_text,A
2785,enhatch,/investment-portfolio/enhatch/,href,A
2786,Enhatchweblogo,Enhatchweblogo,img_alt_text,B
2787,View Profile,View Profile,a_inner_text,A
2787,enhatch,/investment-portfolio/enhatch/,href,A
2788,View Profile,View Profile,a_inner_text,A
2788,entrix,/investment-portfolio/entrix/,href,A
2789,ENTRIX Logo,ENTRIX Logo,img_alt_text,B
2790,View Profile,View Profile,a_inner_text,A
2790,entrix,/investment-portfolio/entrix/,href,A
2791,View Profile,View Profile,a_inner_text,A
2791,epco,/investment-portfolio/epco/,href,A
2792,EPCO Logo,EPCO Logo,img_alt_text,B
2793,View Profile,View Profile,a_inner_text,A
2793,epco,/investment-portfolio/epco/,href,A
2794,View Profile,View Profile,a_inner_text,A
2794,epilot,/investment-portfolio/epilot/,href,A
2795,Epilot Weblogo 180X100,Epilot Weblogo 180X100,img_alt_text,B
2796,View Profile,View Profile,a_inner_text,A
2796,epilot,/investment-portfolio/epilot/,href,A
2797,View Profile,View Profile,a_inner_text,A
2797,essential compositions,/investment-portfolio/essential-compositions/,href,A
2798,Weblogo Essentialcompositions2 180X100,Weblogo Essentialcompositions2 180X100,img_alt_text,B
2799,View Profile,View Profile,a_inner_text,A
2799,essential compositions,/investment-portfolio/essential-compositions/,href,A
2800,View Profile,View Profile,a_inner_text,A
2800,euromed,/investment-portfolio/euromed/,href,A
2801,Euromed Logo,Euromed Logo,img_alt_text,B
2802,View Profile,View Profile,a_inner_text,A
2802,euromed,/investment-portfolio/euromed/,href,A
2803,View Profile,View Profile,a_inner_text,A
2803,eventsair,/investment-portfolio/eventsair/,href,A
2804,Eventsair Weblogo 180X100,Eventsair Weblogo 180X100,img_alt_text,B
2805,View Profile,View Profile,a_inner_text,A
2805,eventsair,/investment-portfolio/eventsair/,href,A
2806,View Profile,View Profile,a_inner_text,A
2806,eversmith brands,/investment-portfolio/eversmith-brands/,href,A
2807,Eversmithbrands Weblogo 180X100,Eversmithbrands Weblogo 180X100,img_alt_text,B
2808,View Profile,View Profile,a_inner_text,A
2808,eversmith brands,/investment-portfolio/eversmith-brands/,href,A
2809,View Profile,View Profile,a_inner_text,A
2809,everway i,/investment-portfolio/everway-i/,href,A
2810,Weblogo Everway 180X100,Weblogo Everway 180X100,img_alt_text,B
2811,View Profile,View Profile,a_inner_text,A
2811,everway i,/investment-portfolio/everway-i/,href,A
2812,View Profile,View Profile,a_inner_text,A
2812,everway ii,/investment-portfolio/everway-ii/,href,A
2813,Weblogo Everway 180X100,Weblogo Everway 180X100,img_alt_text,B
2814,View Profile,View Profile,a_inner_text,A
2814,everway ii,/investment-portfolio/everway-ii/,href,A
2815,View Profile,View Profile,a_inner_text,A
2815,evive brands,/investment-portfolio/evive-brands/,href,A
2816,Evive Weblogo 180X100,Evive Weblogo 180X100,img_alt_text,B
2817,View Profile,View Profile,a_inner_text,A
2817,evive brands,/investment-portfolio/evive-brands/,href,A
2818,View Profile,View Profile,a_inner_text,A
2818,execvision,/investment-portfolio/execvision/,href,A
2819,Execvisionweblogo,Execvisionweblogo,img_alt_text,B
2820,View Profile,View Profile,a_inner_text,A
2820,execvision,/investment-portfolio/execvision/,href,A
2821,View Profile,View Profile,a_inner_text,A
2821,experient,/investment-portfolio/experient/,href,A
2822,Experient Logo,Experient Logo,img_alt_text,B
2823,View Profile,View Profile,a_inner_text,A
2823,experient,/investment-portfolio/experient/,href,A
2824,View Profile,View Profile,a_inner_text,A
2824,expion health,/investment-portfolio/expion-health/,href,A
2825,Weblogo Expionhealth 180X100,Weblogo Expionhealth 180X100,img_alt_text,B
2826,View Profile,View Profile,a_inner_text,A
2826,expion health,/investment-portfolio/expion-health/,href,A
2827,View Profile,View Profile,a_inner_text,A
2827,express,/investment-portfolio/express/,href,A
2828,Express Logo,Express Logo,img_alt_text,B
2829,View Profile,View Profile,a_inner_text,A
2829,express,/investment-portfolio/express/,href,A
2830,View Profile,View Profile,a_inner_text,A
2830,fadata,/investment-portfolio/fadata/,href,A
2831,Fadata,Fadata,img_alt_text,B
2832,View Profile,View Profile,a_inner_text,A
2832,fadata,/investment-portfolio/fadata/,href,A
2833,View Profile,View Profile,a_inner_text,A
2833,fairpay solutions,/investment-portfolio/fairpay-solutions/,href,A
2834,FairPay,FairPay,img_alt_text,B
2835,View Profile,View Profile,a_inner_text,A
2835,fairpay solutions,/investment-portfolio/fairpay-solutions/,href,A
2836,View Profile,View Profile,a_inner_text,A
2836,fielo,/investment-portfolio/fielo/,href,A
2837,Fielo Weblogo 180X100,Fielo Weblogo 180X100,img_alt_text,B
2838,View Profile,View Profile,a_inner_text,A
2838,fielo,/investment-portfolio/fielo/,href,A
2839,View Profile,View Profile,a_inner_text,A
2839,fisher unitech,/investment-portfolio/fisher-unitech/,href,A
2840,Fisher Unitech Logo,Fisher Unitech Logo,img_alt_text,B
2841,View Profile,View Profile,a_inner_text,A
2841,fisher unitech,/investment-portfolio/fisher-unitech/,href,A
2842,View Profile,View Profile,a_inner_text,A
2842,fla orthopedics,/investment-portfolio/fla-orthopedics/,href,A
2843,FLA Logo,FLA Logo,img_alt_text,B
2844,View Profile,View Profile,a_inner_text,A
2844,fla orthopedics,/investment-portfolio/fla-orthopedics/,href,A
2845,View Profile,View Profile,a_inner_text,A
2845,flavorsum,/investment-portfolio/flavorsum/,href,A
2846,Flavorsum Weblogo 180X100,Flavorsum Weblogo 180X100,img_alt_text,B
2847,View Profile,View Profile,a_inner_text,A
2847,flavorsum,/investment-portfolio/flavorsum/,href,A
2848,View Profile,View Profile,a_inner_text,A
2848,foodstate,/investment-portfolio/foodstate/,href,A
2849,FoodState Company Logo,FoodState Company Logo,img_alt_text,B
2850,View Profile,View Profile,a_inner_text,A
2850,foodstate,/investment-portfolio/foodstate/,href,A
2851,View Profile,View Profile,a_inner_text,A
2851,freeeway,/investment-portfolio/freeeway/,href,A
2852,Freeway Weblogo 180X100,Freeway Weblogo 180X100,img_alt_text,B
2853,View Profile,View Profile,a_inner_text,A
2853,freeeway,/investment-portfolio/freeeway/,href,A
2854,View Profile,View Profile,a_inner_text,A
2854,freightwise,/investment-portfolio/freightwise/,href,A
2855,Freightwise Weblogocolor,Freightwise Weblogocolor,img_alt_text,B
2856,View Profile,View Profile,a_inner_text,A
2856,freightwise,/investment-portfolio/freightwise/,href,A
2857,View Profile,View Profile,a_inner_text,A
2857,further,/investment-portfolio/further/,href,A
2858,FURTHER Weblogo 180X100,FURTHER Weblogo 180X100,img_alt_text,B
2859,View Profile,View Profile,a_inner_text,A
2859,further,/investment-portfolio/further/,href,A
2860,View Profile,View Profile,a_inner_text,A
2860,future metals,/investment-portfolio/future-metals/,href,A
2861,Future Metals Logo,Future Metals Logo,img_alt_text,B
2862,View Profile,View Profile,a_inner_text,A
2862,future metals,/investment-portfolio/future-metals/,href,A
2863,View Profile,View Profile,a_inner_text,A
2863,g a partners,/investment-portfolio/g-a-partners/,href,A
2864,Gapartners Weblogo,Gapartners Weblogo,img_alt_text,B
2865,View Profile,View Profile,a_inner_text,A
2865,g a partners,/investment-portfolio/g-a-partners/,href,A
2866,View Profile,View Profile,a_inner_text,A
2866,g h orthodontics,/investment-portfolio/g-h-orthodontics/,href,A
2867,G&H Orthodontics Logo,G&H Orthodontics Logo,img_alt_text,B
2868,View Profile,View Profile,a_inner_text,A
2868,g h orthodontics,/investment-portfolio/g-h-orthodontics/,href,A
2869,View Profile,View Profile,a_inner_text,A
2869,galvanina,/investment-portfolio/galvanina/,href,A
2870,Galvanina Logo,Galvanina Logo,img_alt_text,B
2871,View Profile,View Profile,a_inner_text,A
2871,galvanina,/investment-portfolio/galvanina/,href,A
2872,View Profile,View Profile,a_inner_text,A
2872,gastromatic,/investment-portfolio/gastromatic/,href,A
2873,Gastromatic Weblogo 180X100,Gastromatic Weblogo 180X100,img_alt_text,B
2874,View Profile,View Profile,a_inner_text,A
2874,gastromatic,/investment-portfolio/gastromatic/,href,A
2875,View Profile,View Profile,a_inner_text,A
2875,gfos,/investment-portfolio/gfos/,href,A
2876,Weblogo GFOS 180X100,Weblogo GFOS 180X100,img_alt_text,B
2877,View Profile,View Profile,a_inner_text,A
2877,gfos,/investment-portfolio/gfos/,href,A
2878,View Profile,View Profile,a_inner_text,A
2878,global claims services,/investment-portfolio/global-claims-services/,href,A
2879,Global Claims Services,Global Claims Services,img_alt_text,B
2880,View Profile,View Profile,a_inner_text,A
2880,global claims services,/investment-portfolio/global-claims-services/,href,A
2881,View Profile,View Profile,a_inner_text,A
2881,global orthopaedic technologies,/investment-portfolio/global-orthopaedic-technologies/,href,A
2882,Global Orthopaedic Technology,Global Orthopaedic Technology,img_alt_text,B
2883,View Profile,View Profile,a_inner_text,A
2883,global orthopaedic technologies,/investment-portfolio/global-orthopaedic-technologies/,href,A
2884,View Profile,View Profile,a_inner_text,A
2884,goby,/investment-portfolio/goby/,href,A
2885,Goby Weblogocolor,Goby Weblogocolor,img_alt_text,B
2886,View Profile,View Profile,a_inner_text,A
2886,goby,/investment-portfolio/goby/,href,A
2887,View Profile,View Profile,a_inner_text,A
2887,goreact,/investment-portfolio/goreact/,href,A
2888,Goreactweblogo,Goreactweblogo,img_alt_text,B
2889,View Profile,View Profile,a_inner_text,A
2889,goreact,/investment-portfolio/goreact/,href,A
2890,View Profile,View Profile,a_inner_text,A
2890,grace hill,/investment-portfolio/grace-hill/,href,A
2891,Gracehill Logo,Gracehill Logo,img_alt_text,B
2892,View Profile,View Profile,a_inner_text,A
2892,grace hill,/investment-portfolio/grace-hill/,href,A
2893,View Profile,View Profile,a_inner_text,A
2893,gravitee,/investment-portfolio/gravitee/,href,A
2894,Weblogo Gravitee 180X100,Weblogo Gravitee 180X100,img_alt_text,B
2895,View Profile,View Profile,a_inner_text,A
2895,gravitee,/investment-portfolio/gravitee/,href,A
2896,View Profile,View Profile,a_inner_text,A
2896,greenline foods,/investment-portfolio/greenline-foods/,href,A
2897,GreenLine Logo,GreenLine Logo,img_alt_text,B
2898,View Profile,View Profile,a_inner_text,A
2898,greenline foods,/investment-portfolio/greenline-foods/,href,A
2899,View Profile,View Profile,a_inner_text,A
2899,greenphire,/investment-portfolio/greenphire/,href,A
2900,Greenphire Logo,Greenphire Logo,img_alt_text,B
2901,View Profile,View Profile,a_inner_text,A
2901,greenphire,/investment-portfolio/greenphire/,href,A
2902,View Profile,View Profile,a_inner_text,A
2902,gti diagnostics,/investment-portfolio/gti-diagnostics/,href,A
2903,GTI Logo,GTI Logo,img_alt_text,B
2904,View Profile,View Profile,a_inner_text,A
2904,gti diagnostics,/investment-portfolio/gti-diagnostics/,href,A
2905,View Profile,View Profile,a_inner_text,A
2905,guestline,/investment-portfolio/guestline/,href,A
2906,Guestline Logo,Guestline Logo,img_alt_text,B
2907,View Profile,View Profile,a_inner_text,A
2907,guestline,/investment-portfolio/guestline/,href,A
2908,View Profile,View Profile,a_inner_text,A
2908,hammerblow towing systems,/investment-portfolio/hammerblow-towing-systems/,href,A
2909,Hammerblow Logo,Hammerblow Logo,img_alt_text,B
2910,View Profile,View Profile,a_inner_text,A
2910,hammerblow towing systems,/investment-portfolio/hammerblow-towing-systems/,href,A
2911,View Profile,View Profile,a_inner_text,A
2911,hapana,/investment-portfolio/hapana/,href,A
2912,Weblogo Hapana 180X100,Weblogo Hapana 180X100,img_alt_text,B
2913,View Profile,View Profile,a_inner_text,A
2913,hapana,/investment-portfolio/hapana/,href,A
2914,View Profile,View Profile,a_inner_text,A
2914,hardware resources,/investment-portfolio/hardware-resources/,href,A
2915,HardwareResources Logo,HardwareResources Logo,img_alt_text,B
2916,View Profile,View Profile,a_inner_text,A
2916,hardware resources,/investment-portfolio/hardware-resources/,href,A
2917,View Profile,View Profile,a_inner_text,A
2917,harvey performance company,/investment-portfolio/harvey-performance-company/,href,A
2918,Harvey Performance Company Logo,Harvey Performance Company Logo,img_alt_text,B
2919,View Profile,View Profile,a_inner_text,A
2919,harvey performance company,/investment-portfolio/harvey-performance-company/,href,A
2920,View Profile,View Profile,a_inner_text,A
2920,hcpro,/investment-portfolio/hcpro/,href,A
2921,HCPro Logo,HCPro Logo,img_alt_text,B
2922,View Profile,View Profile,a_inner_text,A
2922,hcpro,/investment-portfolio/hcpro/,href,A
2923,View Profile,View Profile,a_inner_text,A
2923,h d advanced manufacturing,/investment-portfolio/h-d-advanced-manufacturing/,href,A
2924,HD Advanced Logo,HD Advanced Logo,img_alt_text,B
2925,View Profile,View Profile,a_inner_text,A
2925,h d advanced manufacturing,/investment-portfolio/h-d-advanced-manufacturing/,href,A
2926,View Profile,View Profile,a_inner_text,A
2926,head to toe brands,/investment-portfolio/head-to-toe-brands/,href,A
2927,Weblogo Headtotoebrands 180X100,Weblogo Headtotoebrands 180X100,img_alt_text,B
2928,View Profile,View Profile,a_inner_text,A
2928,head to toe brands,/investment-portfolio/head-to-toe-brands/,href,A
2929,View Profile,View Profile,a_inner_text,A
2929,health safety institute i,/investment-portfolio/health-safety-institute-i/,href,A
2930,HSI Logo,HSI Logo,img_alt_text,B
2931,View Profile,View Profile,a_inner_text,A
2931,health safety institute i,/investment-portfolio/health-safety-institute-i/,href,A
2932,View Profile,View Profile,a_inner_text,A
2932,health safety institute ii,/investment-portfolio/health-safety-institute-ii/,href,A
2933,HSI Logo,HSI Logo,img_alt_text,B
2934,View Profile,View Profile,a_inner_text,A
2934,health safety institute ii,/investment-portfolio/health-safety-institute-ii/,href,A
2935,View Profile,View Profile,a_inner_text,A
2935,healthcarefirst,/investment-portfolio/healthcarefirst/,href,A
2936,healthcarefirst,healthcarefirst,img_alt_text,B
2937,View Profile,View Profile,a_inner_text,A
2937,healthcarefirst,/investment-portfolio/healthcarefirst/,href,A
2938,View Profile,View Profile,a_inner_text,A
2938,healthtech,/investment-portfolio/healthtech/,href,A
2939,Healthtech3 Logo,Healthtech3 Logo,img_alt_text,B
2940,View Profile,View Profile,a_inner_text,A
2940,healthtech,/investment-portfolio/healthtech/,href,A
2941,View Profile,View Profile,a_inner_text,A
2941,herbthyme,/investment-portfolio/herbthyme/,href,A
2942,Herb Thyme Logo,Herb Thyme Logo,img_alt_text,B
2943,View Profile,View Profile,a_inner_text,A
2943,herbthyme,/investment-portfolio/herbthyme/,href,A
2944,View Profile,View Profile,a_inner_text,A
2944,heydata,/investment-portfolio/heydata/,href,A
2945,Weblogo Heydata 180X100,Weblogo Heydata 180X100,img_alt_text,B
2946,View Profile,View Profile,a_inner_text,A
2946,heydata,/investment-portfolio/heydata/,href,A
2947,View Profile,View Profile,a_inner_text,A
2947,hiway group,/investment-portfolio/hiway-group/,href,A
2948,Hiway Group Logo,Hiway Group Logo,img_alt_text,B
2949,View Profile,View Profile,a_inner_text,A
2949,hiway group,/investment-portfolio/hiway-group/,href,A
2950,View Profile,View Profile,a_inner_text,A
2950,hmi,/investment-portfolio/hmi/,href,A
2951,HMI Weblogo3,HMI Weblogo3,img_alt_text,B
2952,View Profile,View Profile,a_inner_text,A
2952,hmi,/investment-portfolio/hmi/,href,A
2953,View Profile,View Profile,a_inner_text,A
2953,hr soft,/investment-portfolio/hr-soft/,href,A
2954,Hrsoft Weblogo 180X100,Hrsoft Weblogo 180X100,img_alt_text,B
2955,View Profile,View Profile,a_inner_text,A
2955,hr soft,/investment-portfolio/hr-soft/,href,A
2956,View Profile,View Profile,a_inner_text,A
2956,hra pharma,/investment-portfolio/hra-pharma/,href,A
2957,HRA Pharma,HRA Pharma,img_alt_text,B
2958,View Profile,View Profile,a_inner_text,A
2958,hra pharma,/investment-portfolio/hra-pharma/,href,A
2959,View Profile,View Profile,a_inner_text,A
2959,hudson sharp,/investment-portfolio/hudson-sharp/,href,A
2960,Hudson Sharp Logo,Hudson Sharp Logo,img_alt_text,B
2961,View Profile,View Profile,a_inner_text,A
2961,hudson sharp,/investment-portfolio/hudson-sharp/,href,A
2962,View Profile,View Profile,a_inner_text,A
2962,hydrocorp,/investment-portfolio/hydrocorp/,href,A
2963,Hydrocorp Weblogo 180X100,Hydrocorp Weblogo 180X100,img_alt_text,B
2964,View Profile,View Profile,a_inner_text,A
2964,hydrocorp,/investment-portfolio/hydrocorp/,href,A
2965,View Profile,View Profile,a_inner_text,A
2965,iautomation,/investment-portfolio/iautomation/,href,A
2966,iAutomation Logo,iAutomation Logo,img_alt_text,B
2967,View Profile,View Profile,a_inner_text,A
2967,iautomation,/investment-portfolio/iautomation/,href,A
2968,View Profile,View Profile,a_inner_text,A
2968,icev,/investment-portfolio/icev/,href,A
2969,Icev Weblogo 180X100,Icev Weblogo 180X100,img_alt_text,B
2970,View Profile,View Profile,a_inner_text,A
2970,icev,/investment-portfolio/icev/,href,A
2971,View Profile,View Profile,a_inner_text,A
2971,ideoclick,/investment-portfolio/ideoclick/,href,A
2972,Ideoclickweblogo,Ideoclickweblogo,img_alt_text,B
2973,View Profile,View Profile,a_inner_text,A
2973,ideoclick,/investment-portfolio/ideoclick/,href,A
2974,View Profile,View Profile,a_inner_text,A
2974,ideon,/investment-portfolio/ideon/,href,A
2975,Weblogo IDEON 180X100,Weblogo IDEON 180X100,img_alt_text,B
2976,View Profile,View Profile,a_inner_text,A
2976,ideon,/investment-portfolio/ideon/,href,A
2977,View Profile,View Profile,a_inner_text,A
2977,idoc,/investment-portfolio/idoc/,href,A
2978,IDOC Logo,IDOC Logo,img_alt_text,B
2979,View Profile,View Profile,a_inner_text,A
2979,idoc,/investment-portfolio/idoc/,href,A
2980,View Profile,View Profile,a_inner_text,A
2980,ifs group,/investment-portfolio/ifs-group/,href,A
2981,IFS Group,IFS Group,img_alt_text,B
2982,View Profile,View Profile,a_inner_text,A
2982,ifs group,/investment-portfolio/ifs-group/,href,A
2983,View Profile,View Profile,a_inner_text,A
2983,il pastaio di brescia,/investment-portfolio/il-pastaio-di-brescia/,href,A
2984,Weblogo Ilpastaio 180X100,Weblogo Ilpastaio 180X100,img_alt_text,B
2985,View Profile,View Profile,a_inner_text,A
2985,il pastaio di brescia,/investment-portfolio/il-pastaio-di-brescia/,href,A
2986,View Profile,View Profile,a_inner_text,A
2986,impact xm,/investment-portfolio/impact-xm/,href,A
2987,Weblogo Impactxm 180X100,Weblogo Impactxm 180X100,img_alt_text,B
2988,View Profile,View Profile,a_inner_text,A
2988,impact xm,/investment-portfolio/impact-xm/,href,A
2989,View Profile,View Profile,a_inner_text,A
2989,independent living specialists,/investment-portfolio/independent-living-specialists/,href,A
2990,ILS Weblogo,ILS Weblogo,img_alt_text,B
2991,View Profile,View Profile,a_inner_text,A
2991,independent living specialists,/investment-portfolio/independent-living-specialists/,href,A
2992,View Profile,View Profile,a_inner_text,A
2992,inscape publishing,/investment-portfolio/inscape-publishing/,href,A
2993,Inscape Logo,Inscape Logo,img_alt_text,B
2994,View Profile,View Profile,a_inner_text,A
2994,inscape publishing,/investment-portfolio/inscape-publishing/,href,A
2995,View Profile,View Profile,a_inner_text,A
2995,insurance claims management,/investment-portfolio/insurance-claims-management/,href,A
2996,Innovating Claims Management Logo,Innovating Claims Management Logo,img_alt_text,B
2997,View Profile,View Profile,a_inner_text,A
2997,insurance claims management,/investment-portfolio/insurance-claims-management/,href,A
2998,View Profile,View Profile,a_inner_text,A
2998,integrated power services,/investment-portfolio/integrated-power-services/,href,A
2999,IPS Logo,IPS Logo,img_alt_text,B
3000,View Profile,View Profile,a_inner_text,A
3000,integrated power services,/investment-portfolio/integrated-power-services/,href,A
3001,View Profile,View Profile,a_inner_text,A
3001,intrepid networks,/investment-portfolio/intrepid-networks/,href,A
3002,Weblogo Intrepidnetworks 180X100,Weblogo Intrepidnetworks 180X100,img_alt_text,B
3003,View Profile,View Profile,a_inner_text,A
3003,intrepid networks,/investment-portfolio/intrepid-networks/,href,A
3004,View Profile,View Profile,a_inner_text,A
3004,invita,/investment-portfolio/invita/,href,A
3005,Invita Weblogo,Invita Weblogo,img_alt_text,B
3006,View Profile,View Profile,a_inner_text,A
3006,invita,/investment-portfolio/invita/,href,A
3007,View Profile,View Profile,a_inner_text,A
3007,ironedge,/investment-portfolio/ironedge/,href,A
3008,Weblogo Ironedge 180X100,Weblogo Ironedge 180X100,img_alt_text,B
3009,View Profile,View Profile,a_inner_text,A
3009,ironedge,/investment-portfolio/ironedge/,href,A
3010,View Profile,View Profile,a_inner_text,A
3010,it s just lunch,/investment-portfolio/it-s-just-lunch/,href,A
3011,It's Just Lunch Logo,It's Just Lunch Logo,img_alt_text,B
3012,View Profile,View Profile,a_inner_text,A
3012,it s just lunch,/investment-portfolio/it-s-just-lunch/,href,A
3013,View Profile,View Profile,a_inner_text,A
3013,junior sports corporation,/investment-portfolio/junior-sports-corporation/,href,A
3014,Junior Sports Corporation,Junior Sports Corporation,img_alt_text,B
3015,View Profile,View Profile,a_inner_text,A
3015,junior sports corporation,/investment-portfolio/junior-sports-corporation/,href,A
3016,View Profile,View Profile,a_inner_text,A
3016,justrite manufacturing company,/investment-portfolio/justrite-manufacturing-company/,href,A
3017,Justrite Logo,Justrite Logo,img_alt_text,B
3018,View Profile,View Profile,a_inner_text,A
3018,justrite manufacturing company,/investment-portfolio/justrite-manufacturing-company/,href,A
3019,View Profile,View Profile,a_inner_text,A
3019,kasasa,/investment-portfolio/kasasa/,href,A
3020,Kasasa Logo,Kasasa Logo,img_alt_text,B
3021,View Profile,View Profile,a_inner_text,A
3021,kasasa,/investment-portfolio/kasasa/,href,A
3022,View Profile,View Profile,a_inner_text,A
3022,kaseware,/investment-portfolio/kaseware/,href,A
3023,Weblogo Kaseware 180X100,Weblogo Kaseware 180X100,img_alt_text,B
3024,View Profile,View Profile,a_inner_text,A
3024,kaseware,/investment-portfolio/kaseware/,href,A
3025,View Profile,View Profile,a_inner_text,A
3025,keepsake quilting,/investment-portfolio/keepsake-quilting/,href,A
3026,Keepsake Logo,Keepsake Logo,img_alt_text,B
3027,View Profile,View Profile,a_inner_text,A
3027,keepsake quilting,/investment-portfolio/keepsake-quilting/,href,A
3028,View Profile,View Profile,a_inner_text,A
3028,keona health,/investment-portfolio/keona-health/,href,A
3029,Keonahealth Weblogocolor,Keonahealth Weblogocolor,img_alt_text,B
3030,View Profile,View Profile,a_inner_text,A
3030,keona health,/investment-portfolio/keona-health/,href,A
3031,View Profile,View Profile,a_inner_text,A
3031,keycast,/investment-portfolio/keycast/,href,A
3032,Keycast Logo,Keycast Logo,img_alt_text,B
3033,View Profile,View Profile,a_inner_text,A
3033,keycast,/investment-portfolio/keycast/,href,A
3034,View Profile,View Profile,a_inner_text,A
3034,keymile,/investment-portfolio/keymile/,href,A
3035,Keymile,Keymile,img_alt_text,B
3036,View Profile,View Profile,a_inner_text,A
3036,keymile,/investment-portfolio/keymile/,href,A
3037,View Profile,View Profile,a_inner_text,A
3037,kfm,/investment-portfolio/kfm/,href,A
3038,KFM Logo,KFM Logo,img_alt_text,B
3039,View Profile,View Profile,a_inner_text,A
3039,kfm,/investment-portfolio/kfm/,href,A
3040,View Profile,View Profile,a_inner_text,A
3040,lacuna solutions,/investment-portfolio/lacuna-solutions/,href,A
3041,Lacunasolutions Weblogo 180X100,Lacunasolutions Weblogo 180X100,img_alt_text,B
3042,View Profile,View Profile,a_inner_text,A
3042,lacuna solutions,/investment-portfolio/lacuna-solutions/,href,A
3043,View Profile,View Profile,a_inner_text,A
3043,lakeview health,/investment-portfolio/lakeview-health/,href,A
3044,Lakeview Health Logo,Lakeview Health Logo,img_alt_text,B
3045,View Profile,View Profile,a_inner_text,A
3045,lakeview health,/investment-portfolio/lakeview-health/,href,A
3046,View Profile,View Profile,a_inner_text,A
3046,l com,/investment-portfolio/l-com/,href,A
3047,L-com Logo,L-com Logo,img_alt_text,B
3048,View Profile,View Profile,a_inner_text,A
3048,l com,/investment-portfolio/l-com/,href,A
3049,View Profile,View Profile,a_inner_text,A
3049,learning seat,/investment-portfolio/learning-seat/,href,A
3050,Learning Seat Logo,Learning Seat Logo,img_alt_text,B
3051,View Profile,View Profile,a_inner_text,A
3051,learning seat,/investment-portfolio/learning-seat/,href,A
3052,View Profile,View Profile,a_inner_text,A
3052,leftshift,/investment-portfolio/leftshift/,href,A
3053,Leftshiftweblogo,Leftshiftweblogo,img_alt_text,B
3054,View Profile,View Profile,a_inner_text,A
3054,leftshift,/investment-portfolio/leftshift/,href,A
3055,View Profile,View Profile,a_inner_text,A
3055,lexipol i,/investment-portfolio/lexipol-i/,href,A
3056,Lexipol Weblogo2,Lexipol Weblogo2,img_alt_text,B
3057,View Profile,View Profile,a_inner_text,A
3057,lexipol i,/investment-portfolio/lexipol-i/,href,A
3058,View Profile,View Profile,a_inner_text,A
3058,lexipol ii,/investment-portfolio/lexipol-ii/,href,A
3059,Lexipol Weblogo2,Lexipol Weblogo2,img_alt_text,B
3060,View Profile,View Profile,a_inner_text,A
3060,lexipol ii,/investment-portfolio/lexipol-ii/,href,A
3061,View Profile,View Profile,a_inner_text,A
3061,lillebaby,/investment-portfolio/lillebaby/,href,A
3062,Lillebaby Logo,Lillebaby Logo,img_alt_text,B
3063,View Profile,View Profile,a_inner_text,A
3063,lillebaby,/investment-portfolio/lillebaby/,href,A
3064,View Profile,View Profile,a_inner_text,A
3064,lmg holdings inc,/investment-portfolio/lmg-holdings-inc/,href,A
3065,Lmgholdingsweblogo2,Lmgholdingsweblogo2,img_alt_text,B
3066,View Profile,View Profile,a_inner_text,A
3066,lmg holdings inc,/investment-portfolio/lmg-holdings-inc/,href,A
3067,View Profile,View Profile,a_inner_text,A
3067,loadstop,/investment-portfolio/loadstop/,href,A
3068,Weblogo Loadstop 180X100,Weblogo Loadstop 180X100,img_alt_text,B
3069,View Profile,View Profile,a_inner_text,A
3069,loadstop,/investment-portfolio/loadstop/,href,A
3070,View Profile,View Profile,a_inner_text,A
3070,localtel,/investment-portfolio/localtel/,href,A
3071,LocalTel Logo,LocalTel Logo,img_alt_text,B
3072,View Profile,View Profile,a_inner_text,A
3072,localtel,/investment-portfolio/localtel/,href,A
3073,View Profile,View Profile,a_inner_text,A
3073,logically,/investment-portfolio/logically/,href,A
3074,Logically logo,Logically logo,img_alt_text,B
3075,View Profile,View Profile,a_inner_text,A
3075,logically,/investment-portfolio/logically/,href,A
3076,View Profile,View Profile,a_inner_text,A
3076,london s farm dairy,/investment-portfolio/london-s-farm-dairy/,href,A
3077,London's Dairy Farm Logo,London's Dairy Farm Logo,img_alt_text,B
3078,View Profile,View Profile,a_inner_text,A
3078,london s farm dairy,/investment-portfolio/london-s-farm-dairy/,href,A
3079,View Profile,View Profile,a_inner_text,A
3079,loop tie,/investment-portfolio/loop-tie/,href,A
3080,Looptie Weblogocolor,Looptie Weblogocolor,img_alt_text,B
3081,View Profile,View Profile,a_inner_text,A
3081,loop tie,/investment-portfolio/loop-tie/,href,A
3082,View Profile,View Profile,a_inner_text,A
3082,lumen dynamics group,/investment-portfolio/lumen-dynamics-group/,href,A
3083,Lumen Dynamics Group Logo,Lumen Dynamics Group Logo,img_alt_text,B
3084,View Profile,View Profile,a_inner_text,A
3084,lumen dynamics group,/investment-portfolio/lumen-dynamics-group/,href,A
3085,View Profile,View Profile,a_inner_text,A
3085,marena group,/investment-portfolio/marena-group/,href,A
3086,Marena Logo,Marena Logo,img_alt_text,B
3087,View Profile,View Profile,a_inner_text,A
3087,marena group,/investment-portfolio/marena-group/,href,A
3088,View Profile,View Profile,a_inner_text,A
3088,marketmuse,/investment-portfolio/marketmuse/,href,A
3089,Marketmuseweblogo,Marketmuseweblogo,img_alt_text,B
3090,View Profile,View Profile,a_inner_text,A
3090,marketmuse,/investment-portfolio/marketmuse/,href,A
3091,View Profile,View Profile,a_inner_text,A
3091,maverick,/investment-portfolio/maverick/,href,A
3092,Maverick Logo,Maverick Logo,img_alt_text,B
3093,View Profile,View Profile,a_inner_text,A
3093,maverick,/investment-portfolio/maverick/,href,A
3094,View Profile,View Profile,a_inner_text,A
3094,mec3,/investment-portfolio/mec3/,href,A
3095,MEC3 Logo,MEC3 Logo,img_alt_text,B
3096,View Profile,View Profile,a_inner_text,A
3096,mec3,/investment-portfolio/mec3/,href,A
3097,View Profile,View Profile,a_inner_text,A
3097,media source,/investment-portfolio/media-source/,href,A
3098,Media Source Company Logo,Media Source Company Logo,img_alt_text,B
3099,View Profile,View Profile,a_inner_text,A
3099,media source,/investment-portfolio/media-source/,href,A
3100,View Profile,View Profile,a_inner_text,A
3100,mediafly,/investment-portfolio/mediafly/,href,A
3101,Weblogo Mediafly 180X100,Weblogo Mediafly 180X100,img_alt_text,B
3102,View Profile,View Profile,a_inner_text,A
3102,mediafly,/investment-portfolio/mediafly/,href,A
3103,View Profile,View Profile,a_inner_text,A
3103,megachemie,/investment-portfolio/megachemie/,href,A
3104,Megachemie Logo,Megachemie Logo,img_alt_text,B
3105,View Profile,View Profile,a_inner_text,A
3105,megachemie,/investment-portfolio/megachemie/,href,A
3106,View Profile,View Profile,a_inner_text,A
3106,merit industries,/investment-portfolio/merit-industries/,href,A
3107,Merit Logo,Merit Logo,img_alt_text,B
3108,View Profile,View Profile,a_inner_text,A
3108,merit industries,/investment-portfolio/merit-industries/,href,A
3109,View Profile,View Profile,a_inner_text,A
3109,mifam,/investment-portfolio/mifam/,href,A
3110,Mifam Logo,Mifam Logo,img_alt_text,B
3111,View Profile,View Profile,a_inner_text,A
3111,mifam,/investment-portfolio/mifam/,href,A
3112,View Profile,View Profile,a_inner_text,A
3112,mintra,/investment-portfolio/mintra/,href,A
3113,Mintra Weblogo2,Mintra Weblogo2,img_alt_text,B
3114,View Profile,View Profile,a_inner_text,A
3114,mintra,/investment-portfolio/mintra/,href,A
3115,View Profile,View Profile,a_inner_text,A
3115,mk chimney systems,/investment-portfolio/mk-chimney-systems/,href,A
3116,MK Logo,MK Logo,img_alt_text,B
3117,View Profile,View Profile,a_inner_text,A
3117,mk chimney systems,/investment-portfolio/mk-chimney-systems/,href,A
3118,View Profile,View Profile,a_inner_text,A
3118,mlcoa,/investment-portfolio/mlcoa/,href,A
3119,MLCOA,MLCOA,img_alt_text,B
3120,View Profile,View Profile,a_inner_text,A
3120,mlcoa,/investment-portfolio/mlcoa/,href,A
3121,View Profile,View Profile,a_inner_text,A
3121,mmg fusion,/investment-portfolio/mmg-fusion/,href,A
3122,Mmgfusion Weblogo180x100,Mmgfusion Weblogo180x100,img_alt_text,B
3123,View Profile,View Profile,a_inner_text,A
3123,mmg fusion,/investment-portfolio/mmg-fusion/,href,A
3124,View Profile,View Profile,a_inner_text,A
3124,mnx,/investment-portfolio/mnx/,href,A
3125,MNX Logo,MNX Logo,img_alt_text,B
3126,View Profile,View Profile,a_inner_text,A
3126,mnx,/investment-portfolio/mnx/,href,A
3127,View Profile,View Profile,a_inner_text,A
3127,modern campus,/investment-portfolio/modern-campus/,href,A
3128,Moderncampus Weblogo 180X100,Moderncampus Weblogo 180X100,img_alt_text,B
3129,View Profile,View Profile,a_inner_text,A
3129,modern campus,/investment-portfolio/modern-campus/,href,A
3130,View Profile,View Profile,a_inner_text,A
3130,modern hire,/investment-portfolio/modern-hire/,href,A
3131,Modernhire Weblogo,Modernhire Weblogo,img_alt_text,B
3132,View Profile,View Profile,a_inner_text,A
3132,modern hire,/investment-portfolio/modern-hire/,href,A
3133,View Profile,View Profile,a_inner_text,A
3133,momentum group i,/investment-portfolio/momentum-group-i/,href,A
3134,Momentum Group Logo,Momentum Group Logo,img_alt_text,B
3135,View Profile,View Profile,a_inner_text,A
3135,momentum group i,/investment-portfolio/momentum-group-i/,href,A
3136,View Profile,View Profile,a_inner_text,A
3136,momentum group ii,/investment-portfolio/momentum-group-ii/,href,A
3137,Weblogo Momentum101625 180X100,Weblogo Momentum101625 180X100,img_alt_text,B
3138,View Profile,View Profile,a_inner_text,A
3138,momentum group ii,/investment-portfolio/momentum-group-ii/,href,A
3139,View Profile,View Profile,a_inner_text,A
3139,monessen,/investment-portfolio/monessen/,href,A
3140,Monessen Logo,Monessen Logo,img_alt_text,B
3141,View Profile,View Profile,a_inner_text,A
3141,monessen,/investment-portfolio/monessen/,href,A
3142,View Profile,View Profile,a_inner_text,A
3142,montel,/investment-portfolio/montel/,href,A
3143,Montel Weblogo 180X100,Montel Weblogo 180X100,img_alt_text,B
3144,View Profile,View Profile,a_inner_text,A
3144,montel,/investment-portfolio/montel/,href,A
3145,View Profile,View Profile,a_inner_text,A
3145,moss,/investment-portfolio/moss/,href,A
3146,Moss Logo,Moss Logo,img_alt_text,B
3147,View Profile,View Profile,a_inner_text,A
3147,moss,/investment-portfolio/moss/,href,A
3148,View Profile,View Profile,a_inner_text,A
3148,mw industries,/investment-portfolio/mw-industries/,href,A
3149,Matthew*Warren Industries Logo,Matthew*Warren Industries Logo,img_alt_text,B
3150,View Profile,View Profile,a_inner_text,A
3150,mw industries,/investment-portfolio/mw-industries/,href,A
3151,View Profile,View Profile,a_inner_text,A
3151,myskillcamp,/investment-portfolio/myskillcamp/,href,A
3152,Myskillscamp Weblogo 180X100,Myskillscamp Weblogo 180X100,img_alt_text,B
3153,View Profile,View Profile,a_inner_text,A
3153,myskillcamp,/investment-portfolio/myskillcamp/,href,A
3154,View Profile,View Profile,a_inner_text,A
3154,naka,/investment-portfolio/naka/,href,A
3155,NAKA,NAKA,img_alt_text,B
3156,View Profile,View Profile,a_inner_text,A
3156,naka,/investment-portfolio/naka/,href,A
3157,View Profile,View Profile,a_inner_text,A
3157,navex global,/investment-portfolio/navex-global/,href,A
3158,NAVEX Global,NAVEX Global,img_alt_text,B
3159,View Profile,View Profile,a_inner_text,A
3159,navex global,/investment-portfolio/navex-global/,href,A
3160,View Profile,View Profile,a_inner_text,A
3160,navigate360,/investment-portfolio/navigate360/,href,A
3161,Navigate360 Weblogo,Navigate360 Weblogo,img_alt_text,B
3162,View Profile,View Profile,a_inner_text,A
3162,navigate360,/investment-portfolio/navigate360/,href,A
3163,View Profile,View Profile,a_inner_text,A
3163,neighborly,/investment-portfolio/neighborly/,href,A
3164,neighborly logo,neighborly logo,img_alt_text,B
3165,View Profile,View Profile,a_inner_text,A
3165,neighborly,/investment-portfolio/neighborly/,href,A
3166,View Profile,View Profile,a_inner_text,A
3166,netwatch group,/investment-portfolio/netwatch-group/,href,A
3167,Logo Netwatch 180X100,Logo Netwatch 180X100,img_alt_text,B
3168,View Profile,View Profile,a_inner_text,A
3168,netwatch group,/investment-portfolio/netwatch-group/,href,A
3169,View Profile,View Profile,a_inner_text,A
3169,nordco,/investment-portfolio/nordco/,href,A
3170,Nordco Logo,Nordco Logo,img_alt_text,B
3171,View Profile,View Profile,a_inner_text,A
3171,nordco,/investment-portfolio/nordco/,href,A
3172,View Profile,View Profile,a_inner_text,A
3172,north american dental group,/investment-portfolio/north-american-dental-group/,href,A
3173,North American Dental Group Logo,North American Dental Group Logo,img_alt_text,B
3174,View Profile,View Profile,a_inner_text,A
3174,north american dental group,/investment-portfolio/north-american-dental-group/,href,A
3175,View Profile,View Profile,a_inner_text,A
3175,novamed,/investment-portfolio/novamed/,href,A
3176,Novamed Logo,Novamed Logo,img_alt_text,B
3177,View Profile,View Profile,a_inner_text,A
3177,novamed,/investment-portfolio/novamed/,href,A
3178,View Profile,View Profile,a_inner_text,A
3178,npc,/investment-portfolio/npc/,href,A
3179,NPC Logo,NPC Logo,img_alt_text,B
3180,View Profile,View Profile,a_inner_text,A
3180,npc,/investment-portfolio/npc/,href,A
3181,View Profile,View Profile,a_inner_text,A
3181,nustef baking,/investment-portfolio/nustef-baking/,href,A
3182,Nustef Weblogo 180X100,Nustef Weblogo 180X100,img_alt_text,B
3183,View Profile,View Profile,a_inner_text,A
3183,nustef baking,/investment-portfolio/nustef-baking/,href,A
3184,View Profile,View Profile,a_inner_text,A
3184,oaky,/investment-portfolio/oaky/,href,A
3185,Oaky Weblogo 180X100,Oaky Weblogo 180X100,img_alt_text,B
3186,View Profile,View Profile,a_inner_text,A
3186,oaky,/investment-portfolio/oaky/,href,A
3187,View Profile,View Profile,a_inner_text,A
3187,olympic boat centers,/investment-portfolio/olympic-boat-centers/,href,A
3188,Olympic Logo,Olympic Logo,img_alt_text,B
3189,View Profile,View Profile,a_inner_text,A
3189,olympic boat centers,/investment-portfolio/olympic-boat-centers/,href,A
3190,View Profile,View Profile,a_inner_text,A
3190,omnigo software,/investment-portfolio/omnigo-software/,href,A
3191,Omnigo logo,Omnigo logo,img_alt_text,B
3192,View Profile,View Profile,a_inner_text,A
3192,omnigo software,/investment-portfolio/omnigo-software/,href,A
3193,View Profile,View Profile,a_inner_text,A
3193,on location,/investment-portfolio/on-location/,href,A
3194,Weblogo Onlocation 180X100,Weblogo Onlocation 180X100,img_alt_text,B
3195,View Profile,View Profile,a_inner_text,A
3195,on location,/investment-portfolio/on-location/,href,A
3196,View Profile,View Profile,a_inner_text,A
3196,oncourse learning,/investment-portfolio/oncourse-learning/,href,A
3197,OnCourse Learning,OnCourse Learning,img_alt_text,B
3198,View Profile,View Profile,a_inner_text,A
3198,oncourse learning,/investment-portfolio/oncourse-learning/,href,A
3199,View Profile,View Profile,a_inner_text,A
3199,oni communications,/investment-portfolio/oni-communications/,href,A
3200,Oni Logo,Oni Logo,img_alt_text,B
3201,View Profile,View Profile,a_inner_text,A
3201,oni communications,/investment-portfolio/oni-communications/,href,A
3202,View Profile,View Profile,a_inner_text,A
3202,onscent,/investment-portfolio/onscent/,href,A
3203,Onscent Weblogo2 180X100,Onscent Weblogo2 180X100,img_alt_text,B
3204,View Profile,View Profile,a_inner_text,A
3204,onscent,/investment-portfolio/onscent/,href,A
3205,View Profile,View Profile,a_inner_text,A
3205,oomnitza,/investment-portfolio/oomnitza/,href,A
3206,Oomnitzaweblogo,Oomnitzaweblogo,img_alt_text,B
3207,View Profile,View Profile,a_inner_text,A
3207,oomnitza,/investment-portfolio/oomnitza/,href,A
3208,View Profile,View Profile,a_inner_text,A
3208,orliman,/investment-portfolio/orliman/,href,A
3209,Orliman Logo,Orliman Logo,img_alt_text,B
3210,View Profile,View Profile,a_inner_text,A
3210,orliman,/investment-portfolio/orliman/,href,A
3211,View Profile,View Profile,a_inner_text,A
3211,orthod,/investment-portfolio/orthod/,href,A
3212,Portfolio Company - Ortho D,Portfolio Company - Ortho D,img_alt_text,B
3213,View Profile,View Profile,a_inner_text,A
3213,orthod,/investment-portfolio/orthod/,href,A
3214,View Profile,View Profile,a_inner_text,A
3214,outsolve,/investment-portfolio/outsolve/,href,A
3215,Outsolve Weblogo 180X100,Outsolve Weblogo 180X100,img_alt_text,B
3216,View Profile,View Profile,a_inner_text,A
3216,outsolve,/investment-portfolio/outsolve/,href,A
3217,View Profile,View Profile,a_inner_text,A
3217,outward hound,/investment-portfolio/outward-hound/,href,A
3218,Outward Hound Logo,Outward Hound Logo,img_alt_text,B
3219,View Profile,View Profile,a_inner_text,A
3219,outward hound,/investment-portfolio/outward-hound/,href,A
3220,View Profile,View Profile,a_inner_text,A
3220,ownlocal,/investment-portfolio/ownlocal/,href,A
3221,Ownlocalweblogo,Ownlocalweblogo,img_alt_text,B
3222,View Profile,View Profile,a_inner_text,A
3222,ownlocal,/investment-portfolio/ownlocal/,href,A
3223,View Profile,View Profile,a_inner_text,A
3223,paradigm tax group,/investment-portfolio/paradigm-tax-group/,href,A
3224,Paradigm Logo,Paradigm Logo,img_alt_text,B
3225,View Profile,View Profile,a_inner_text,A
3225,paradigm tax group,/investment-portfolio/paradigm-tax-group/,href,A
3226,View Profile,View Profile,a_inner_text,A
3226,pareto,/investment-portfolio/pareto/,href,A
3227,Pareto Logo,Pareto Logo,img_alt_text,B
3228,View Profile,View Profile,a_inner_text,A
3228,pareto,/investment-portfolio/pareto/,href,A
3229,View Profile,View Profile,a_inner_text,A
3229,parker food group,/investment-portfolio/parker-food-group/,href,A
3230,Parkerfoodgroup Weblogo 180X100,Parkerfoodgroup Weblogo 180X100,img_alt_text,B
3231,View Profile,View Profile,a_inner_text,A
3231,parker food group,/investment-portfolio/parker-food-group/,href,A
3232,View Profile,View Profile,a_inner_text,A
3232,partium,/investment-portfolio/partium/,href,A
3233,Weblogo Partium 180X100,Weblogo Partium 180X100,img_alt_text,B
3234,View Profile,View Profile,a_inner_text,A
3234,partium,/investment-portfolio/partium/,href,A
3235,View Profile,View Profile,a_inner_text,A
3235,patronmanager,/investment-portfolio/patronmanager/,href,A
3236,Patronmanagerweblogo,Patronmanagerweblogo,img_alt_text,B
3237,View Profile,View Profile,a_inner_text,A
3237,patronmanager,/investment-portfolio/patronmanager/,href,A
3238,View Profile,View Profile,a_inner_text,A
3238,peak,/investment-portfolio/peak/,href,A
3239,Peak Weblogo 180X100,Peak Weblogo 180X100,img_alt_text,B
3240,View Profile,View Profile,a_inner_text,A
3240,peak,/investment-portfolio/peak/,href,A
3241,View Profile,View Profile,a_inner_text,A
3241,peerspot,/investment-portfolio/peerspot/,href,A
3242,Peerspot Weblogo 180X100,Peerspot Weblogo 180X100,img_alt_text,B
3243,View Profile,View Profile,a_inner_text,A
3243,peerspot,/investment-portfolio/peerspot/,href,A
3244,View Profile,View Profile,a_inner_text,A
3244,peoplegrove,/investment-portfolio/peoplegrove/,href,A
3245,Weblogo Peoplegrovev3 180X100,Weblogo Peoplegrovev3 180X100,img_alt_text,B
3246,View Profile,View Profile,a_inner_text,A
3246,peoplegrove,/investment-portfolio/peoplegrove/,href,A
3247,View Profile,View Profile,a_inner_text,A
3247,performance systems integration,/investment-portfolio/performance-systems-integration/,href,A
3248,PSI Weblogo,PSI Weblogo,img_alt_text,B
3249,View Profile,View Profile,a_inner_text,A
3249,performance systems integration,/investment-portfolio/performance-systems-integration/,href,A
3250,View Profile,View Profile,a_inner_text,A
3250,pfb corporation,/investment-portfolio/pfb-corporation/,href,A
3251,Pfbcorp Weblogo 180X100,Pfbcorp Weblogo 180X100,img_alt_text,B
3252,View Profile,View Profile,a_inner_text,A
3252,pfb corporation,/investment-portfolio/pfb-corporation/,href,A
3253,View Profile,View Profile,a_inner_text,A
3253,polar windows,/investment-portfolio/polar-windows/,href,A
3254,Polar Windows Logo,Polar Windows Logo,img_alt_text,B
3255,View Profile,View Profile,a_inner_text,A
3255,polar windows,/investment-portfolio/polar-windows/,href,A
3256,View Profile,View Profile,a_inner_text,A
3256,ppc insulators,/investment-portfolio/ppc-insulators/,href,A
3257,PPC Logo,PPC Logo,img_alt_text,B
3258,View Profile,View Profile,a_inner_text,A
3258,ppc insulators,/investment-portfolio/ppc-insulators/,href,A
3259,View Profile,View Profile,a_inner_text,A
3259,precision wire components,/investment-portfolio/precision-wire-components/,href,A
3260,Precision Wire Components Logo,Precision Wire Components Logo,img_alt_text,B
3261,View Profile,View Profile,a_inner_text,A
3261,precision wire components,/investment-portfolio/precision-wire-components/,href,A
3262,View Profile,View Profile,a_inner_text,A
3262,primalex,/investment-portfolio/primalex/,href,A
3263,Primalex Logo,Primalex Logo,img_alt_text,B
3264,View Profile,View Profile,a_inner_text,A
3264,primalex,/investment-portfolio/primalex/,href,A
3265,View Profile,View Profile,a_inner_text,A
3265,production control services,/investment-portfolio/production-control-services/,href,A
3266,PCS Logo,PCS Logo,img_alt_text,B
3267,View Profile,View Profile,a_inner_text,A
3267,production control services,/investment-portfolio/production-control-services/,href,A
3268,View Profile,View Profile,a_inner_text,A
3268,profitsystems,/investment-portfolio/profitsystems/,href,A
3269,Profit Systems Logo,Profit Systems Logo,img_alt_text,B
3270,View Profile,View Profile,a_inner_text,A
3270,profitsystems,/investment-portfolio/profitsystems/,href,A
3271,View Profile,View Profile,a_inner_text,A
3271,propensity,/investment-portfolio/propensity/,href,A
3272,Weblogo Propensity 180X100,Weblogo Propensity 180X100,img_alt_text,B
3273,View Profile,View Profile,a_inner_text,A
3273,propensity,/investment-portfolio/propensity/,href,A
3274,View Profile,View Profile,a_inner_text,A
3274,prosites,/investment-portfolio/prosites/,href,A
3275,ProSites Logo,ProSites Logo,img_alt_text,B
3276,View Profile,View Profile,a_inner_text,A
3276,prosites,/investment-portfolio/prosites/,href,A
3277,View Profile,View Profile,a_inner_text,A
3277,pro vigil,/investment-portfolio/pro-vigil/,href,A
3278,Pro-vigil Logo,Pro-vigil Logo,img_alt_text,B
3279,View Profile,View Profile,a_inner_text,A
3279,pro vigil,/investment-portfolio/pro-vigil/,href,A
3280,View Profile,View Profile,a_inner_text,A
3280,purple,/investment-portfolio/purple/,href,A
3281,Purple Weblogo 180X100,Purple Weblogo 180X100,img_alt_text,B
3282,View Profile,View Profile,a_inner_text,A
3282,purple,/investment-portfolio/purple/,href,A
3283,View Profile,View Profile,a_inner_text,A
3283,pypestream,/investment-portfolio/pypestream/,href,A
3284,Weblogo Pypestream 180X100,Weblogo Pypestream 180X100,img_alt_text,B
3285,View Profile,View Profile,a_inner_text,A
3285,pypestream,/investment-portfolio/pypestream/,href,A
3286,View Profile,View Profile,a_inner_text,A
3286,qualserv,/investment-portfolio/qualserv/,href,A
3287,QualServ Logo,QualServ Logo,img_alt_text,B
3288,View Profile,View Profile,a_inner_text,A
3288,qualserv,/investment-portfolio/qualserv/,href,A
3289,View Profile,View Profile,a_inner_text,A
3289,quivers,/investment-portfolio/quivers/,href,A
3290,Quivers Weblogo 180X100,Quivers Weblogo 180X100,img_alt_text,B
3291,View Profile,View Profile,a_inner_text,A
3291,quivers,/investment-portfolio/quivers/,href,A
3292,View Profile,View Profile,a_inner_text,A
3292,rameder,/investment-portfolio/rameder/,href,A
3293,Rameder-Logo,Rameder-Logo,img_alt_text,B
3294,View Profile,View Profile,a_inner_text,A
3294,rameder,/investment-portfolio/rameder/,href,A
3295,View Profile,View Profile,a_inner_text,A
3295,readyset surgical,/investment-portfolio/readyset-surgical/,href,A
3296,Weblogo Readysetsurgical 180X100,Weblogo Readysetsurgical 180X100,img_alt_text,B
3297,View Profile,View Profile,a_inner_text,A
3297,readyset surgical,/investment-portfolio/readyset-surgical/,href,A
3298,View Profile,View Profile,a_inner_text,A
3298,recovery point,/investment-portfolio/recovery-point/,href,A
3299,Recoverypoint Weblogo,Recoverypoint Weblogo,img_alt_text,B
3300,View Profile,View Profile,a_inner_text,A
3300,recovery point,/investment-portfolio/recovery-point/,href,A
3301,View Profile,View Profile,a_inner_text,A
3301,red nucleus,/investment-portfolio/red-nucleus/,href,A
3302,Rednucleus2 Weblogo 180X100,Rednucleus2 Weblogo 180X100,img_alt_text,B
3303,View Profile,View Profile,a_inner_text,A
3303,red nucleus,/investment-portfolio/red-nucleus/,href,A
3304,View Profile,View Profile,a_inner_text,A
3304,redteam,/investment-portfolio/redteam/,href,A
3305,Redteamweblogo,Redteamweblogo,img_alt_text,B
3306,View Profile,View Profile,a_inner_text,A
3306,redteam,/investment-portfolio/redteam/,href,A
3307,View Profile,View Profile,a_inner_text,A
3307,reima,/investment-portfolio/reima/,href,A
3308,REIMA Device 180X100,REIMA Device 180X100,img_alt_text,B
3309,View Profile,View Profile,a_inner_text,A
3309,reima,/investment-portfolio/reima/,href,A
3310,View Profile,View Profile,a_inner_text,A
3310,relay fire and safety,/investment-portfolio/relay-fire-and-safety/,href,A
3311,Relay Weblogo 180X100,Relay Weblogo 180X100,img_alt_text,B
3312,View Profile,View Profile,a_inner_text,A
3312,relay fire and safety,/investment-portfolio/relay-fire-and-safety/,href,A
3313,View Profile,View Profile,a_inner_text,A
3313,repa,/investment-portfolio/repa/,href,A
3314,REPA Weblogo,REPA Weblogo,img_alt_text,B
3315,View Profile,View Profile,a_inner_text,A
3315,repa,/investment-portfolio/repa/,href,A
3316,View Profile,View Profile,a_inner_text,A
3316,results weight loss,/investment-portfolio/results-weight-loss/,href,A
3317,Results Weight Loss Logo,Results Weight Loss Logo,img_alt_text,B
3318,View Profile,View Profile,a_inner_text,A
3318,results weight loss,/investment-portfolio/results-weight-loss/,href,A
3319,View Profile,View Profile,a_inner_text,A
3319,retail zoo,/investment-portfolio/retail-zoo/,href,A
3320,Boost,Boost,img_alt_text,B
3321,View Profile,View Profile,a_inner_text,A
3321,retail zoo,/investment-portfolio/retail-zoo/,href,A
3322,View Profile,View Profile,a_inner_text,A
3322,revegy,/investment-portfolio/revegy/,href,A
3323,Revegyweblogo,Revegyweblogo,img_alt_text,B
3324,View Profile,View Profile,a_inner_text,A
3324,revegy,/investment-portfolio/revegy/,href,A
3325,View Profile,View Profile,a_inner_text,A
3325,revtrax,/investment-portfolio/revtrax/,href,A
3326,Revtraxweblogo,Revtraxweblogo,img_alt_text,B
3327,View Profile,View Profile,a_inner_text,A
3327,revtrax,/investment-portfolio/revtrax/,href,A
3328,View Profile,View Profile,a_inner_text,A
3328,richter chemie technik,/investment-portfolio/richter-chemie-technik/,href,A
3329,Richter Logo,Richter Logo,img_alt_text,B
3330,View Profile,View Profile,a_inner_text,A
3330,richter chemie technik,/investment-portfolio/richter-chemie-technik/,href,A
3331,View Profile,View Profile,a_inner_text,A
3331,rutland group,/investment-portfolio/rutland-group/,href,A
3332,Rutland Group logo,Rutland Group logo,img_alt_text,B
3333,View Profile,View Profile,a_inner_text,A
3333,rutland group,/investment-portfolio/rutland-group/,href,A
3334,View Profile,View Profile,a_inner_text,A
3334,safebuilt,/investment-portfolio/safebuilt/,href,A
3335,SAFEbuilt,SAFEbuilt,img_alt_text,B
3336,View Profile,View Profile,a_inner_text,A
3336,safebuilt,/investment-portfolio/safebuilt/,href,A
3337,View Profile,View Profile,a_inner_text,A
3337,salgglas,/investment-portfolio/salgglas/,href,A
3338,Salgglas Logo,Salgglas Logo,img_alt_text,B
3339,View Profile,View Profile,a_inner_text,A
3339,salgglas,/investment-portfolio/salgglas/,href,A
3340,View Profile,View Profile,a_inner_text,A
3340,screenvision media,/investment-portfolio/screenvision-media/,href,A
3341,Screen Vision Logo,Screen Vision Logo,img_alt_text,B
3342,View Profile,View Profile,a_inner_text,A
3342,screenvision media,/investment-portfolio/screenvision-media/,href,A
3343,View Profile,View Profile,a_inner_text,A
3343,seatex,/investment-portfolio/seatex/,href,A
3344,Weblogo Seatex 180X100,Weblogo Seatex 180X100,img_alt_text,B
3345,View Profile,View Profile,a_inner_text,A
3345,seatex,/investment-portfolio/seatex/,href,A
3346,View Profile,View Profile,a_inner_text,A
3346,selig sealing products,/investment-portfolio/selig-sealing-products/,href,A
3347,Selig Logo,Selig Logo,img_alt_text,B
3348,View Profile,View Profile,a_inner_text,A
3348,selig sealing products,/investment-portfolio/selig-sealing-products/,href,A
3349,View Profile,View Profile,a_inner_text,A
3349,sencore,/investment-portfolio/sencore/,href,A
3350,Sencore,Sencore,img_alt_text,B
3351,View Profile,View Profile,a_inner_text,A
3351,sencore,/investment-portfolio/sencore/,href,A
3352,View Profile,View Profile,a_inner_text,A
3352,sentinel,/investment-portfolio/sentinel/,href,A
3353,Sentinel Logo,Sentinel Logo,img_alt_text,B
3354,View Profile,View Profile,a_inner_text,A
3354,sentinel,/investment-portfolio/sentinel/,href,A
3355,View Profile,View Profile,a_inner_text,A
3355,sevdesk,/investment-portfolio/sevdesk/,href,A
3356,Weblogo Sevdesk 180X100,Weblogo Sevdesk 180X100,img_alt_text,B
3357,View Profile,View Profile,a_inner_text,A
3357,sevdesk,/investment-portfolio/sevdesk/,href,A
3358,View Profile,View Profile,a_inner_text,A
3358,shinsouki,/investment-portfolio/shinsouki/,href,A
3359,Shinsouki Logo,Shinsouki Logo,img_alt_text,B
3360,View Profile,View Profile,a_inner_text,A
3360,shinsouki,/investment-portfolio/shinsouki/,href,A
3361,View Profile,View Profile,a_inner_text,A
3361,showd me,/investment-portfolio/showd-me/,href,A
3362,RAC Showdme Weblogo 180X100,RAC Showdme Weblogo 180X100,img_alt_text,B
3363,View Profile,View Profile,a_inner_text,A
3363,showd me,/investment-portfolio/showd-me/,href,A
3364,View Profile,View Profile,a_inner_text,A
3364,siffron,/investment-portfolio/siffron/,href,A
3365,Siffron Weblogo 180X100,Siffron Weblogo 180X100,img_alt_text,B
3366,View Profile,View Profile,a_inner_text,A
3366,siffron,/investment-portfolio/siffron/,href,A
3367,View Profile,View Profile,a_inner_text,A
3367,sigg,/investment-portfolio/sigg/,href,A
3368,SIGG Logo,SIGG Logo,img_alt_text,B
3369,View Profile,View Profile,a_inner_text,A
3369,sigg,/investment-portfolio/sigg/,href,A
3370,View Profile,View Profile,a_inner_text,A
3370,simcro,/investment-portfolio/simcro/,href,A
3371,Weblogo Simcro2 180X100,Weblogo Simcro2 180X100,img_alt_text,B
3372,View Profile,View Profile,a_inner_text,A
3372,simcro,/investment-portfolio/simcro/,href,A
3373,View Profile,View Profile,a_inner_text,A
3373,smartways,/investment-portfolio/smartways/,href,A
3374,Weblogo Smartways 180X100,Weblogo Smartways 180X100,img_alt_text,B
3375,View Profile,View Profile,a_inner_text,A
3375,smartways,/investment-portfolio/smartways/,href,A
3376,View Profile,View Profile,a_inner_text,A
3376,soluta inc and boon chapman benefit administrators inc,/investment-portfolio/soluta-inc-and-boon-chapman-benefit-administrators-inc/,href,A
3377,Weblogo Solutaboonchapman 180X100,Weblogo Solutaboonchapman 180X100,img_alt_text,B
3378,View Profile,View Profile,a_inner_text,A
3378,soluta inc and boon chapman benefit administrators inc,/investment-portfolio/soluta-inc-and-boon-chapman-benefit-administrators-inc/,href,A
3379,View Profile,View Profile,a_inner_text,A
3379,soothe,/investment-portfolio/soothe/,href,A
3380,Soothe Weblogo2,Soothe Weblogo2,img_alt_text,B
3381,View Profile,View Profile,a_inner_text,A
3381,soothe,/investment-portfolio/soothe/,href,A
3382,View Profile,View Profile,a_inner_text,A
3382,south florida newspaper network,/investment-portfolio/south-florida-newspaper-network/,href,A
3383,SFNN Logo,SFNN Logo,img_alt_text,B
3384,View Profile,View Profile,a_inner_text,A
3384,south florida newspaper network,/investment-portfolio/south-florida-newspaper-network/,href,A
3385,View Profile,View Profile,a_inner_text,A
3385,specialized medical services,/investment-portfolio/specialized-medical-services/,href,A
3386,SMS Company Logo,SMS Company Logo,img_alt_text,B
3387,View Profile,View Profile,a_inner_text,A
3387,specialized medical services,/investment-portfolio/specialized-medical-services/,href,A
3388,View Profile,View Profile,a_inner_text,A
3388,spectrio,/investment-portfolio/spectrio/,href,A
3389,Spectrio,Spectrio,img_alt_text,B
3390,View Profile,View Profile,a_inner_text,A
3390,spectrio,/investment-portfolio/spectrio/,href,A
3391,View Profile,View Profile,a_inner_text,A
3391,spirion,/investment-portfolio/spirion/,href,A
3392,Spirion Logo,Spirion Logo,img_alt_text,B
3393,View Profile,View Profile,a_inner_text,A
3393,spirion,/investment-portfolio/spirion/,href,A
3394,View Profile,View Profile,a_inner_text,A
3394,spofadental,/investment-portfolio/spofadental/,href,A
3395,SpofaDental Logo,SpofaDental Logo,img_alt_text,B
3396,View Profile,View Profile,a_inner_text,A
3396,spofadental,/investment-portfolio/spofadental/,href,A
3397,View Profile,View Profile,a_inner_text,A
3397,sportsrecruits,/investment-portfolio/sportsrecruits/,href,A
3398,Sportsrecruitsweblogo,Sportsrecruitsweblogo,img_alt_text,B
3399,View Profile,View Profile,a_inner_text,A
3399,sportsrecruits,/investment-portfolio/sportsrecruits/,href,A
3400,View Profile,View Profile,a_inner_text,A
3400,squirro,/investment-portfolio/squirro/,href,A
3401,Squirro Weblogo 180X100,Squirro Weblogo 180X100,img_alt_text,B
3402,View Profile,View Profile,a_inner_text,A
3402,squirro,/investment-portfolio/squirro/,href,A
3403,View Profile,View Profile,a_inner_text,A
3403,stemlab,/investment-portfolio/stemlab/,href,A
3404,Stemlab Logo,Stemlab Logo,img_alt_text,B
3405,View Profile,View Profile,a_inner_text,A
3405,stemlab,/investment-portfolio/stemlab/,href,A
3406,View Profile,View Profile,a_inner_text,A
3406,stoffel seals,/investment-portfolio/stoffel-seals/,href,A
3407,Stoffel Logo,Stoffel Logo,img_alt_text,B
3408,View Profile,View Profile,a_inner_text,A
3408,stoffel seals,/investment-portfolio/stoffel-seals/,href,A
3409,View Profile,View Profile,a_inner_text,A
3409,suitepad,/investment-portfolio/suitepad/,href,A
3410,Suitepad Weblogocolor,Suitepad Weblogocolor,img_alt_text,B
3411,View Profile,View Profile,a_inner_text,A
3411,suitepad,/investment-portfolio/suitepad/,href,A
3412,View Profile,View Profile,a_inner_text,A
3412,sunless inc,/investment-portfolio/sunless-inc/,href,A
3413,Sunless Logo,Sunless Logo,img_alt_text,B
3414,View Profile,View Profile,a_inner_text,A
3414,sunless inc,/investment-portfolio/sunless-inc/,href,A
3415,View Profile,View Profile,a_inner_text,A
3415,sunrise windows,/investment-portfolio/sunrise-windows/,href,A
3416,Sunise Windows Logo,Sunise Windows Logo,img_alt_text,B
3417,View Profile,View Profile,a_inner_text,A
3417,sunrise windows,/investment-portfolio/sunrise-windows/,href,A
3418,View Profile,View Profile,a_inner_text,A
3418,surewerx,/investment-portfolio/surewerx/,href,A
3419,SureWerx logo,SureWerx logo,img_alt_text,B
3420,View Profile,View Profile,a_inner_text,A
3420,surewerx,/investment-portfolio/surewerx/,href,A
3421,View Profile,View Profile,a_inner_text,A
3421,swedish education group,/investment-portfolio/swedish-education-group/,href,A
3422,Power Planning System,Power Planning System,img_alt_text,B
3423,View Profile,View Profile,a_inner_text,A
3423,swedish education group,/investment-portfolio/swedish-education-group/,href,A
3424,View Profile,View Profile,a_inner_text,A
3424,sytrue,/investment-portfolio/sytrue/,href,A
3425,Sytrue Weblogo 180X100,Sytrue Weblogo 180X100,img_alt_text,B
3426,View Profile,View Profile,a_inner_text,A
3426,sytrue,/investment-portfolio/sytrue/,href,A
3427,View Profile,View Profile,a_inner_text,A
3427,t3 services group,/investment-portfolio/t3-services-group/,href,A
3428,Weblogo T3servicesgroup 180X100,Weblogo T3servicesgroup 180X100,img_alt_text,B
3429,View Profile,View Profile,a_inner_text,A
3429,t3 services group,/investment-portfolio/t3-services-group/,href,A
3430,View Profile,View Profile,a_inner_text,A
3430,tate s bake shop,/investment-portfolio/tate-s-bake-shop/,href,A
3431,Tate's Bake Shop,Tate's Bake Shop,img_alt_text,B
3432,View Profile,View Profile,a_inner_text,A
3432,tate s bake shop,/investment-portfolio/tate-s-bake-shop/,href,A
3433,View Profile,View Profile,a_inner_text,A
3433,team technologies,/investment-portfolio/team-technologies/,href,A
3434,Team Technologies Logo,Team Technologies Logo,img_alt_text,B
3435,View Profile,View Profile,a_inner_text,A
3435,team technologies,/investment-portfolio/team-technologies/,href,A
3436,View Profile,View Profile,a_inner_text,A
3436,tensator,/investment-portfolio/tensator/,href,A
3437,Tensator Logo,Tensator Logo,img_alt_text,B
3438,View Profile,View Profile,a_inner_text,A
3438,tensator,/investment-portfolio/tensator/,href,A
3439,View Profile,View Profile,a_inner_text,A
3439,teufel,/investment-portfolio/teufel/,href,A
3440,Teufel Logo,Teufel Logo,img_alt_text,B
3441,View Profile,View Profile,a_inner_text,A
3441,teufel,/investment-portfolio/teufel/,href,A
3442,View Profile,View Profile,a_inner_text,A
3442,the derm group,/investment-portfolio/the-derm-group/,href,A
3443,Dermgroupweblogo,Dermgroupweblogo,img_alt_text,B
3444,View Profile,View Profile,a_inner_text,A
3444,the derm group,/investment-portfolio/the-derm-group/,href,A
3445,View Profile,View Profile,a_inner_text,A
3445,the dwyer group i,/investment-portfolio/the-dwyer-group-i/,href,A
3446,Dwyer Logo,Dwyer Logo,img_alt_text,B
3447,View Profile,View Profile,a_inner_text,A
3447,the dwyer group i,/investment-portfolio/the-dwyer-group-i/,href,A
3448,View Profile,View Profile,a_inner_text,A
3448,the dwyer group ii,/investment-portfolio/the-dwyer-group-ii/,href,A
3449,The Dwyer Group,The Dwyer Group,img_alt_text,B
3450,View Profile,View Profile,a_inner_text,A
3450,the dwyer group ii,/investment-portfolio/the-dwyer-group-ii/,href,A
3451,View Profile,View Profile,a_inner_text,A
3451,the healthea group,/investment-portfolio/the-healthea-group/,href,A
3452,Weblogo Healthea 180X100,Weblogo Healthea 180X100,img_alt_text,B
3453,View Profile,View Profile,a_inner_text,A
3453,the healthea group,/investment-portfolio/the-healthea-group/,href,A
3454,View Profile,View Profile,a_inner_text,A
3454,the townsend group,/investment-portfolio/the-townsend-group/,href,A
3455,Weblogo Townsendgroup 180X100,Weblogo Townsendgroup 180X100,img_alt_text,B
3456,View Profile,View Profile,a_inner_text,A
3456,the townsend group,/investment-portfolio/the-townsend-group/,href,A
3457,View Profile,View Profile,a_inner_text,A
3457,the vomela companies,/investment-portfolio/the-vomela-companies/,href,A
3458,Weblogo Vomela 180X100,Weblogo Vomela 180X100,img_alt_text,B
3459,View Profile,View Profile,a_inner_text,A
3459,the vomela companies,/investment-portfolio/the-vomela-companies/,href,A
3460,View Profile,View Profile,a_inner_text,A
3460,thibaut,/investment-portfolio/thibaut/,href,A
3461,Thibaut Logo,Thibaut Logo,img_alt_text,B
3462,View Profile,View Profile,a_inner_text,A
3462,thibaut,/investment-portfolio/thibaut/,href,A
3463,View Profile,View Profile,a_inner_text,A
3463,thinktank,/investment-portfolio/thinktank/,href,A
3464,Thinktankweblogo,Thinktankweblogo,img_alt_text,B
3465,View Profile,View Profile,a_inner_text,A
3465,thinktank,/investment-portfolio/thinktank/,href,A
3466,View Profile,View Profile,a_inner_text,A
3466,threatmark inc,/investment-portfolio/threatmark-inc/,href,A
3467,Weblogo Threatmark 180X100,Weblogo Threatmark 180X100,img_alt_text,B
3468,View Profile,View Profile,a_inner_text,A
3468,threatmark inc,/investment-portfolio/threatmark-inc/,href,A
3469,View Profile,View Profile,a_inner_text,A
3469,threshold brands,/investment-portfolio/threshold-brands/,href,A
3470,Thresholdbrands Weblogo 180X100,Thresholdbrands Weblogo 180X100,img_alt_text,B
3471,View Profile,View Profile,a_inner_text,A
3471,threshold brands,/investment-portfolio/threshold-brands/,href,A
3472,View Profile,View Profile,a_inner_text,A
3472,todaytix,/investment-portfolio/todaytix/,href,A
3473,Todaytixweblogo,Todaytixweblogo,img_alt_text,B
3474,View Profile,View Profile,a_inner_text,A
3474,todaytix,/investment-portfolio/todaytix/,href,A
3475,View Profile,View Profile,a_inner_text,A
3475,toolport,/investment-portfolio/toolport/,href,A
3476,TOOLPORT Weblogo,TOOLPORT Weblogo,img_alt_text,B
3477,View Profile,View Profile,a_inner_text,A
3477,toolport,/investment-portfolio/toolport/,href,A
3478,View Profile,View Profile,a_inner_text,A
3478,transporeon,/investment-portfolio/transporeon/,href,A
3479,Transporeon,Transporeon,img_alt_text,B
3480,View Profile,View Profile,a_inner_text,A
3480,transporeon,/investment-portfolio/transporeon/,href,A
3481,View Profile,View Profile,a_inner_text,A
3481,trend technologies,/investment-portfolio/trend-technologies/,href,A
3482,Trend Logo,Trend Logo,img_alt_text,B
3483,View Profile,View Profile,a_inner_text,A
3483,trend technologies,/investment-portfolio/trend-technologies/,href,A
3484,View Profile,View Profile,a_inner_text,A
3484,tropikal pet,/investment-portfolio/tropikal-pet/,href,A
3485,Tropikal Logo,Tropikal Logo,img_alt_text,B
3486,View Profile,View Profile,a_inner_text,A
3486,tropikal pet,/investment-portfolio/tropikal-pet/,href,A
3487,View Profile,View Profile,a_inner_text,A
3487,true health group,/investment-portfolio/true-health-group/,href,A
3488,TrueHealth Group Logo,TrueHealth Group Logo,img_alt_text,B
3489,View Profile,View Profile,a_inner_text,A
3489,true health group,/investment-portfolio/true-health-group/,href,A
3490,View Profile,View Profile,a_inner_text,A
3490,trustwell,/investment-portfolio/trustwell/,href,A
3491,Trustwell Weblogo 180X100,Trustwell Weblogo 180X100,img_alt_text,B
3492,View Profile,View Profile,a_inner_text,A
3492,trustwell,/investment-portfolio/trustwell/,href,A
3493,View Profile,View Profile,a_inner_text,A
3493,turtl,/investment-portfolio/turtl/,href,A
3494,Turtl Weblogocolor,Turtl Weblogocolor,img_alt_text,B
3495,View Profile,View Profile,a_inner_text,A
3495,turtl,/investment-portfolio/turtl/,href,A
3496,View Profile,View Profile,a_inner_text,A
3496,typsy,/investment-portfolio/typsy/,href,A
3497,Weblogo Typsy 180X100,Weblogo Typsy 180X100,img_alt_text,B
3498,View Profile,View Profile,a_inner_text,A
3498,typsy,/investment-portfolio/typsy/,href,A
3499,View Profile,View Profile,a_inner_text,A
3499,uinta brewing company,/investment-portfolio/uinta-brewing-company/,href,A
3500,Uinta Brewing logo,Uinta Brewing logo,img_alt_text,B
3501,View Profile,View Profile,a_inner_text,A
3501,uinta brewing company,/investment-portfolio/uinta-brewing-company/,href,A
3502,View Profile,View Profile,a_inner_text,A
3502,ultravolt,/investment-portfolio/ultravolt/,href,A
3503,UltraVolt Logo,UltraVolt Logo,img_alt_text,B
3504,View Profile,View Profile,a_inner_text,A
3504,ultravolt,/investment-portfolio/ultravolt/,href,A
3505,View Profile,View Profile,a_inner_text,A
3505,unifocus,/investment-portfolio/unifocus/,href,A
3506,Unifocus Weblogo2 180X100,Unifocus Weblogo2 180X100,img_alt_text,B
3507,View Profile,View Profile,a_inner_text,A
3507,unifocus,/investment-portfolio/unifocus/,href,A
3508,View Profile,View Profile,a_inner_text,A
3508,unipac,/investment-portfolio/unipac/,href,A
3509,unipac Logo,unipac Logo,img_alt_text,B
3510,View Profile,View Profile,a_inner_text,A
3510,unipac,/investment-portfolio/unipac/,href,A
3511,View Profile,View Profile,a_inner_text,A
3511,united central industrial supply,/investment-portfolio/united-central-industrial-supply/,href,A
3512,United Central Industrial Supplies,United Central Industrial Supplies,img_alt_text,B
3513,View Profile,View Profile,a_inner_text,A
3513,united central industrial supply,/investment-portfolio/united-central-industrial-supply/,href,A
3514,View Profile,View Profile,a_inner_text,A
3514,universal air filter,/investment-portfolio/universal-air-filter/,href,A
3515,UAF Logo,UAF Logo,img_alt_text,B
3516,View Profile,View Profile,a_inner_text,A
3516,universal air filter,/investment-portfolio/universal-air-filter/,href,A
3517,View Profile,View Profile,a_inner_text,A
3517,us cabinet depot,/investment-portfolio/us-cabinet-depot/,href,A
3518,Uscabinetdepot Weblogo 180X100,Uscabinetdepot Weblogo 180X100,img_alt_text,B
3519,View Profile,View Profile,a_inner_text,A
3519,us cabinet depot,/investment-portfolio/us-cabinet-depot/,href,A
3520,View Profile,View Profile,a_inner_text,A
3520,veritext,/investment-portfolio/veritext/,href,A
3521,Veritext Logo,Veritext Logo,img_alt_text,B
3522,View Profile,View Profile,a_inner_text,A
3522,veritext,/investment-portfolio/veritext/,href,A
3523,View Profile,View Profile,a_inner_text,A
3523,viking plastics,/investment-portfolio/viking-plastics/,href,A
3524,Viking Plastics Logo,Viking Plastics Logo,img_alt_text,B
3525,View Profile,View Profile,a_inner_text,A
3525,viking plastics,/investment-portfolio/viking-plastics/,href,A
3526,View Profile,View Profile,a_inner_text,A
3526,vitex packaging group,/investment-portfolio/vitex-packaging-group/,href,A
3527,VPG Logo,VPG Logo,img_alt_text,B
3528,View Profile,View Profile,a_inner_text,A
3528,vitex packaging group,/investment-portfolio/vitex-packaging-group/,href,A
3529,View Profile,View Profile,a_inner_text,A
3529,vitg,/investment-portfolio/vitg/,href,A
3530,Weblogo VITG 180X100,Weblogo VITG 180X100,img_alt_text,B
3531,View Profile,View Profile,a_inner_text,A
3531,vitg,/investment-portfolio/vitg/,href,A
3532,View Profile,View Profile,a_inner_text,A
3532,vivi,/investment-portfolio/vivi/,href,A
3533,Vivi Updatedlogo 180X100,Vivi Updatedlogo 180X100,img_alt_text,B
3534,View Profile,View Profile,a_inner_text,A
3534,vivi,/investment-portfolio/vivi/,href,A
3535,View Profile,View Profile,a_inner_text,A
3535,vokes air group,/investment-portfolio/vokes-air-group/,href,A
3536,Vokes Air Logo,Vokes Air Logo,img_alt_text,B
3537,View Profile,View Profile,a_inner_text,A
3537,vokes air group,/investment-portfolio/vokes-air-group/,href,A
3538,View Profile,View Profile,a_inner_text,A
3538,wall street prep,/investment-portfolio/wall-street-prep/,href,A
3539,Weblogo Wallstreetprep 180X100,Weblogo Wallstreetprep 180X100,img_alt_text,B
3540,View Profile,View Profile,a_inner_text,A
3540,wall street prep,/investment-portfolio/wall-street-prep/,href,A
3541,View Profile,View Profile,a_inner_text,A
3541,waste service group,/investment-portfolio/waste-service-group/,href,A
3542,Waste Service Group Logo,Waste Service Group Logo,img_alt_text,B
3543,View Profile,View Profile,a_inner_text,A
3543,waste service group,/investment-portfolio/waste-service-group/,href,A
3544,View Profile,View Profile,a_inner_text,A
3544,water jel,/investment-portfolio/water-jel/,href,A
3545,WaterJel Logo,WaterJel Logo,img_alt_text,B
3546,View Profile,View Profile,a_inner_text,A
3546,water jel,/investment-portfolio/water-jel/,href,A
3547,View Profile,View Profile,a_inner_text,A
3547,welltec,/investment-portfolio/welltec/,href,A
3548,Welltec,Welltec,img_alt_text,B
3549,View Profile,View Profile,a_inner_text,A
3549,welltec,/investment-portfolio/welltec/,href,A
3550,View Profile,View Profile,a_inner_text,A
3550,whatcounts,/investment-portfolio/whatcounts/,href,A
3551,Whatcounts Logo,Whatcounts Logo,img_alt_text,B
3552,View Profile,View Profile,a_inner_text,A
3552,whatcounts,/investment-portfolio/whatcounts/,href,A
3553,View Profile,View Profile,a_inner_text,A
3553,whitney automotive group,/investment-portfolio/whitney-automotive-group/,href,A
3554,WAG Logo,WAG Logo,img_alt_text,B
3555,View Profile,View Profile,a_inner_text,A
3555,whitney automotive group,/investment-portfolio/whitney-automotive-group/,href,A
3556,View Profile,View Profile,a_inner_text,A
3556,wildlife international,/investment-portfolio/wildlife-international/,href,A
3557,Wildlife International Logo,Wildlife International Logo,img_alt_text,B
3558,View Profile,View Profile,a_inner_text,A
3558,wildlife international,/investment-portfolio/wildlife-international/,href,A
3559,View Profile,View Profile,a_inner_text,A
3559,wiz korea,/investment-portfolio/wiz-korea/,href,A
3560,WizIsland,WizIsland,img_alt_text,B
3561,View Profile,View Profile,a_inner_text,A
3561,wiz korea,/investment-portfolio/wiz-korea/,href,A
3562,View Profile,View Profile,a_inner_text,A
3562,wondr health,/investment-portfolio/wondr-health/,href,A
3563,Wondrhealth Weblogo,Wondrhealth Weblogo,img_alt_text,B
3564,View Profile,View Profile,a_inner_text,A
3564,wondr health,/investment-portfolio/wondr-health/,href,A
3565,View Profile,View Profile,a_inner_text,A
3565,work health group,/investment-portfolio/work-health-group/,href,A
3566,Work Health Group Logo,Work Health Group Logo,img_alt_text,B
3567,View Profile,View Profile,a_inner_text,A
3567,work health group,/investment-portfolio/work-health-group/,href,A
3568,View Profile,View Profile,a_inner_text,A
3568,workplace media,/investment-portfolio/workplace-media/,href,A
3569,WorkPlace Media Logo,WorkPlace Media Logo,img_alt_text,B
3570,View Profile,View Profile,a_inner_text,A
3570,workplace media,/investment-portfolio/workplace-media/,href,A
3571,View Profile,View Profile,a_inner_text,A
3571,workstride,/investment-portfolio/workstride/,href,A
3572,Workstride Logo,Workstride Logo,img_alt_text,B
3573,View Profile,View Profile,a_inner_text,A
3573,workstride,/investment-portfolio/workstride/,href,A
3574,View Profile,View Profile,a_inner_text,A
3574,xcentric,/investment-portfolio/xcentric/,href,A
3575,Xcentric Mold Logo,Xcentric Mold Logo,img_alt_text,B
3576,View Profile,View Profile,a_inner_text,A
3576,xcentric,/investment-portfolio/xcentric/,href,A
3577,View Profile,View Profile,a_inner_text,A
3577,y international,/investment-portfolio/y-international/,href,A
3578,Y'sRoad,Y'sRoad,img_alt_text,B
3579,View Profile,View Profile,a_inner_text,A
3579,y international,/investment-portfolio/y-international/,href,A
3580,View Profile,View Profile,a_inner_text,A
3580,yourmembership,/investment-portfolio/yourmembership/,href,A
3581,YourMembership Logo,YourMembership Logo,img_alt_text,B
3582,View Profile,View Profile,a_inner_text,A
3582,yourmembership,/investment-portfolio/yourmembership/,href,A
3583,View Profile,View Profile,a_inner_text,A
3583,yumearth,/investment-portfolio/yumearth/,href,A
3584,Yum Earth logo,Yum Earth logo,img_alt_text,B
3585,View Profile,View Profile,a_inner_text,A
3585,yumearth,/investment-portfolio/yumearth/,href,A
3586,View Profile,View Profile,a_inner_text,A
3586,zetkama,/investment-portfolio/zetkama/,href,A
3587,Zetkama Logo,Zetkama Logo,img_alt_text,B
3588,View Profile,View Profile,a_inner_text,A
3588,zetkama,/investment-portfolio/zetkama/,href,A
3589,View Profile,View Profile,a_inner_text,A
3589,ziflow,/investment-portfolio/ziflow/,href,A
3590,Ziflow Weblogo 180X100,Ziflow Weblogo 180X100,img_alt_text,B
3591,View Profile,View Profile,a_inner_text,A
3591,ziflow,/investment-portfolio/ziflow/,href,A
3592,View Profile,View Profile,a_inner_text,A
3592,zoobean,/investment-portfolio/zoobean/,href,A
3593,Weblogo Zoobean 180X100,Weblogo Zoobean 180X100,img_alt_text,B
3594,View Profile,View Profile,a_inner_text,A
3594,zoobean,/investment-portfolio/zoobean/,href,A
5620,media,/media/2hcbiged/riversidecompanylogotrademarked.gif?anchor=center&mode=crop&width=276&height=95&rnd=132151116773330000,image_src,I
5622,2hcbiged,/media/2hcbiged/riversidecompanylogotrademarked.gif?anchor=center&mode=crop&width=276&height=95&rnd=132151116773330000,image_src,I
5624,riversidecompanylogotrademarked,/media/2hcbiged/riversidecompanylogotrademarked.gif?anchor=center&mode=crop&width=276&height=95&rnd=132151116773330000,image_src,I
5626,media,/media/4yxbdq3n/icon_hunmanresources_blue.png?anchor=center&mode=crop&width=170&height=170&rnd=132140787107500000,image_src,I
5628,4yxbdq3n,/media/4yxbdq3n/icon_hunmanresources_blue.png?anchor=center&mode=crop&width=170&height=170&rnd=132140787107500000,image_src,I
5630,icon hunmanresources blue,/media/4yxbdq3n/icon_hunmanresources_blue.png?anchor=center&mode=crop&width=170&height=170&rnd=132140787107500000,image_src,I
5632,media,/media/gokfj2ve/icon_email_blue.png?anchor=center&mode=crop&width=170&height=170&rnd=132137697385930000,image_src,I
5634,gokfj2ve,/media/gokfj2ve/icon_email_blue.png?anchor=center&mode=crop&width=170&height=170&rnd=132137697385930000,image_src,I
5636,icon email blue,/media/gokfj2ve/icon_email_blue.png?anchor=center&mode=crop&width=170&height=170&rnd=132137697385930000,image_src,I
5638,media,/media/l0jktm0d/footer-logo.png?anchor=center&mode=crop&width=164&height=80&rnd=132082997777370000,image_src,I
5640,l0jktm0d,/media/l0jktm0d/footer-logo.png?anchor=center&mode=crop&width=164&height=80&rnd=132082997777370000,image_src,I
5642,footer logo,/media/l0jktm0d/footer-logo.png?anchor=center&mode=crop&width=164&height=80&rnd=132082997777370000,image_src,I
