card_id,text,raw_text,type,rank
0,Business Owners,Business Owners,a_inner_text,A
0,business owners,/business-owners/,href,C
1,Operating Strength,Operating Strength,a_inner_text,A
1,operating strength,/business-owners/operating-strength/,href,C
2,Select Growth Stories,Select Growth Stories,a_inner_text,A
2,select growth stories,/select-growth-stories/,href,C
3,Global Expansion,Global Expansion,a_inner_text,A
3,global expansion,/business-owners/global-expansion/,href,C
4,Sourcing Add-ons,Sourcing Add-ons,a_inner_text,A
4,sourcing add ons,/business-owners/sourcing-add-ons/,href,C
5,Riverside University,Riverside University,a_inner_text,A
5,riverside university,/business-owners/riverside-university/,href,C
6,Intermediaries,Intermediaries,a_inner_text,A
6,intermediaries,/intermediaries/,href,C
7,Investment Criteria,Investment Criteria,a_inner_text,A
7,investment criteria,/intermediaries/investment-criteria/,href,C
8,Add-on Criteria,Add-on Criteria,a_inner_text,A
8,investment portfolio,/investment-portfolio/?status=Add-on Criteria,href,C
9,Industries,Industries,a_inner_text,A
9,industries,/industries/,href,C
10,Business Services,Business Services,a_inner_text,A
10,business services,/industries/business-services/,href,C
11,Consumer,Consumer,a_inner_text,A
11,consumer,/industries/consumer/,href,C
12,Education & Training,Education & Training,a_inner_text,A
12,education training,/industries/education-training/,href,C
13,Franchisors,Franchisors,a_inner_text,A
13,franchisors,/industries/franchisors/,href,C
14,Healthcare,Healthcare,a_inner_text,A
14,healthcare,/industries/healthcare/,href,C
15,Software & IT,Software & IT,a_inner_text,A
15,software it,/industries/software-it/,href,C
16,Specialty Manufacturing,Specialty Manufacturing,a_inner_text,A
16,specialty manufacturing,/industries/specialty-manufacturing/,href,C
17,Thematic Investing,Thematic Investing,a_inner_text,A
17,thematic investing,/industries/thematic-investing/,href,C
18,Who We Are,Who We Are,a_inner_text,A
18,who we are,/who-we-are/,href,C
19,Team,Team,a_inner_text,A
19,team,/team/,href,C
20,History,History,a_inner_text,A
20,history,/who-we-are/history/,href,C
21,Locations,Locations,a_inner_text,A
21,locations,/locations/,href,C
22,Culture,Culture,a_inner_text,A
22,culture,/who-we-are/culture/,href,C
23,Responsible Investing,Responsible Investing,a_inner_text,A
23,responsible investing,/who-we-are/responsible-investing/,href,C
24,Careers,Careers,a_inner_text,A
24,careers,/who-we-are/careers/,href,C
25,Diversity & Inclusion,Diversity & Inclusion,a_inner_text,A
25,diversity and inclusion,/who-we-are/diversity-and-inclusion/,href,C
26,Portfolio,Portfolio,a_inner_text,A
26,investment portfolio,/investment-portfolio/,href,C
27,Private Equity,Private Equity,a_inner_text,A
27,private equity,/private-equity/,href,C
28,Flexible Capital,Flexible Capital,a_inner_text,A
28,flexible capital,/flexible-capital/,href,C
29,Currents,Currents,a_inner_text,A
29,currents,/currents/,href,C
30,News Releases,News Releases,a_inner_text,A
30,currents,/currents/?category=News+Release,href,C
31,Spotlight Videos,Spotlight Videos,a_inner_text,A
31,currents,/currents/?category=Spotlight+Videos,href,C
32,Portfolio Login,Portfolio Login,a_inner_text,A
32,signin,https://portcoportal.riversidecompany.com/signin.aspx,href,C
33,Investor Login,Investor Login,a_inner_text,A
33,riversidecompany,https://riversidecompany.seiinvestorportal.com,href,D
34,LUX Investor Login,LUX Investor Login,a_inner_text,A
34,login,https://riversidelux.seiinvestorportal.com/coreauth/login,href,C
35,Linked In,Linked In,a_inner_text,A
35,the riverside company,https://www.linkedin.com/company/the-riverside-company/,href,B
36,Instagram,Instagram,a_inner_text,A
36,the riverside company,https://www.instagram.com/the_riverside_company/,href,C
37,Contact Us,Contact Us,a_inner_text,A
37,contact us,/contact-us/,href,C
38,Contact Us,Contact Us,a_inner_text,A
38,contact us,/contact-us/?inquiryType=Add-on Criteria Password,href,C
40,Home,Home,a_inner_text,A
40,riversidecompany,https://www.riversidecompany.com/,href,D
41,Grid,Grid,a_inner_text,A
41,,?view=grid,href,D
42,List,List,a_inner_text,A
42,,?view=list,href,D
43,Map,Map,a_inner_text,A
43,,?view=map,href,D
44,Clear Filters,Clear Filters,a_inner_text,A
44,,?view=,href,D
45,View Profile,View Profile,a_inner_text,A
45,a forall,/investment-portfolio/a-forall/,href,C
46,View Profile,View Profile,a_inner_text,A
46,abracon,/investment-portfolio/abracon/,href,C
47,View Profile,View Profile,a_inner_text,A
47,act test panels,/investment-portfolio/act-test-panels/,href,C
48,View Profile,View Profile,a_inner_text,A
48,actineo,/investment-portfolio/actineo/,href,C
49,View Profile,View Profile,a_inner_text,A
49,activstyle,/investment-portfolio/activstyle/,href,C
50,View Profile,View Profile,a_inner_text,A
50,adherehealth,/investment-portfolio/adherehealth/,href,C
51,View Profile,View Profile,a_inner_text,A
51,aerco,/investment-portfolio/aerco/,href,C
52,View Profile,View Profile,a_inner_text,A
52,affinitiv,/investment-portfolio/affinitiv/,href,C
53,View Profile,View Profile,a_inner_text,A
53,agens,/investment-portfolio/agens/,href,C
54,View Profile,View Profile,a_inner_text,A
54,agri max,/investment-portfolio/agri-max/,href,C
55,View Profile,View Profile,a_inner_text,A
55,aia corporation,/investment-portfolio/aia-corporation/,href,C
56,View Profile,View Profile,a_inner_text,A
56,airfocus,/investment-portfolio/airfocus/,href,C
57,View Profile,View Profile,a_inner_text,A
57,ais group,/investment-portfolio/ais-group/,href,C
58,View Profile,View Profile,a_inner_text,A
58,alchemy,/investment-portfolio/alchemy/,href,C
59,View Profile,View Profile,a_inner_text,A
59,alcohol monitoring systems,/investment-portfolio/alcohol-monitoring-systems/,href,C
60,View Profile,View Profile,a_inner_text,A
60,align networks,/investment-portfolio/align-networks/,href,C
61,View Profile,View Profile,a_inner_text,A
61,align ops,/investment-portfolio/align-ops/,href,C
62,View Profile,View Profile,a_inner_text,A
62,alpha h,/investment-portfolio/alpha-h/,href,C
63,View Profile,View Profile,a_inner_text,A
63,alsana,/investment-portfolio/alsana/,href,C
64,View Profile,View Profile,a_inner_text,A
64,altius group,/investment-portfolio/altius-group/,href,C
65,View Profile,View Profile,a_inner_text,A
65,american electronic components,/investment-portfolio/american-electronic-components/,href,C
66,View Profile,View Profile,a_inner_text,A
66,american hospice,/investment-portfolio/american-hospice/,href,C
67,View Profile,View Profile,a_inner_text,A
67,american products company,/investment-portfolio/american-products-company/,href,C
68,View Profile,View Profile,a_inner_text,A
68,american stock transfer trust company,/investment-portfolio/american-stock-transfer-trust-company/,href,C
69,View Profile,View Profile,a_inner_text,A
69,anitox,/investment-portfolio/anitox/,href,C
70,View Profile,View Profile,a_inner_text,A
70,apica,/investment-portfolio/apica/,href,C
71,View Profile,View Profile,a_inner_text,A
71,apollo interactive,/investment-portfolio/apollo-interactive/,href,C
72,View Profile,View Profile,a_inner_text,A
72,aptivio,/investment-portfolio/aptivio/,href,C
73,View Profile,View Profile,a_inner_text,A
73,arcos i,/investment-portfolio/arcos-i/,href,C
74,View Profile,View Profile,a_inner_text,A
74,arcos ii,/investment-portfolio/arcos-ii/,href,C
75,View Profile,View Profile,a_inner_text,A
75,arena,/investment-portfolio/arena/,href,C
76,View Profile,View Profile,a_inner_text,A
76,arrowhead engineered products,/investment-portfolio/arrowhead-engineered-products/,href,C
77,View Profile,View Profile,a_inner_text,A
77,ati,/investment-portfolio/ati/,href,C
78,View Profile,View Profile,a_inner_text,A
78,autocorp ai inc,/investment-portfolio/autocorp-ai-inc/,href,C
79,View Profile,View Profile,a_inner_text,A
79,avance clinical,/investment-portfolio/avance-clinical/,href,C
80,View Profile,View Profile,a_inner_text,A
80,avatar solutions,/investment-portfolio/avatar-solutions/,href,C
81,View Profile,View Profile,a_inner_text,A
81,awp safety i,/investment-portfolio/awp-safety-i/,href,C
82,View Profile,View Profile,a_inner_text,A
82,awp safety ii,/investment-portfolio/awp-safety-ii/,href,C
83,View Profile,View Profile,a_inner_text,A
83,ax semantics,/investment-portfolio/ax-semantics/,href,C
84,View Profile,View Profile,a_inner_text,A
84,axiom automotive technologies,/investment-portfolio/axiom-automotive-technologies/,href,C
85,View Profile,View Profile,a_inner_text,A
85,baby jogger,/investment-portfolio/baby-jogger/,href,C
86,View Profile,View Profile,a_inner_text,A
86,baker hill,/investment-portfolio/baker-hill/,href,C
87,View Profile,View Profile,a_inner_text,A
87,be green packaging,/investment-portfolio/be-green-packaging/,href,C
88,View Profile,View Profile,a_inner_text,A
88,beaconmedaes,/investment-portfolio/beaconmedaes/,href,C
89,View Profile,View Profile,a_inner_text,A
89,benesys,/investment-portfolio/benesys/,href,C
90,View Profile,View Profile,a_inner_text,A
90,bentley laboratories,/investment-portfolio/bentley-laboratories/,href,C
91,View Profile,View Profile,a_inner_text,A
91,beonx,/investment-portfolio/beonx/,href,C
92,View Profile,View Profile,a_inner_text,A
92,best life brands,/investment-portfolio/best-life-brands/,href,C
93,View Profile,View Profile,a_inner_text,A
93,big think,/investment-portfolio/big-think/,href,C
94,View Profile,View Profile,a_inner_text,A
94,bike24 i,/investment-portfolio/bike24-i/,href,C
95,View Profile,View Profile,a_inner_text,A
95,bike24 ii,/investment-portfolio/bike24-ii/,href,C
96,View Profile,View Profile,a_inner_text,A
96,bionativa,/investment-portfolio/bionativa/,href,C
97,View Profile,View Profile,a_inner_text,A
97,blue microphones,/investment-portfolio/blue-microphones/,href,C
98,View Profile,View Profile,a_inner_text,A
98,bluefletch,/investment-portfolio/bluefletch/,href,C
99,View Profile,View Profile,a_inner_text,A
99,blueprint,/investment-portfolio/blueprint/,href,C
100,View Profile,View Profile,a_inner_text,A
100,bohemia interactive simulations,/investment-portfolio/bohemia-interactive-simulations/,href,C
101,View Profile,View Profile,a_inner_text,A
101,brandmuscle,/investment-portfolio/brandmuscle/,href,C
102,View Profile,View Profile,a_inner_text,A
102,brookson,/investment-portfolio/brookson/,href,C
103,View Profile,View Profile,a_inner_text,A
103,buildout inc,/investment-portfolio/buildout-inc/,href,C
104,View Profile,View Profile,a_inner_text,A
104,camelot education,/investment-portfolio/camelot-education/,href,C
105,View Profile,View Profile,a_inner_text,A
105,capol,/investment-portfolio/capol/,href,C
106,View Profile,View Profile,a_inner_text,A
106,caprock communications,/investment-portfolio/caprock-communications/,href,C
107,View Profile,View Profile,a_inner_text,A
107,caravelo,/investment-portfolio/caravelo/,href,C
108,View Profile,View Profile,a_inner_text,A
108,carborundum electrite,/investment-portfolio/carborundum-electrite/,href,C
109,View Profile,View Profile,a_inner_text,A
109,casavi,/investment-portfolio/casavi/,href,C
110,View Profile,View Profile,a_inner_text,A
110,causematch,/investment-portfolio/causematch/,href,C
111,View Profile,View Profile,a_inner_text,A
111,censis,/investment-portfolio/censis/,href,C
112,View Profile,View Profile,a_inner_text,A
112,certasite,/investment-portfolio/certasite/,href,C
113,View Profile,View Profile,a_inner_text,A
113,chronicle heritage,/investment-portfolio/chronicle-heritage/,href,C
114,View Profile,View Profile,a_inner_text,A
114,circlelink health,/investment-portfolio/circlelink-health/,href,C
115,View Profile,View Profile,a_inner_text,A
115,cis secure computing,/investment-portfolio/cis-secure-computing/,href,C
116,View Profile,View Profile,a_inner_text,A
116,clarus,/investment-portfolio/clarus/,href,C
117,View Profile,View Profile,a_inner_text,A
117,clayton group services,/investment-portfolio/clayton-group-services/,href,C
118,View Profile,View Profile,a_inner_text,A
118,clinical education alliance,/investment-portfolio/clinical-education-alliance/,href,C
119,View Profile,View Profile,a_inner_text,A
119,clockworks analytics,/investment-portfolio/clockworks-analytics/,href,C
120,View Profile,View Profile,a_inner_text,A
120,cloud factory,/investment-portfolio/cloud-factory/,href,C
121,View Profile,View Profile,a_inner_text,A
121,cloud range,/investment-portfolio/cloud-range/,href,C
122,View Profile,View Profile,a_inner_text,A
122,cloudlex,/investment-portfolio/cloudlex/,href,C
123,View Profile,View Profile,a_inner_text,A
123,cloudpermit,/investment-portfolio/cloudpermit/,href,C
124,View Profile,View Profile,a_inner_text,A
124,cmit solutions,/investment-portfolio/cmit-solutions/,href,C
125,View Profile,View Profile,a_inner_text,A
125,coeur,/investment-portfolio/coeur/,href,C
126,View Profile,View Profile,a_inner_text,A
126,commonwealth laminating coating,/investment-portfolio/commonwealth-laminating-coating/,href,C
127,View Profile,View Profile,a_inner_text,A
127,compleet,/investment-portfolio/compleet/,href,C
128,View Profile,View Profile,a_inner_text,A
128,computer press,/investment-portfolio/computer-press/,href,C
129,View Profile,View Profile,a_inner_text,A
129,connexient,/investment-portfolio/connexient/,href,C
130,View Profile,View Profile,a_inner_text,A
130,connor sport court international,/investment-portfolio/connor-sport-court-international/,href,C
131,View Profile,View Profile,a_inner_text,A
131,consensus,/investment-portfolio/consensus/,href,C
132,View Profile,View Profile,a_inner_text,A
132,contruent,/investment-portfolio/contruent/,href,C
133,View Profile,View Profile,a_inner_text,A
133,convertr,/investment-portfolio/convertr/,href,C
134,View Profile,View Profile,a_inner_text,A
134,corporate visions inc,/investment-portfolio/corporate-visions-inc/,href,C
135,View Profile,View Profile,a_inner_text,A
135,creditlogic,/investment-portfolio/creditlogic/,href,C
136,View Profile,View Profile,a_inner_text,A
136,crio,/investment-portfolio/crio/,href,C
137,View Profile,View Profile,a_inner_text,A
137,crisis prevention institute,/investment-portfolio/crisis-prevention-institute/,href,C
138,View Profile,View Profile,a_inner_text,A
138,cryptomathic,/investment-portfolio/cryptomathic/,href,C
139,View Profile,View Profile,a_inner_text,A
139,customergauge,/investment-portfolio/customergauge/,href,C
140,View Profile,View Profile,a_inner_text,A
140,cyber guru,/investment-portfolio/cyber-guru/,href,C
141,View Profile,View Profile,a_inner_text,A
141,cybersaint security,/investment-portfolio/cybersaint-security/,href,C
142,View Profile,View Profile,a_inner_text,A
142,dastex,/investment-portfolio/dastex/,href,C
143,View Profile,View Profile,a_inner_text,A
143,dawgs,/investment-portfolio/dawgs/,href,C
144,View Profile,View Profile,a_inner_text,A
144,dcm asia,/investment-portfolio/dcm-asia/,href,C
145,View Profile,View Profile,a_inner_text,A
145,deck commerce,/investment-portfolio/deck-commerce/,href,C
146,View Profile,View Profile,a_inner_text,A
146,decusoft,/investment-portfolio/decusoft/,href,C
147,View Profile,View Profile,a_inner_text,A
147,delaget,/investment-portfolio/delaget/,href,C
148,View Profile,View Profile,a_inner_text,A
148,delta petroleum company,/investment-portfolio/delta-petroleum-company/,href,C
149,View Profile,View Profile,a_inner_text,A
149,dentalplans,/investment-portfolio/dentalplans/,href,C
150,View Profile,View Profile,a_inner_text,A
150,dhd healthcare,/investment-portfolio/dhd-healthcare/,href,C
151,View Profile,View Profile,a_inner_text,A
151,diatron group,/investment-portfolio/diatron-group/,href,C
152,View Profile,View Profile,a_inner_text,A
152,digital technology international,/investment-portfolio/digital-technology-international/,href,C
153,View Profile,View Profile,a_inner_text,A
153,dingo,/investment-portfolio/dingo/,href,C
154,View Profile,View Profile,a_inner_text,A
154,disa global solutions,/investment-portfolio/disa-global-solutions/,href,C
155,View Profile,View Profile,a_inner_text,A
155,doctor com,/investment-portfolio/doctor-com/,href,C
156,View Profile,View Profile,a_inner_text,A
156,dpa microphones,/investment-portfolio/dpa-microphones/,href,C
157,View Profile,View Profile,a_inner_text,A
157,dubois i,/investment-portfolio/dubois-i/,href,C
158,View Profile,View Profile,a_inner_text,A
158,dubois ii,/investment-portfolio/dubois-ii/,href,C
159,View Profile,View Profile,a_inner_text,A
159,dynojet research,/investment-portfolio/dynojet-research/,href,C
160,View Profile,View Profile,a_inner_text,A
160,e a scheer,/investment-portfolio/e-a-scheer/,href,C
161,View Profile,View Profile,a_inner_text,A
161,eemax,/investment-portfolio/eemax/,href,C
162,View Profile,View Profile,a_inner_text,A
162,elite sportswear,/investment-portfolio/elite-sportswear/,href,C
163,View Profile,View Profile,a_inner_text,A
163,em test,/investment-portfolio/em-test/,href,C
164,View Profile,View Profile,a_inner_text,A
164,emergency communications network,/investment-portfolio/emergency-communications-network/,href,C
165,View Profile,View Profile,a_inner_text,A
165,energy exemplar,/investment-portfolio/energy-exemplar/,href,C
166,View Profile,View Profile,a_inner_text,A
166,enhatch,/investment-portfolio/enhatch/,href,C
167,View Profile,View Profile,a_inner_text,A
167,entrix,/investment-portfolio/entrix/,href,C
168,View Profile,View Profile,a_inner_text,A
168,epco,/investment-portfolio/epco/,href,C
169,View Profile,View Profile,a_inner_text,A
169,epilot,/investment-portfolio/epilot/,href,C
170,View Profile,View Profile,a_inner_text,A
170,essential compositions,/investment-portfolio/essential-compositions/,href,C
171,View Profile,View Profile,a_inner_text,A
171,euromed,/investment-portfolio/euromed/,href,C
172,View Profile,View Profile,a_inner_text,A
172,eventsair,/investment-portfolio/eventsair/,href,C
173,View Profile,View Profile,a_inner_text,A
173,eversmith brands,/investment-portfolio/eversmith-brands/,href,C
174,View Profile,View Profile,a_inner_text,A
174,everway i,/investment-portfolio/everway-i/,href,C
175,View Profile,View Profile,a_inner_text,A
175,everway ii,/investment-portfolio/everway-ii/,href,C
176,View Profile,View Profile,a_inner_text,A
176,evive brands,/investment-portfolio/evive-brands/,href,C
177,View Profile,View Profile,a_inner_text,A
177,execvision,/investment-portfolio/execvision/,href,C
178,View Profile,View Profile,a_inner_text,A
178,experient,/investment-portfolio/experient/,href,C
179,View Profile,View Profile,a_inner_text,A
179,expion health,/investment-portfolio/expion-health/,href,C
180,View Profile,View Profile,a_inner_text,A
180,express,/investment-portfolio/express/,href,C
181,View Profile,View Profile,a_inner_text,A
181,fadata,/investment-portfolio/fadata/,href,C
182,View Profile,View Profile,a_inner_text,A
182,fairpay solutions,/investment-portfolio/fairpay-solutions/,href,C
183,View Profile,View Profile,a_inner_text,A
183,fielo,/investment-portfolio/fielo/,href,C
184,View Profile,View Profile,a_inner_text,A
184,fisher unitech,/investment-portfolio/fisher-unitech/,href,C
185,View Profile,View Profile,a_inner_text,A
185,fla orthopedics,/investment-portfolio/fla-orthopedics/,href,C
186,View Profile,View Profile,a_inner_text,A
186,flavorsum,/investment-portfolio/flavorsum/,href,C
187,View Profile,View Profile,a_inner_text,A
187,foodstate,/investment-portfolio/foodstate/,href,C
188,View Profile,View Profile,a_inner_text,A
188,freeeway,/investment-portfolio/freeeway/,href,C
189,View Profile,View Profile,a_inner_text,A
189,freightwise,/investment-portfolio/freightwise/,href,C
190,View Profile,View Profile,a_inner_text,A
190,further,/investment-portfolio/further/,href,C
191,View Profile,View Profile,a_inner_text,A
191,future metals,/investment-portfolio/future-metals/,href,C
192,View Profile,View Profile,a_inner_text,A
192,g a partners,/investment-portfolio/g-a-partners/,href,C
193,View Profile,View Profile,a_inner_text,A
193,g h orthodontics,/investment-portfolio/g-h-orthodontics/,href,C
194,View Profile,View Profile,a_inner_text,A
194,galvanina,/investment-portfolio/galvanina/,href,C
195,View Profile,View Profile,a_inner_text,A
195,gastromatic,/investment-portfolio/gastromatic/,href,C
196,View Profile,View Profile,a_inner_text,A
196,gfos,/investment-portfolio/gfos/,href,C
197,View Profile,View Profile,a_inner_text,A
197,global claims services,/investment-portfolio/global-claims-services/,href,C
198,View Profile,View Profile,a_inner_text,A
198,global orthopaedic technologies,/investment-portfolio/global-orthopaedic-technologies/,href,C
199,View Profile,View Profile,a_inner_text,A
199,goby,/investment-portfolio/goby/,href,C
200,View Profile,View Profile,a_inner_text,A
200,goreact,/investment-portfolio/goreact/,href,C
201,View Profile,View Profile,a_inner_text,A
201,grace hill,/investment-portfolio/grace-hill/,href,C
202,View Profile,View Profile,a_inner_text,A
202,gravitee,/investment-portfolio/gravitee/,href,C
203,View Profile,View Profile,a_inner_text,A
203,greenline foods,/investment-portfolio/greenline-foods/,href,C
204,View Profile,View Profile,a_inner_text,A
204,greenphire,/investment-portfolio/greenphire/,href,C
205,View Profile,View Profile,a_inner_text,A
205,gti diagnostics,/investment-portfolio/gti-diagnostics/,href,C
206,View Profile,View Profile,a_inner_text,A
206,guestline,/investment-portfolio/guestline/,href,C
207,View Profile,View Profile,a_inner_text,A
207,hammerblow towing systems,/investment-portfolio/hammerblow-towing-systems/,href,C
208,View Profile,View Profile,a_inner_text,A
208,hapana,/investment-portfolio/hapana/,href,C
209,View Profile,View Profile,a_inner_text,A
209,hardware resources,/investment-portfolio/hardware-resources/,href,C
210,View Profile,View Profile,a_inner_text,A
210,harvey performance company,/investment-portfolio/harvey-performance-company/,href,C
211,View Profile,View Profile,a_inner_text,A
211,hcpro,/investment-portfolio/hcpro/,href,C
212,View Profile,View Profile,a_inner_text,A
212,h d advanced manufacturing,/investment-portfolio/h-d-advanced-manufacturing/,href,C
213,View Profile,View Profile,a_inner_text,A
213,head to toe brands,/investment-portfolio/head-to-toe-brands/,href,C
214,View Profile,View Profile,a_inner_text,A
214,health safety institute i,/investment-portfolio/health-safety-institute-i/,href,C
215,View Profile,View Profile,a_inner_text,A
215,health safety institute ii,/investment-portfolio/health-safety-institute-ii/,href,C
216,View Profile,View Profile,a_inner_text,A
216,healthcarefirst,/investment-portfolio/healthcarefirst/,href,C
217,View Profile,View Profile,a_inner_text,A
217,healthtech,/investment-portfolio/healthtech/,href,C
218,View Profile,View Profile,a_inner_text,A
218,herbthyme,/investment-portfolio/herbthyme/,href,C
219,View Profile,View Profile,a_inner_text,A
219,heydata,/investment-portfolio/heydata/,href,C
220,View Profile,View Profile,a_inner_text,A
220,hiway group,/investment-portfolio/hiway-group/,href,C
221,View Profile,View Profile,a_inner_text,A
221,hmi,/investment-portfolio/hmi/,href,C
222,View Profile,View Profile,a_inner_text,A
222,hr soft,/investment-portfolio/hr-soft/,href,C
223,View Profile,View Profile,a_inner_text,A
223,hra pharma,/investment-portfolio/hra-pharma/,href,C
224,View Profile,View Profile,a_inner_text,A
224,hudson sharp,/investment-portfolio/hudson-sharp/,href,C
225,View Profile,View Profile,a_inner_text,A
225,hydrocorp,/investment-portfolio/hydrocorp/,href,C
226,View Profile,View Profile,a_inner_text,A
226,iautomation,/investment-portfolio/iautomation/,href,C
227,View Profile,View Profile,a_inner_text,A
227,icev,/investment-portfolio/icev/,href,C
228,View Profile,View Profile,a_inner_text,A
228,ideoclick,/investment-portfolio/ideoclick/,href,C
229,View Profile,View Profile,a_inner_text,A
229,ideon,/investment-portfolio/ideon/,href,C
230,View Profile,View Profile,a_inner_text,A
230,idoc,/investment-portfolio/idoc/,href,C
231,View Profile,View Profile,a_inner_text,A
231,ifs group,/investment-portfolio/ifs-group/,href,C
232,View Profile,View Profile,a_inner_text,A
232,il pastaio di brescia,/investment-portfolio/il-pastaio-di-brescia/,href,C
233,View Profile,View Profile,a_inner_text,A
233,impact xm,/investment-portfolio/impact-xm/,href,C
234,View Profile,View Profile,a_inner_text,A
234,independent living specialists,/investment-portfolio/independent-living-specialists/,href,C
235,View Profile,View Profile,a_inner_text,A
235,inscape publishing,/investment-portfolio/inscape-publishing/,href,C
236,View Profile,View Profile,a_inner_text,A
236,insurance claims management,/investment-portfolio/insurance-claims-management/,href,C
237,View Profile,View Profile,a_inner_text,A
237,integrated power services,/investment-portfolio/integrated-power-services/,href,C
238,View Profile,View Profile,a_inner_text,A
238,intrepid networks,/investment-portfolio/intrepid-networks/,href,C
239,View Profile,View Profile,a_inner_text,A
239,invita,/investment-portfolio/invita/,href,C
240,View Profile,View Profile,a_inner_text,A
240,ironedge,/investment-portfolio/ironedge/,href,C
241,View Profile,View Profile,a_inner_text,A
241,it s just lunch,/investment-portfolio/it-s-just-lunch/,href,C
242,View Profile,View Profile,a_inner_text,A
242,junior sports corporation,/investment-portfolio/junior-sports-corporation/,href,C
243,View Profile,View Profile,a_inner_text,A
243,justrite manufacturing company,/investment-portfolio/justrite-manufacturing-company/,href,C
244,View Profile,View Profile,a_inner_text,A
244,kasasa,/investment-portfolio/kasasa/,href,C
245,View Profile,View Profile,a_inner_text,A
245,kaseware,/investment-portfolio/kaseware/,href,C
246,View Profile,View Profile,a_inner_text,A
246,keepsake quilting,/investment-portfolio/keepsake-quilting/,href,C
247,View Profile,View Profile,a_inner_text,A
247,keona health,/investment-portfolio/keona-health/,href,C
248,View Profile,View Profile,a_inner_text,A
248,keycast,/investment-portfolio/keycast/,href,C
249,View Profile,View Profile,a_inner_text,A
249,keymile,/investment-portfolio/keymile/,href,C
250,View Profile,View Profile,a_inner_text,A
250,kfm,/investment-portfolio/kfm/,href,C
251,View Profile,View Profile,a_inner_text,A
251,lacuna solutions,/investment-portfolio/lacuna-solutions/,href,C
252,View Profile,View Profile,a_inner_text,A
252,lakeview health,/investment-portfolio/lakeview-health/,href,C
253,View Profile,View Profile,a_inner_text,A
253,l com,/investment-portfolio/l-com/,href,C
254,View Profile,View Profile,a_inner_text,A
254,learning seat,/investment-portfolio/learning-seat/,href,C
255,View Profile,View Profile,a_inner_text,A
255,leftshift,/investment-portfolio/leftshift/,href,C
256,View Profile,View Profile,a_inner_text,A
256,lexipol i,/investment-portfolio/lexipol-i/,href,C
257,View Profile,View Profile,a_inner_text,A
257,lexipol ii,/investment-portfolio/lexipol-ii/,href,C
258,View Profile,View Profile,a_inner_text,A
258,lillebaby,/investment-portfolio/lillebaby/,href,C
259,View Profile,View Profile,a_inner_text,A
259,lmg holdings inc,/investment-portfolio/lmg-holdings-inc/,href,C
260,View Profile,View Profile,a_inner_text,A
260,loadstop,/investment-portfolio/loadstop/,href,C
261,View Profile,View Profile,a_inner_text,A
261,localtel,/investment-portfolio/localtel/,href,C
262,View Profile,View Profile,a_inner_text,A
262,logically,/investment-portfolio/logically/,href,C
263,View Profile,View Profile,a_inner_text,A
263,london s farm dairy,/investment-portfolio/london-s-farm-dairy/,href,C
264,View Profile,View Profile,a_inner_text,A
264,loop tie,/investment-portfolio/loop-tie/,href,C
265,View Profile,View Profile,a_inner_text,A
265,lumen dynamics group,/investment-portfolio/lumen-dynamics-group/,href,C
266,View Profile,View Profile,a_inner_text,A
266,marena group,/investment-portfolio/marena-group/,href,C
267,View Profile,View Profile,a_inner_text,A
267,marketmuse,/investment-portfolio/marketmuse/,href,C
268,View Profile,View Profile,a_inner_text,A
268,maverick,/investment-portfolio/maverick/,href,C
269,View Profile,View Profile,a_inner_text,A
269,mec3,/investment-portfolio/mec3/,href,C
270,View Profile,View Profile,a_inner_text,A
270,media source,/investment-portfolio/media-source/,href,C
271,View Profile,View Profile,a_inner_text,A
271,mediafly,/investment-portfolio/mediafly/,href,C
272,View Profile,View Profile,a_inner_text,A
272,megachemie,/investment-portfolio/megachemie/,href,C
273,View Profile,View Profile,a_inner_text,A
273,merit industries,/investment-portfolio/merit-industries/,href,C
274,View Profile,View Profile,a_inner_text,A
274,mifam,/investment-portfolio/mifam/,href,C
275,View Profile,View Profile,a_inner_text,A
275,mintra,/investment-portfolio/mintra/,href,C
276,View Profile,View Profile,a_inner_text,A
276,mk chimney systems,/investment-portfolio/mk-chimney-systems/,href,C
277,View Profile,View Profile,a_inner_text,A
277,mlcoa,/investment-portfolio/mlcoa/,href,C
278,View Profile,View Profile,a_inner_text,A
278,mmg fusion,/investment-portfolio/mmg-fusion/,href,C
279,View Profile,View Profile,a_inner_text,A
279,mnx,/investment-portfolio/mnx/,href,C
280,View Profile,View Profile,a_inner_text,A
280,modern campus,/investment-portfolio/modern-campus/,href,C
281,View Profile,View Profile,a_inner_text,A
281,modern hire,/investment-portfolio/modern-hire/,href,C
282,View Profile,View Profile,a_inner_text,A
282,momentum group i,/investment-portfolio/momentum-group-i/,href,C
283,View Profile,View Profile,a_inner_text,A
283,momentum group ii,/investment-portfolio/momentum-group-ii/,href,C
284,View Profile,View Profile,a_inner_text,A
284,monessen,/investment-portfolio/monessen/,href,C
285,View Profile,View Profile,a_inner_text,A
285,montel,/investment-portfolio/montel/,href,C
286,View Profile,View Profile,a_inner_text,A
286,moss,/investment-portfolio/moss/,href,C
287,View Profile,View Profile,a_inner_text,A
287,mw industries,/investment-portfolio/mw-industries/,href,C
288,View Profile,View Profile,a_inner_text,A
288,myskillcamp,/investment-portfolio/myskillcamp/,href,C
289,View Profile,View Profile,a_inner_text,A
289,naka,/investment-portfolio/naka/,href,C
290,View Profile,View Profile,a_inner_text,A
290,navex global,/investment-portfolio/navex-global/,href,C
291,View Profile,View Profile,a_inner_text,A
291,navigate360,/investment-portfolio/navigate360/,href,C
292,View Profile,View Profile,a_inner_text,A
292,neighborly,/investment-portfolio/neighborly/,href,C
293,View Profile,View Profile,a_inner_text,A
293,netwatch group,/investment-portfolio/netwatch-group/,href,C
294,View Profile,View Profile,a_inner_text,A
294,nordco,/investment-portfolio/nordco/,href,C
295,View Profile,View Profile,a_inner_text,A
295,north american dental group,/investment-portfolio/north-american-dental-group/,href,C
296,View Profile,View Profile,a_inner_text,A
296,novamed,/investment-portfolio/novamed/,href,C
297,View Profile,View Profile,a_inner_text,A
297,npc,/investment-portfolio/npc/,href,C
298,View Profile,View Profile,a_inner_text,A
298,nustef baking,/investment-portfolio/nustef-baking/,href,C
299,View Profile,View Profile,a_inner_text,A
299,oaky,/investment-portfolio/oaky/,href,C
300,View Profile,View Profile,a_inner_text,A
300,olympic boat centers,/investment-portfolio/olympic-boat-centers/,href,C
301,View Profile,View Profile,a_inner_text,A
301,omnigo software,/investment-portfolio/omnigo-software/,href,C
302,View Profile,View Profile,a_inner_text,A
302,on location,/investment-portfolio/on-location/,href,C
303,View Profile,View Profile,a_inner_text,A
303,oncourse learning,/investment-portfolio/oncourse-learning/,href,C
304,View Profile,View Profile,a_inner_text,A
304,oni communications,/investment-portfolio/oni-communications/,href,C
305,View Profile,View Profile,a_inner_text,A
305,onscent,/investment-portfolio/onscent/,href,C
306,View Profile,View Profile,a_inner_text,A
306,oomnitza,/investment-portfolio/oomnitza/,href,C
307,View Profile,View Profile,a_inner_text,A
307,orliman,/investment-portfolio/orliman/,href,C
308,View Profile,View Profile,a_inner_text,A
308,orthod,/investment-portfolio/orthod/,href,C
309,View Profile,View Profile,a_inner_text,A
309,outsolve,/investment-portfolio/outsolve/,href,C
310,View Profile,View Profile,a_inner_text,A
310,outward hound,/investment-portfolio/outward-hound/,href,C
311,View Profile,View Profile,a_inner_text,A
311,ownlocal,/investment-portfolio/ownlocal/,href,C
312,View Profile,View Profile,a_inner_text,A
312,paradigm tax group,/investment-portfolio/paradigm-tax-group/,href,C
313,View Profile,View Profile,a_inner_text,A
313,pareto,/investment-portfolio/pareto/,href,C
314,View Profile,View Profile,a_inner_text,A
314,parker food group,/investment-portfolio/parker-food-group/,href,C
315,View Profile,View Profile,a_inner_text,A
315,partium,/investment-portfolio/partium/,href,C
316,View Profile,View Profile,a_inner_text,A
316,patronmanager,/investment-portfolio/patronmanager/,href,C
317,View Profile,View Profile,a_inner_text,A
317,peak,/investment-portfolio/peak/,href,C
318,View Profile,View Profile,a_inner_text,A
318,peerspot,/investment-portfolio/peerspot/,href,C
319,View Profile,View Profile,a_inner_text,A
319,peoplegrove,/investment-portfolio/peoplegrove/,href,C
320,View Profile,View Profile,a_inner_text,A
320,performance systems integration,/investment-portfolio/performance-systems-integration/,href,C
321,View Profile,View Profile,a_inner_text,A
321,pfb corporation,/investment-portfolio/pfb-corporation/,href,C
322,View Profile,View Profile,a_inner_text,A
322,polar windows,/investment-portfolio/polar-windows/,href,C
323,View Profile,View Profile,a_inner_text,A
323,ppc insulators,/investment-portfolio/ppc-insulators/,href,C
324,View Profile,View Profile,a_inner_text,A
324,precision wire components,/investment-portfolio/precision-wire-components/,href,C
325,View Profile,View Profile,a_inner_text,A
325,primalex,/investment-portfolio/primalex/,href,C
326,View Profile,View Profile,a_inner_text,A
326,production control services,/investment-portfolio/production-control-services/,href,C
327,View Profile,View Profile,a_inner_text,A
327,profitsystems,/investment-portfolio/profitsystems/,href,C
328,View Profile,View Profile,a_inner_text,A
328,propensity,/investment-portfolio/propensity/,href,C
329,View Profile,View Profile,a_inner_text,A
329,prosites,/investment-portfolio/prosites/,href,C
330,View Profile,View Profile,a_inner_text,A
330,pro vigil,/investment-portfolio/pro-vigil/,href,C
331,View Profile,View Profile,a_inner_text,A
331,purple,/investment-portfolio/purple/,href,C
332,View Profile,View Profile,a_inner_text,A
332,pypestream,/investment-portfolio/pypestream/,href,C
333,View Profile,View Profile,a_inner_text,A
333,qualserv,/investment-portfolio/qualserv/,href,C
334,View Profile,View Profile,a_inner_text,A
334,quivers,/investment-portfolio/quivers/,href,C
335,View Profile,View Profile,a_inner_text,A
335,rameder,/investment-portfolio/rameder/,href,C
336,View Profile,View Profile,a_inner_text,A
336,readyset surgical,/investment-portfolio/readyset-surgical/,href,C
337,View Profile,View Profile,a_inner_text,A
337,recovery point,/investment-portfolio/recovery-point/,href,C
338,View Profile,View Profile,a_inner_text,A
338,red nucleus,/investment-portfolio/red-nucleus/,href,C
339,View Profile,View Profile,a_inner_text,A
339,redteam,/investment-portfolio/redteam/,href,C
340,View Profile,View Profile,a_inner_text,A
340,reima,/investment-portfolio/reima/,href,C
341,View Profile,View Profile,a_inner_text,A
341,relay fire and safety,/investment-portfolio/relay-fire-and-safety/,href,C
342,View Profile,View Profile,a_inner_text,A
342,repa,/investment-portfolio/repa/,href,C
343,View Profile,View Profile,a_inner_text,A
343,results weight loss,/investment-portfolio/results-weight-loss/,href,C
344,View Profile,View Profile,a_inner_text,A
344,retail zoo,/investment-portfolio/retail-zoo/,href,C
345,View Profile,View Profile,a_inner_text,A
345,revegy,/investment-portfolio/revegy/,href,C
346,View Profile,View Profile,a_inner_text,A
346,revtrax,/investment-portfolio/revtrax/,href,C
347,View Profile,View Profile,a_inner_text,A
347,richter chemie technik,/investment-portfolio/richter-chemie-technik/,href,C
348,View Profile,View Profile,a_inner_text,A
348,rutland group,/investment-portfolio/rutland-group/,href,C
349,View Profile,View Profile,a_inner_text,A
349,safebuilt,/investment-portfolio/safebuilt/,href,C
350,View Profile,View Profile,a_inner_text,A
350,salgglas,/investment-portfolio/salgglas/,href,C
351,View Profile,View Profile,a_inner_text,A
351,screenvision media,/investment-portfolio/screenvision-media/,href,C
352,View Profile,View Profile,a_inner_text,A
352,seatex,/investment-portfolio/seatex/,href,C
353,View Profile,View Profile,a_inner_text,A
353,selig sealing products,/investment-portfolio/selig-sealing-products/,href,C
354,View Profile,View Profile,a_inner_text,A
354,sencore,/investment-portfolio/sencore/,href,C
355,View Profile,View Profile,a_inner_text,A
355,sentinel,/investment-portfolio/sentinel/,href,C
356,View Profile,View Profile,a_inner_text,A
356,sevdesk,/investment-portfolio/sevdesk/,href,C
357,View Profile,View Profile,a_inner_text,A
357,shinsouki,/investment-portfolio/shinsouki/,href,C
358,View Profile,View Profile,a_inner_text,A
358,showd me,/investment-portfolio/showd-me/,href,C
359,View Profile,View Profile,a_inner_text,A
359,siffron,/investment-portfolio/siffron/,href,C
360,View Profile,View Profile,a_inner_text,A
360,sigg,/investment-portfolio/sigg/,href,C
361,View Profile,View Profile,a_inner_text,A
361,simcro,/investment-portfolio/simcro/,href,C
362,View Profile,View Profile,a_inner_text,A
362,smartways 1,/investment-portfolio/smartways-1/,href,C
363,View Profile,View Profile,a_inner_text,A
363,soluta inc and boon chapman benefit administrators inc,/investment-portfolio/soluta-inc-and-boon-chapman-benefit-administrators-inc/,href,C
364,View Profile,View Profile,a_inner_text,A
364,soothe,/investment-portfolio/soothe/,href,C
365,View Profile,View Profile,a_inner_text,A
365,south florida newspaper network,/investment-portfolio/south-florida-newspaper-network/,href,C
366,View Profile,View Profile,a_inner_text,A
366,specialized medical services,/investment-portfolio/specialized-medical-services/,href,C
367,View Profile,View Profile,a_inner_text,A
367,spectrio,/investment-portfolio/spectrio/,href,C
368,View Profile,View Profile,a_inner_text,A
368,spirion,/investment-portfolio/spirion/,href,C
369,View Profile,View Profile,a_inner_text,A
369,spofadental,/investment-portfolio/spofadental/,href,C
370,View Profile,View Profile,a_inner_text,A
370,sportsrecruits,/investment-portfolio/sportsrecruits/,href,C
371,View Profile,View Profile,a_inner_text,A
371,squirro,/investment-portfolio/squirro/,href,C
372,View Profile,View Profile,a_inner_text,A
372,stemlab,/investment-portfolio/stemlab/,href,C
373,View Profile,View Profile,a_inner_text,A
373,stoffel seals,/investment-portfolio/stoffel-seals/,href,C
374,View Profile,View Profile,a_inner_text,A
374,suitepad,/investment-portfolio/suitepad/,href,C
375,View Profile,View Profile,a_inner_text,A
375,sunless inc,/investment-portfolio/sunless-inc/,href,C
376,View Profile,View Profile,a_inner_text,A
376,sunrise windows,/investment-portfolio/sunrise-windows/,href,C
377,View Profile,View Profile,a_inner_text,A
377,surewerx,/investment-portfolio/surewerx/,href,C
378,View Profile,View Profile,a_inner_text,A
378,swedish education group,/investment-portfolio/swedish-education-group/,href,C
379,View Profile,View Profile,a_inner_text,A
379,sytrue,/investment-portfolio/sytrue/,href,C
380,View Profile,View Profile,a_inner_text,A
380,t3 services group,/investment-portfolio/t3-services-group/,href,C
381,View Profile,View Profile,a_inner_text,A
381,tate s bake shop,/investment-portfolio/tate-s-bake-shop/,href,C
382,View Profile,View Profile,a_inner_text,A
382,team technologies,/investment-portfolio/team-technologies/,href,C
383,View Profile,View Profile,a_inner_text,A
383,tensator,/investment-portfolio/tensator/,href,C
384,View Profile,View Profile,a_inner_text,A
384,teufel,/investment-portfolio/teufel/,href,C
385,View Profile,View Profile,a_inner_text,A
385,the derm group,/investment-portfolio/the-derm-group/,href,C
386,View Profile,View Profile,a_inner_text,A
386,the dwyer group i,/investment-portfolio/the-dwyer-group-i/,href,C
387,View Profile,View Profile,a_inner_text,A
387,the dwyer group ii,/investment-portfolio/the-dwyer-group-ii/,href,C
388,View Profile,View Profile,a_inner_text,A
388,the healthea group,/investment-portfolio/the-healthea-group/,href,C
389,View Profile,View Profile,a_inner_text,A
389,the townsend group,/investment-portfolio/the-townsend-group/,href,C
390,View Profile,View Profile,a_inner_text,A
390,the vomela companies,/investment-portfolio/the-vomela-companies/,href,C
391,View Profile,View Profile,a_inner_text,A
391,thibaut,/investment-portfolio/thibaut/,href,C
392,View Profile,View Profile,a_inner_text,A
392,thinktank,/investment-portfolio/thinktank/,href,C
393,View Profile,View Profile,a_inner_text,A
393,threatmark inc,/investment-portfolio/threatmark-inc/,href,C
394,View Profile,View Profile,a_inner_text,A
394,threshold brands,/investment-portfolio/threshold-brands/,href,C
395,View Profile,View Profile,a_inner_text,A
395,todaytix,/investment-portfolio/todaytix/,href,C
396,View Profile,View Profile,a_inner_text,A
396,toolport,/investment-portfolio/toolport/,href,C
397,View Profile,View Profile,a_inner_text,A
397,transporeon,/investment-portfolio/transporeon/,href,C
398,View Profile,View Profile,a_inner_text,A
398,trend technologies,/investment-portfolio/trend-technologies/,href,C
399,View Profile,View Profile,a_inner_text,A
399,tropikal pet,/investment-portfolio/tropikal-pet/,href,C
400,View Profile,View Profile,a_inner_text,A
400,true health group,/investment-portfolio/true-health-group/,href,C
401,View Profile,View Profile,a_inner_text,A
401,trustwell,/investment-portfolio/trustwell/,href,C
402,View Profile,View Profile,a_inner_text,A
402,turtl,/investment-portfolio/turtl/,href,C
403,View Profile,View Profile,a_inner_text,A
403,typsy,/investment-portfolio/typsy/,href,C
404,View Profile,View Profile,a_inner_text,A
404,uinta brewing company,/investment-portfolio/uinta-brewing-company/,href,C
405,View Profile,View Profile,a_inner_text,A
405,ultravolt,/investment-portfolio/ultravolt/,href,C
406,View Profile,View Profile,a_inner_text,A
406,unifocus,/investment-portfolio/unifocus/,href,C
407,View Profile,View Profile,a_inner_text,A
407,unipac,/investment-portfolio/unipac/,href,C
408,View Profile,View Profile,a_inner_text,A
408,united central industrial supply,/investment-portfolio/united-central-industrial-supply/,href,C
409,View Profile,View Profile,a_inner_text,A
409,universal air filter,/investment-portfolio/universal-air-filter/,href,C
410,View Profile,View Profile,a_inner_text,A
410,us cabinet depot,/investment-portfolio/us-cabinet-depot/,href,C
411,View Profile,View Profile,a_inner_text,A
411,veritext,/investment-portfolio/veritext/,href,C
412,View Profile,View Profile,a_inner_text,A
412,viking plastics,/investment-portfolio/viking-plastics/,href,C
413,View Profile,View Profile,a_inner_text,A
413,vitex packaging group,/investment-portfolio/vitex-packaging-group/,href,C
414,View Profile,View Profile,a_inner_text,A
414,vitg,/investment-portfolio/vitg/,href,C
415,View Profile,View Profile,a_inner_text,A
415,vivi,/investment-portfolio/vivi/,href,C
416,View Profile,View Profile,a_inner_text,A
416,vokes air group,/investment-portfolio/vokes-air-group/,href,C
417,View Profile,View Profile,a_inner_text,A
417,wall street prep,/investment-portfolio/wall-street-prep/,href,C
418,View Profile,View Profile,a_inner_text,A
418,waste service group,/investment-portfolio/waste-service-group/,href,C
419,View Profile,View Profile,a_inner_text,A
419,water jel,/investment-portfolio/water-jel/,href,C
420,View Profile,View Profile,a_inner_text,A
420,welltec,/investment-portfolio/welltec/,href,C
421,View Profile,View Profile,a_inner_text,A
421,whatcounts,/investment-portfolio/whatcounts/,href,C
422,View Profile,View Profile,a_inner_text,A
422,whitney automotive group,/investment-portfolio/whitney-automotive-group/,href,C
423,View Profile,View Profile,a_inner_text,A
423,wildlife international,/investment-portfolio/wildlife-international/,href,C
424,View Profile,View Profile,a_inner_text,A
424,wiz korea,/investment-portfolio/wiz-korea/,href,C
425,View Profile,View Profile,a_inner_text,A
425,wondr health,/investment-portfolio/wondr-health/,href,C
426,View Profile,View Profile,a_inner_text,A
426,work health group,/investment-portfolio/work-health-group/,href,C
427,View Profile,View Profile,a_inner_text,A
427,workplace media,/investment-portfolio/workplace-media/,href,C
428,View Profile,View Profile,a_inner_text,A
428,workstride,/investment-portfolio/workstride/,href,C
429,View Profile,View Profile,a_inner_text,A
429,xcentric,/investment-portfolio/xcentric/,href,C
430,View Profile,View Profile,a_inner_text,A
430,y international,/investment-portfolio/y-international/,href,C
431,View Profile,View Profile,a_inner_text,A
431,yourmembership,/investment-portfolio/yourmembership/,href,C
432,View Profile,View Profile,a_inner_text,A
432,yumearth,/investment-portfolio/yumearth/,href,C
433,View Profile,View Profile,a_inner_text,A
433,zetkama,/investment-portfolio/zetkama/,href,C
434,View Profile,View Profile,a_inner_text,A
434,ziflow,/investment-portfolio/ziflow/,href,C
435,View Profile,View Profile,a_inner_text,A
435,zoobean,/investment-portfolio/zoobean/,href,C
436,"CareersRiverside is a challenging, exciting and opportunity rich firm.Join Our Team >>","CareersRiverside is a challenging, exciting and opportunity rich firm.Join Our Team >>",a_inner_text,A
436,careers,/who-we-are/careers/,href,C
437,"Sign Up for Riverside EmailsStay up to date on Riverside news, investment activity and moreSign Up for Riverside Emails >>","Sign Up for Riverside EmailsStay up to date on Riverside news, investment activity and moreSign Up for Riverside Emails >>",a_inner_text,A
437,sign up for email alerts,/sign-up-for-email-alerts/,href,C
438,Business Owners,Business Owners,a_inner_text,A
438,business owners,/business-owners/,href,C
439,Intermediaries,Intermediaries,a_inner_text,A
439,intermediaries,/intermediaries/,href,C
440,Who We Are,Who We Are,a_inner_text,A
440,who we are,/who-we-are/,href,C
441,Currents,Currents,a_inner_text,A
441,currents,/currents/,href,C
442,Portfolio,Portfolio,a_inner_text,A
442,investment portfolio,/investment-portfolio/,href,C
443,Private Equity,Private Equity,a_inner_text,A
443,private equity,/private-equity/,href,C
444,Flexible Capital,Flexible Capital,a_inner_text,A
444,flexible capital,/flexible-capital/,href,C
445,Privacy Policy,Privacy Policy,a_inner_text,A
445,privacy policy,/privacy-policy/,href,C
446,Cookie Policy,Cookie Policy,a_inner_text,A
446,cookie policy,/cookie-policy/,href,C
447,Terms of Use,Terms of Use,a_inner_text,A
447,terms of use,/terms-of-use/,href,C
448,AIFM Information,AIFM Information,a_inner_text,A
448,aifm information,/aifm-information/,href,C
449,Regulatory Disclosures,Regulatory Disclosures,a_inner_text,A
449,regulatory disclosures,/regulatory-disclosures/,href,C
450,Contact Us,Contact Us,a_inner_text,A
450,contact us,/contact-us/,href,C
451,consult our cookie notice,consult our cookie notice,a_inner_text,A
451,cookie policy,/cookie-policy/,href,C
452,Accept,Accept,a_inner_text,A
452,register,/umbraco/riverside/consent/register?type=cookies,href,C
453,Decline,Decline,a_inner_text,A
453,revoke,/umbraco/riverside/consent/revoke?type=cookies,href,C
454,Riversidecompanylogotrademarked,Riversidecompanylogotrademarked,img_alt_text,B
454,riversidecompanylogotrademarked,/media/2hcbiged/riversidecompanylogotrademarked.gif?anchor=center&mode=crop&width=276&height=95&rnd=132151116773330000,src,B
455,Aforall Weblogo 180X100,Aforall Weblogo 180X100,img_alt_text,B
456,Abracon2 Weblogo,Abracon2 Weblogo,img_alt_text,B
457,ACT Test Panels Logo,ACT Test Panels Logo,img_alt_text,B
458,ACTINEO logo,ACTINEO logo,img_alt_text,B
459,ActivStyle Logo,ActivStyle Logo,img_alt_text,B
460,AdhereHealth Logo,AdhereHealth Logo,img_alt_text,B
461,AERCO Logo,AERCO Logo,img_alt_text,B
462,Affinitiv Weblogo,Affinitiv Weblogo,img_alt_text,B
463,Agens Logo,Agens Logo,img_alt_text,B
464,QDS Logo,QDS Logo,img_alt_text,B
465,AIA Logo New,AIA Logo New,img_alt_text,B
466,Airfocus Weblogo 180X100,Airfocus Weblogo 180X100,img_alt_text,B
467,AIS Logo,AIS Logo,img_alt_text,B
468,Alchemy Systems Logo,Alchemy Systems Logo,img_alt_text,B
469,AMS Logo,AMS Logo,img_alt_text,B
470,Align Networks Logo,Align Networks Logo,img_alt_text,B
471,Weblogo Alignopps 180X100,Weblogo Alignopps 180X100,img_alt_text,B
472,Alphah Weblogo2,Alphah Weblogo2,img_alt_text,B
473,Alsana logo,Alsana logo,img_alt_text,B
474,Weblogo Altiusgroup2 180X100,Weblogo Altiusgroup2 180X100,img_alt_text,B
475,"American Electronic Components, Inc. Logo","American Electronic Components, Inc. Logo",img_alt_text,B
476,American Hospice Logo,American Hospice Logo,img_alt_text,B
477,American Products Company Logo,American Products Company Logo,img_alt_text,B
478,AST logo,AST logo,img_alt_text,B
479,Antiox,Antiox,img_alt_text,B
480,Apica Weblogo,Apica Weblogo,img_alt_text,B
481,Apollointeractive Weblogo2,Apollointeractive Weblogo2,img_alt_text,B
482,Weblogo Aptivio 180X100,Weblogo Aptivio 180X100,img_alt_text,B
483,ARCOS,ARCOS,img_alt_text,B
484,ARCOS,ARCOS,img_alt_text,B
485,Arena Group Logo,Arena Group Logo,img_alt_text,B
486,Arrowhead Engineered Products,Arrowhead Engineered Products,img_alt_text,B
487,ATI Logo,ATI Logo,img_alt_text,B
488,Weblogo Autocorpai 180X100,Weblogo Autocorpai 180X100,img_alt_text,B
489,Avance Weblogo 180X100,Avance Weblogo 180X100,img_alt_text,B
490,Avatar Solutions Logo,Avatar Solutions Logo,img_alt_text,B
491,AWP logo,AWP logo,img_alt_text,B
492,Awpsafety Weblogo 180X100,Awpsafety Weblogo 180X100,img_alt_text,B
493,Axsemantics Weblogo 180X100,Axsemantics Weblogo 180X100,img_alt_text,B
494,Axiom Automotive Technologies Logo,Axiom Automotive Technologies Logo,img_alt_text,B
495,Baby Jogger Logo,Baby Jogger Logo,img_alt_text,B
496,Baker Hill Logo,Baker Hill Logo,img_alt_text,B
497,Be Green Packaging,Be Green Packaging,img_alt_text,B
498,BeaconMedaes Logo,BeaconMedaes Logo,img_alt_text,B
499,BeneSys,BeneSys,img_alt_text,B
500,Bentleylabsweblogo2,Bentleylabsweblogo2,img_alt_text,B
501,Weblogo Beonx 180X100,Weblogo Beonx 180X100,img_alt_text,B
502,Bestlifebrandsweblogo (1),Bestlifebrandsweblogo (1),img_alt_text,B
503,Bigthinkweblogo,Bigthinkweblogo,img_alt_text,B
504,Bike24,Bike24,img_alt_text,B
505,Bike24,Bike24,img_alt_text,B
506,Weblogo Bionativa 180X100,Weblogo Bionativa 180X100,img_alt_text,B
507,Blue Microphones logo,Blue Microphones logo,img_alt_text,B
508,Weblogo Bluefletch 180X100,Weblogo Bluefletch 180X100,img_alt_text,B
509,Blueprint Weblogo 180X100,Blueprint Weblogo 180X100,img_alt_text,B
510,Bohemia Interactive Simulations,Bohemia Interactive Simulations,img_alt_text,B
511,BrandMuscle Logo,BrandMuscle Logo,img_alt_text,B
512,Brookson Logo,Brookson Logo,img_alt_text,B
513,Buildout Logo,Buildout Logo,img_alt_text,B
514,Camelot Education Logo,Camelot Education Logo,img_alt_text,B
515,Capol Logo,Capol Logo,img_alt_text,B
516,CapRock Logo,CapRock Logo,img_alt_text,B
517,Weblogo Caravelo 180X100,Weblogo Caravelo 180X100,img_alt_text,B
518,Carborundum Logo,Carborundum Logo,img_alt_text,B
519,Casaviweblogo,Casaviweblogo,img_alt_text,B
520,Causematch Weblogo 180X100,Causematch Weblogo 180X100,img_alt_text,B
521,Censis,Censis,img_alt_text,B
522,Certasite Weblogo2,Certasite Weblogo2,img_alt_text,B
523,Weblogo Chronicleheritage 180X100,Weblogo Chronicleheritage 180X100,img_alt_text,B
524,Circlelinkhealth Weblogo,Circlelinkhealth Weblogo,img_alt_text,B
525,CIS Weblogo 180X100,CIS Weblogo 180X100,img_alt_text,B
526,Clarus logo,Clarus logo,img_alt_text,B
527,Clayton Logo,Clayton Logo,img_alt_text,B
528,CEA Weblogo,CEA Weblogo,img_alt_text,B
529,Clockworksanalytics Weblogo2,Clockworksanalytics Weblogo2,img_alt_text,B
530,Weblogo Cloudrange 180X100 (1),Weblogo Cloudrange 180X100 (1),img_alt_text,B
531,Weblogo Cloudrange 180X120,Weblogo Cloudrange 180X120,img_alt_text,B
532,Cloudlex Weblogo 180X100,Cloudlex Weblogo 180X100,img_alt_text,B
533,Weblogo Cloudpermit 180X100,Weblogo Cloudpermit 180X100,img_alt_text,B
534,Cmitsolutions Weblogo 180X100,Cmitsolutions Weblogo 180X100,img_alt_text,B
535,Coeur Logo,Coeur Logo,img_alt_text,B
536,Commonwealth Lam-CLC Logo,Commonwealth Lam-CLC Logo,img_alt_text,B
537,Compleet Weblogo2 180X100,Compleet Weblogo2 180X100,img_alt_text,B
538,Computer Press Logo,Computer Press Logo,img_alt_text,B
539,Connexientweblogo,Connexientweblogo,img_alt_text,B
540,Connor Sport Court,Connor Sport Court,img_alt_text,B
541,Consensusweblogo,Consensusweblogo,img_alt_text,B
542,Weblogo Contruent 180X100,Weblogo Contruent 180X100,img_alt_text,B
543,Convertr Weblogo 180X100,Convertr Weblogo 180X100,img_alt_text,B
544,Corporatevisions Weblogo 180X100,Corporatevisions Weblogo 180X100,img_alt_text,B
545,Weblogo Creditlogic 180X100,Weblogo Creditlogic 180X100,img_alt_text,B
546,Weblogo CRIO 180X100,Weblogo CRIO 180X100,img_alt_text,B
547,CPI,CPI,img_alt_text,B
548,Cryptomathic Weblogo 180X100,Cryptomathic Weblogo 180X100,img_alt_text,B
549,Cutomerguage Weblogocolor,Cutomerguage Weblogocolor,img_alt_text,B
550,Weblogo Cyberguru 180X100,Weblogo Cyberguru 180X100,img_alt_text,B
551,Weblogo Cybersaint 180X100,Weblogo Cybersaint 180X100,img_alt_text,B
552,Weblogo Dastex2a 180X100,Weblogo Dastex2a 180X100,img_alt_text,B
553,Weblogo DAWGS 180X100,Weblogo DAWGS 180X100,img_alt_text,B
554,DCM Asia Logo,DCM Asia Logo,img_alt_text,B
555,Deckcommerce Weblogocolor,Deckcommerce Weblogocolor,img_alt_text,B
556,Weblogo Decusoftt 180X100,Weblogo Decusoftt 180X100,img_alt_text,B
557,Weblogo Delaget 180X100,Weblogo Delaget 180X100,img_alt_text,B
558,Delta Logo,Delta Logo,img_alt_text,B
559,DentalPlans.com,DentalPlans.com,img_alt_text,B
560,DHD Logo,DHD Logo,img_alt_text,B
561,Diatron Group Logo,Diatron Group Logo,img_alt_text,B
562,DTI Logo,DTI Logo,img_alt_text,B
563,Weblogo DINGO 180X100,Weblogo DINGO 180X100,img_alt_text,B
564,DISA Logo,DISA Logo,img_alt_text,B
565,Doctorcomweblogo,Doctorcomweblogo,img_alt_text,B
566,DPA Microphones,DPA Microphones,img_alt_text,B
567,DuBois Logo,DuBois Logo,img_alt_text,B
568,DuBois Logo,DuBois Logo,img_alt_text,B
569,Dynojet Logo,Dynojet Logo,img_alt_text,B
570,E&A Scheer Logo,E&A Scheer Logo,img_alt_text,B
571,Eemax,Eemax,img_alt_text,B
572,Elite Sportswear,Elite Sportswear,img_alt_text,B
573,EM Test Logo,EM Test Logo,img_alt_text,B
574,ECN Logo,ECN Logo,img_alt_text,B
575,Weblogo Energyexemplar 180X100,Weblogo Energyexemplar 180X100,img_alt_text,B
576,Enhatchweblogo,Enhatchweblogo,img_alt_text,B
577,ENTRIX Logo,ENTRIX Logo,img_alt_text,B
578,EPCO Logo,EPCO Logo,img_alt_text,B
579,Epilot Weblogo 180X100,Epilot Weblogo 180X100,img_alt_text,B
580,Weblogo Essentialcompositions2 180X100,Weblogo Essentialcompositions2 180X100,img_alt_text,B
581,Euromed Logo,Euromed Logo,img_alt_text,B
582,Eventsair Weblogo 180X100,Eventsair Weblogo 180X100,img_alt_text,B
583,Eversmithbrands Weblogo 180X100,Eversmithbrands Weblogo 180X100,img_alt_text,B
584,Weblogo Everway 180X100,Weblogo Everway 180X100,img_alt_text,B
585,Weblogo Everway 180X100,Weblogo Everway 180X100,img_alt_text,B
586,Evive Weblogo 180X100,Evive Weblogo 180X100,img_alt_text,B
587,Execvisionweblogo,Execvisionweblogo,img_alt_text,B
588,Experient Logo,Experient Logo,img_alt_text,B
589,Weblogo Expionhealth 180X100,Weblogo Expionhealth 180X100,img_alt_text,B
590,Express Logo,Express Logo,img_alt_text,B
591,Fadata,Fadata,img_alt_text,B
592,FairPay,FairPay,img_alt_text,B
593,Fielo Weblogo 180X100,Fielo Weblogo 180X100,img_alt_text,B
594,Fisher Unitech Logo,Fisher Unitech Logo,img_alt_text,B
595,FLA Logo,FLA Logo,img_alt_text,B
596,Flavorsum Weblogo 180X100,Flavorsum Weblogo 180X100,img_alt_text,B
597,FoodState Company Logo,FoodState Company Logo,img_alt_text,B
598,Freeway Weblogo 180X100,Freeway Weblogo 180X100,img_alt_text,B
599,Freightwise Weblogocolor,Freightwise Weblogocolor,img_alt_text,B
600,FURTHER Weblogo 180X100,FURTHER Weblogo 180X100,img_alt_text,B
601,Future Metals Logo,Future Metals Logo,img_alt_text,B
602,Gapartners Weblogo,Gapartners Weblogo,img_alt_text,B
603,G&H Orthodontics Logo,G&H Orthodontics Logo,img_alt_text,B
604,Galvanina Logo,Galvanina Logo,img_alt_text,B
605,Gastromatic Weblogo 180X100,Gastromatic Weblogo 180X100,img_alt_text,B
606,Weblogo GFOS 180X100,Weblogo GFOS 180X100,img_alt_text,B
607,Global Claims Services,Global Claims Services,img_alt_text,B
608,Global Orthopaedic Technology,Global Orthopaedic Technology,img_alt_text,B
609,Goby Weblogocolor,Goby Weblogocolor,img_alt_text,B
610,Goreactweblogo,Goreactweblogo,img_alt_text,B
611,Gracehill Logo,Gracehill Logo,img_alt_text,B
612,Weblogo Gravitee 180X100,Weblogo Gravitee 180X100,img_alt_text,B
613,GreenLine Logo,GreenLine Logo,img_alt_text,B
614,Greenphire Logo,Greenphire Logo,img_alt_text,B
615,GTI Logo,GTI Logo,img_alt_text,B
616,Guestline Logo,Guestline Logo,img_alt_text,B
617,Hammerblow Logo,Hammerblow Logo,img_alt_text,B
618,Weblogo Hapana 180X100,Weblogo Hapana 180X100,img_alt_text,B
619,HardwareResources Logo,HardwareResources Logo,img_alt_text,B
620,Harvey Performance Company Logo,Harvey Performance Company Logo,img_alt_text,B
621,HCPro Logo,HCPro Logo,img_alt_text,B
622,HD Advanced Logo,HD Advanced Logo,img_alt_text,B
623,Weblogo Headtotoebrands 180X100,Weblogo Headtotoebrands 180X100,img_alt_text,B
624,HSI Logo,HSI Logo,img_alt_text,B
625,HSI Logo,HSI Logo,img_alt_text,B
626,healthcarefirst,healthcarefirst,img_alt_text,B
627,Healthtech3 Logo,Healthtech3 Logo,img_alt_text,B
628,Herb Thyme Logo,Herb Thyme Logo,img_alt_text,B
629,Weblogo Heydata 180X100,Weblogo Heydata 180X100,img_alt_text,B
630,Hiway Group Logo,Hiway Group Logo,img_alt_text,B
631,HMI Weblogo3,HMI Weblogo3,img_alt_text,B
632,Hrsoft Weblogo 180X100,Hrsoft Weblogo 180X100,img_alt_text,B
633,HRA Pharma,HRA Pharma,img_alt_text,B
634,Hudson Sharp Logo,Hudson Sharp Logo,img_alt_text,B
635,Hydrocorp Weblogo 180X100,Hydrocorp Weblogo 180X100,img_alt_text,B
636,iAutomation Logo,iAutomation Logo,img_alt_text,B
637,Icev Weblogo 180X100,Icev Weblogo 180X100,img_alt_text,B
638,Ideoclickweblogo,Ideoclickweblogo,img_alt_text,B
639,Weblogo IDEON 180X100,Weblogo IDEON 180X100,img_alt_text,B
640,IDOC Logo,IDOC Logo,img_alt_text,B
641,IFS Group,IFS Group,img_alt_text,B
642,Weblogo Ilpastaio 180X100,Weblogo Ilpastaio 180X100,img_alt_text,B
643,Weblogo Impactxm 180X100,Weblogo Impactxm 180X100,img_alt_text,B
644,ILS Weblogo,ILS Weblogo,img_alt_text,B
645,Inscape Logo,Inscape Logo,img_alt_text,B
646,Innovating Claims Management Logo,Innovating Claims Management Logo,img_alt_text,B
647,IPS Logo,IPS Logo,img_alt_text,B
648,Weblogo Intrepidnetworks 180X100,Weblogo Intrepidnetworks 180X100,img_alt_text,B
649,Invita Weblogo,Invita Weblogo,img_alt_text,B
650,Weblogo Ironedge 180X100,Weblogo Ironedge 180X100,img_alt_text,B
651,It's Just Lunch Logo,It's Just Lunch Logo,img_alt_text,B
652,Junior Sports Corporation,Junior Sports Corporation,img_alt_text,B
653,Justrite Logo,Justrite Logo,img_alt_text,B
654,Kasasa Logo,Kasasa Logo,img_alt_text,B
655,Weblogo Kaseware 180X100,Weblogo Kaseware 180X100,img_alt_text,B
656,Keepsake Logo,Keepsake Logo,img_alt_text,B
657,Keonahealth Weblogocolor,Keonahealth Weblogocolor,img_alt_text,B
658,Keycast Logo,Keycast Logo,img_alt_text,B
659,Keymile,Keymile,img_alt_text,B
660,KFM Logo,KFM Logo,img_alt_text,B
661,Lacunasolutions Weblogo 180X100,Lacunasolutions Weblogo 180X100,img_alt_text,B
662,Lakeview Health Logo,Lakeview Health Logo,img_alt_text,B
663,L-com Logo,L-com Logo,img_alt_text,B
664,Learning Seat Logo,Learning Seat Logo,img_alt_text,B
665,Leftshiftweblogo,Leftshiftweblogo,img_alt_text,B
666,Lexipol Weblogo2,Lexipol Weblogo2,img_alt_text,B
667,Lexipol Weblogo2,Lexipol Weblogo2,img_alt_text,B
668,Lillebaby Logo,Lillebaby Logo,img_alt_text,B
669,Lmgholdingsweblogo2,Lmgholdingsweblogo2,img_alt_text,B
670,Weblogo Loadstop 180X100,Weblogo Loadstop 180X100,img_alt_text,B
671,LocalTel Logo,LocalTel Logo,img_alt_text,B
672,Logically logo,Logically logo,img_alt_text,B
673,London's Dairy Farm Logo,London's Dairy Farm Logo,img_alt_text,B
674,Looptie Weblogocolor,Looptie Weblogocolor,img_alt_text,B
675,Lumen Dynamics Group Logo,Lumen Dynamics Group Logo,img_alt_text,B
676,Marena Logo,Marena Logo,img_alt_text,B
677,Marketmuseweblogo,Marketmuseweblogo,img_alt_text,B
678,Maverick Logo,Maverick Logo,img_alt_text,B
679,MEC3 Logo,MEC3 Logo,img_alt_text,B
680,Media Source Company Logo,Media Source Company Logo,img_alt_text,B
681,Weblogo Mediafly 180X100,Weblogo Mediafly 180X100,img_alt_text,B
682,Megachemie Logo,Megachemie Logo,img_alt_text,B
683,Merit Logo,Merit Logo,img_alt_text,B
684,Mifam Logo,Mifam Logo,img_alt_text,B
685,Mintra Weblogo2,Mintra Weblogo2,img_alt_text,B
686,MK Logo,MK Logo,img_alt_text,B
687,MLCOA,MLCOA,img_alt_text,B
688,Mmgfusion Weblogo180x100,Mmgfusion Weblogo180x100,img_alt_text,B
689,MNX Logo,MNX Logo,img_alt_text,B
690,Moderncampus Weblogo 180X100,Moderncampus Weblogo 180X100,img_alt_text,B
691,Modernhire Weblogo,Modernhire Weblogo,img_alt_text,B
692,Momentum Group Logo,Momentum Group Logo,img_alt_text,B
693,Weblogo Momentum101625 180X100,Weblogo Momentum101625 180X100,img_alt_text,B
694,Monessen Logo,Monessen Logo,img_alt_text,B
695,Montel Weblogo 180X100,Montel Weblogo 180X100,img_alt_text,B
696,Moss Logo,Moss Logo,img_alt_text,B
697,Matthew*Warren Industries Logo,Matthew*Warren Industries Logo,img_alt_text,B
698,Myskillscamp Weblogo 180X100,Myskillscamp Weblogo 180X100,img_alt_text,B
699,NAKA,NAKA,img_alt_text,B
700,NAVEX Global,NAVEX Global,img_alt_text,B
701,Navigate360 Weblogo,Navigate360 Weblogo,img_alt_text,B
702,neighborly logo,neighborly logo,img_alt_text,B
703,Logo Netwatch 180X100,Logo Netwatch 180X100,img_alt_text,B
704,Nordco Logo,Nordco Logo,img_alt_text,B
705,North American Dental Group Logo,North American Dental Group Logo,img_alt_text,B
706,Novamed Logo,Novamed Logo,img_alt_text,B
707,NPC Logo,NPC Logo,img_alt_text,B
708,Nustef Weblogo 180X100,Nustef Weblogo 180X100,img_alt_text,B
709,Oaky Weblogo 180X100,Oaky Weblogo 180X100,img_alt_text,B
710,Olympic Logo,Olympic Logo,img_alt_text,B
711,Omnigo logo,Omnigo logo,img_alt_text,B
712,Weblogo Onlocation 180X100,Weblogo Onlocation 180X100,img_alt_text,B
713,OnCourse Learning,OnCourse Learning,img_alt_text,B
714,Oni Logo,Oni Logo,img_alt_text,B
715,Onscent Weblogo2 180X100,Onscent Weblogo2 180X100,img_alt_text,B
716,Oomnitzaweblogo,Oomnitzaweblogo,img_alt_text,B
717,Orliman Logo,Orliman Logo,img_alt_text,B
718,Portfolio Company - Ortho D,Portfolio Company - Ortho D,img_alt_text,B
719,Outsolve Weblogo 180X100,Outsolve Weblogo 180X100,img_alt_text,B
720,Outward Hound Logo,Outward Hound Logo,img_alt_text,B
721,Ownlocalweblogo,Ownlocalweblogo,img_alt_text,B
722,Paradigm Logo,Paradigm Logo,img_alt_text,B
723,Pareto Logo,Pareto Logo,img_alt_text,B
724,Parkerfoodgroup Weblogo 180X100,Parkerfoodgroup Weblogo 180X100,img_alt_text,B
725,Weblogo Partium 180X100,Weblogo Partium 180X100,img_alt_text,B
726,Patronmanagerweblogo,Patronmanagerweblogo,img_alt_text,B
727,Peak Weblogo 180X100,Peak Weblogo 180X100,img_alt_text,B
728,Peerspot Weblogo 180X100,Peerspot Weblogo 180X100,img_alt_text,B
729,Weblogo Peoplegrovev3 180X100,Weblogo Peoplegrovev3 180X100,img_alt_text,B
730,PSI Weblogo,PSI Weblogo,img_alt_text,B
731,Pfbcorp Weblogo 180X100,Pfbcorp Weblogo 180X100,img_alt_text,B
732,Polar Windows Logo,Polar Windows Logo,img_alt_text,B
733,PPC Logo,PPC Logo,img_alt_text,B
734,Precision Wire Components Logo,Precision Wire Components Logo,img_alt_text,B
735,Primalex Logo,Primalex Logo,img_alt_text,B
736,PCS Logo,PCS Logo,img_alt_text,B
737,Profit Systems Logo,Profit Systems Logo,img_alt_text,B
738,Weblogo Propensity 180X100,Weblogo Propensity 180X100,img_alt_text,B
739,ProSites Logo,ProSites Logo,img_alt_text,B
740,Pro-vigil Logo,Pro-vigil Logo,img_alt_text,B
741,Purple Weblogo 180X100,Purple Weblogo 180X100,img_alt_text,B
742,Weblogo Pypestream 180X100,Weblogo Pypestream 180X100,img_alt_text,B
743,QualServ Logo,QualServ Logo,img_alt_text,B
744,Quivers Weblogo 180X100,Quivers Weblogo 180X100,img_alt_text,B
745,Rameder-Logo,Rameder-Logo,img_alt_text,B
746,Weblogo Readysetsurgical 180X100,Weblogo Readysetsurgical 180X100,img_alt_text,B
747,Recoverypoint Weblogo,Recoverypoint Weblogo,img_alt_text,B
748,Rednucleus2 Weblogo 180X100,Rednucleus2 Weblogo 180X100,img_alt_text,B
749,Redteamweblogo,Redteamweblogo,img_alt_text,B
750,REIMA Device 180X100,REIMA Device 180X100,img_alt_text,B
751,Relay Weblogo 180X100,Relay Weblogo 180X100,img_alt_text,B
752,REPA Weblogo,REPA Weblogo,img_alt_text,B
753,Results Weight Loss Logo,Results Weight Loss Logo,img_alt_text,B
754,Boost,Boost,img_alt_text,B
755,Revegyweblogo,Revegyweblogo,img_alt_text,B
756,Revtraxweblogo,Revtraxweblogo,img_alt_text,B
757,Richter Logo,Richter Logo,img_alt_text,B
758,Rutland Group logo,Rutland Group logo,img_alt_text,B
759,SAFEbuilt,SAFEbuilt,img_alt_text,B
760,Salgglas Logo,Salgglas Logo,img_alt_text,B
761,Screen Vision Logo,Screen Vision Logo,img_alt_text,B
762,Weblogo Seatex 180X100,Weblogo Seatex 180X100,img_alt_text,B
763,Selig Logo,Selig Logo,img_alt_text,B
764,Sencore,Sencore,img_alt_text,B
765,Sentinel Logo,Sentinel Logo,img_alt_text,B
766,Weblogo Sevdesk 180X100,Weblogo Sevdesk 180X100,img_alt_text,B
767,Shinsouki Logo,Shinsouki Logo,img_alt_text,B
768,RAC Showdme Weblogo 180X100,RAC Showdme Weblogo 180X100,img_alt_text,B
769,Siffron Weblogo 180X100,Siffron Weblogo 180X100,img_alt_text,B
770,SIGG Logo,SIGG Logo,img_alt_text,B
771,Weblogo Simcro2 180X100,Weblogo Simcro2 180X100,img_alt_text,B
772,Weblogo Smartways 180X100,Weblogo Smartways 180X100,img_alt_text,B
773,Weblogo Solutaboonchapman 180X100,Weblogo Solutaboonchapman 180X100,img_alt_text,B
774,Soothe Weblogo2,Soothe Weblogo2,img_alt_text,B
775,SFNN Logo,SFNN Logo,img_alt_text,B
776,SMS Company Logo,SMS Company Logo,img_alt_text,B
777,Spectrio,Spectrio,img_alt_text,B
778,Spirion Logo,Spirion Logo,img_alt_text,B
779,SpofaDental Logo,SpofaDental Logo,img_alt_text,B
780,Sportsrecruitsweblogo,Sportsrecruitsweblogo,img_alt_text,B
781,Squirro Weblogo 180X100,Squirro Weblogo 180X100,img_alt_text,B
782,Stemlab Logo,Stemlab Logo,img_alt_text,B
783,Stoffel Logo,Stoffel Logo,img_alt_text,B
784,Suitepad Weblogocolor,Suitepad Weblogocolor,img_alt_text,B
785,Sunless Logo,Sunless Logo,img_alt_text,B
786,Sunise Windows Logo,Sunise Windows Logo,img_alt_text,B
787,SureWerx logo,SureWerx logo,img_alt_text,B
788,Power Planning System,Power Planning System,img_alt_text,B
789,Sytrue Weblogo 180X100,Sytrue Weblogo 180X100,img_alt_text,B
790,Weblogo T3servicesgroup 180X100,Weblogo T3servicesgroup 180X100,img_alt_text,B
791,Tate's Bake Shop,Tate's Bake Shop,img_alt_text,B
792,Team Technologies Logo,Team Technologies Logo,img_alt_text,B
793,Tensator Logo,Tensator Logo,img_alt_text,B
794,Teufel Logo,Teufel Logo,img_alt_text,B
795,Dermgroupweblogo,Dermgroupweblogo,img_alt_text,B
796,Dwyer Logo,Dwyer Logo,img_alt_text,B
797,The Dwyer Group,The Dwyer Group,img_alt_text,B
798,Weblogo Healthea 180X100,Weblogo Healthea 180X100,img_alt_text,B
799,Weblogo Townsendgroup 180X100,Weblogo Townsendgroup 180X100,img_alt_text,B
800,Weblogo Vomela 180X100,Weblogo Vomela 180X100,img_alt_text,B
801,Thibaut Logo,Thibaut Logo,img_alt_text,B
802,Thinktankweblogo,Thinktankweblogo,img_alt_text,B
803,Weblogo Threatmark 180X100,Weblogo Threatmark 180X100,img_alt_text,B
804,Thresholdbrands Weblogo 180X100,Thresholdbrands Weblogo 180X100,img_alt_text,B
805,Todaytixweblogo,Todaytixweblogo,img_alt_text,B
806,TOOLPORT Weblogo,TOOLPORT Weblogo,img_alt_text,B
807,Transporeon,Transporeon,img_alt_text,B
808,Trend Logo,Trend Logo,img_alt_text,B
809,Tropikal Logo,Tropikal Logo,img_alt_text,B
810,TrueHealth Group Logo,TrueHealth Group Logo,img_alt_text,B
811,Trustwell Weblogo 180X100,Trustwell Weblogo 180X100,img_alt_text,B
812,Turtl Weblogocolor,Turtl Weblogocolor,img_alt_text,B
813,Weblogo Typsy 180X100,Weblogo Typsy 180X100,img_alt_text,B
814,Uinta Brewing logo,Uinta Brewing logo,img_alt_text,B
815,UltraVolt Logo,UltraVolt Logo,img_alt_text,B
816,Unifocus Weblogo2 180X100,Unifocus Weblogo2 180X100,img_alt_text,B
817,unipac Logo,unipac Logo,img_alt_text,B
818,United Central Industrial Supplies,United Central Industrial Supplies,img_alt_text,B
819,UAF Logo,UAF Logo,img_alt_text,B
820,Uscabinetdepot Weblogo 180X100,Uscabinetdepot Weblogo 180X100,img_alt_text,B
821,Veritext Logo,Veritext Logo,img_alt_text,B
822,Viking Plastics Logo,Viking Plastics Logo,img_alt_text,B
823,VPG Logo,VPG Logo,img_alt_text,B
824,Weblogo VITG 180X100,Weblogo VITG 180X100,img_alt_text,B
825,Vivi Updatedlogo 180X100,Vivi Updatedlogo 180X100,img_alt_text,B
826,Vokes Air Logo,Vokes Air Logo,img_alt_text,B
827,Weblogo Wallstreetprep 180X100,Weblogo Wallstreetprep 180X100,img_alt_text,B
828,Waste Service Group Logo,Waste Service Group Logo,img_alt_text,B
829,WaterJel Logo,WaterJel Logo,img_alt_text,B
830,Welltec,Welltec,img_alt_text,B
831,Whatcounts Logo,Whatcounts Logo,img_alt_text,B
832,WAG Logo,WAG Logo,img_alt_text,B
833,Wildlife International Logo,Wildlife International Logo,img_alt_text,B
834,WizIsland,WizIsland,img_alt_text,B
835,Wondrhealth Weblogo,Wondrhealth Weblogo,img_alt_text,B
836,Work Health Group Logo,Work Health Group Logo,img_alt_text,B
837,WorkPlace Media Logo,WorkPlace Media Logo,img_alt_text,B
838,Workstride Logo,Workstride Logo,img_alt_text,B
839,Xcentric Mold Logo,Xcentric Mold Logo,img_alt_text,B
840,Y'sRoad,Y'sRoad,img_alt_text,B
841,YourMembership Logo,YourMembership Logo,img_alt_text,B
842,Yum Earth logo,Yum Earth logo,img_alt_text,B
843,Zetkama Logo,Zetkama Logo,img_alt_text,B
844,Ziflow Weblogo 180X100,Ziflow Weblogo 180X100,img_alt_text,B
845,Weblogo Zoobean 180X100,Weblogo Zoobean 180X100,img_alt_text,B
846,Icon Hunmanresources Blue,Icon Hunmanresources Blue,img_alt_text,B
846,icon hunmanresources blue,/media/4yxbdq3n/icon_hunmanresources_blue.png?anchor=center&mode=crop&width=170&height=170&rnd=132140787107500000,src,B
847,Icon Email Blue,Icon Email Blue,img_alt_text,B
847,icon email blue,/media/gokfj2ve/icon_email_blue.png?anchor=center&mode=crop&width=170&height=170&rnd=132137697385930000,src,B
848,Footer Logo,Footer Logo,img_alt_text,B
848,footer logo,/media/l0jktm0d/footer-logo.png?anchor=center&mode=crop&width=164&height=80&rnd=132082997777370000,src,B
849,View Profile,View Profile,a_inner_text,A
849,a forall,/investment-portfolio/a-forall/,href,C
850,View Profile,View Profile,a_inner_text,A
850,abracon,/investment-portfolio/abracon/,href,C
851,View Profile,View Profile,a_inner_text,A
851,act test panels,/investment-portfolio/act-test-panels/,href,C
852,View Profile,View Profile,a_inner_text,A
852,actineo,/investment-portfolio/actineo/,href,C
853,View Profile,View Profile,a_inner_text,A
853,activstyle,/investment-portfolio/activstyle/,href,C
854,View Profile,View Profile,a_inner_text,A
854,adherehealth,/investment-portfolio/adherehealth/,href,C
855,View Profile,View Profile,a_inner_text,A
855,aerco,/investment-portfolio/aerco/,href,C
856,View Profile,View Profile,a_inner_text,A
856,affinitiv,/investment-portfolio/affinitiv/,href,C
857,View Profile,View Profile,a_inner_text,A
857,agens,/investment-portfolio/agens/,href,C
858,View Profile,View Profile,a_inner_text,A
858,agri max,/investment-portfolio/agri-max/,href,C
859,View Profile,View Profile,a_inner_text,A
859,aia corporation,/investment-portfolio/aia-corporation/,href,C
860,View Profile,View Profile,a_inner_text,A
860,airfocus,/investment-portfolio/airfocus/,href,C
861,View Profile,View Profile,a_inner_text,A
861,ais group,/investment-portfolio/ais-group/,href,C
862,View Profile,View Profile,a_inner_text,A
862,alchemy,/investment-portfolio/alchemy/,href,C
863,View Profile,View Profile,a_inner_text,A
863,alcohol monitoring systems,/investment-portfolio/alcohol-monitoring-systems/,href,C
864,View Profile,View Profile,a_inner_text,A
864,align networks,/investment-portfolio/align-networks/,href,C
865,View Profile,View Profile,a_inner_text,A
865,align ops,/investment-portfolio/align-ops/,href,C
866,View Profile,View Profile,a_inner_text,A
866,alpha h,/investment-portfolio/alpha-h/,href,C
867,View Profile,View Profile,a_inner_text,A
867,alsana,/investment-portfolio/alsana/,href,C
868,View Profile,View Profile,a_inner_text,A
868,altius group,/investment-portfolio/altius-group/,href,C
869,View Profile,View Profile,a_inner_text,A
869,american electronic components,/investment-portfolio/american-electronic-components/,href,C
870,View Profile,View Profile,a_inner_text,A
870,american hospice,/investment-portfolio/american-hospice/,href,C
871,View Profile,View Profile,a_inner_text,A
871,american products company,/investment-portfolio/american-products-company/,href,C
872,View Profile,View Profile,a_inner_text,A
872,american stock transfer trust company,/investment-portfolio/american-stock-transfer-trust-company/,href,C
873,View Profile,View Profile,a_inner_text,A
873,anitox,/investment-portfolio/anitox/,href,C
874,View Profile,View Profile,a_inner_text,A
874,apica,/investment-portfolio/apica/,href,C
875,View Profile,View Profile,a_inner_text,A
875,apollo interactive,/investment-portfolio/apollo-interactive/,href,C
876,View Profile,View Profile,a_inner_text,A
876,aptivio,/investment-portfolio/aptivio/,href,C
877,View Profile,View Profile,a_inner_text,A
877,arcos i,/investment-portfolio/arcos-i/,href,C
878,View Profile,View Profile,a_inner_text,A
878,arcos ii,/investment-portfolio/arcos-ii/,href,C
879,View Profile,View Profile,a_inner_text,A
879,arena,/investment-portfolio/arena/,href,C
880,View Profile,View Profile,a_inner_text,A
880,arrowhead engineered products,/investment-portfolio/arrowhead-engineered-products/,href,C
881,View Profile,View Profile,a_inner_text,A
881,ati,/investment-portfolio/ati/,href,C
882,View Profile,View Profile,a_inner_text,A
882,autocorp ai inc,/investment-portfolio/autocorp-ai-inc/,href,C
883,View Profile,View Profile,a_inner_text,A
883,avance clinical,/investment-portfolio/avance-clinical/,href,C
884,View Profile,View Profile,a_inner_text,A
884,avatar solutions,/investment-portfolio/avatar-solutions/,href,C
885,View Profile,View Profile,a_inner_text,A
885,awp safety i,/investment-portfolio/awp-safety-i/,href,C
886,View Profile,View Profile,a_inner_text,A
886,awp safety ii,/investment-portfolio/awp-safety-ii/,href,C
887,View Profile,View Profile,a_inner_text,A
887,ax semantics,/investment-portfolio/ax-semantics/,href,C
888,View Profile,View Profile,a_inner_text,A
888,axiom automotive technologies,/investment-portfolio/axiom-automotive-technologies/,href,C
889,View Profile,View Profile,a_inner_text,A
889,baby jogger,/investment-portfolio/baby-jogger/,href,C
890,View Profile,View Profile,a_inner_text,A
890,baker hill,/investment-portfolio/baker-hill/,href,C
891,View Profile,View Profile,a_inner_text,A
891,be green packaging,/investment-portfolio/be-green-packaging/,href,C
892,View Profile,View Profile,a_inner_text,A
892,beaconmedaes,/investment-portfolio/beaconmedaes/,href,C
893,View Profile,View Profile,a_inner_text,A
893,benesys,/investment-portfolio/benesys/,href,C
894,View Profile,View Profile,a_inner_text,A
894,bentley laboratories,/investment-portfolio/bentley-laboratories/,href,C
895,View Profile,View Profile,a_inner_text,A
895,beonx,/investment-portfolio/beonx/,href,C
896,View Profile,View Profile,a_inner_text,A
896,best life brands,/investment-portfolio/best-life-brands/,href,C
897,View Profile,View Profile,a_inner_text,A
897,big think,/investment-portfolio/big-think/,href,C
898,View Profile,View Profile,a_inner_text,A
898,bike24 i,/investment-portfolio/bike24-i/,href,C
899,View Profile,View Profile,a_inner_text,A
899,bike24 ii,/investment-portfolio/bike24-ii/,href,C
900,View Profile,View Profile,a_inner_text,A
900,bionativa,/investment-portfolio/bionativa/,href,C
901,View Profile,View Profile,a_inner_text,A
901,blue microphones,/investment-portfolio/blue-microphones/,href,C
902,View Profile,View Profile,a_inner_text,A
902,bluefletch,/investment-portfolio/bluefletch/,href,C
903,View Profile,View Profile,a_inner_text,A
903,blueprint,/investment-portfolio/blueprint/,href,C
904,View Profile,View Profile,a_inner_text,A
904,bohemia interactive simulations,/investment-portfolio/bohemia-interactive-simulations/,href,C
905,View Profile,View Profile,a_inner_text,A
905,brandmuscle,/investment-portfolio/brandmuscle/,href,C
906,View Profile,View Profile,a_inner_text,A
906,brookson,/investment-portfolio/brookson/,href,C
907,View Profile,View Profile,a_inner_text,A
907,buildout inc,/investment-portfolio/buildout-inc/,href,C
908,View Profile,View Profile,a_inner_text,A
908,camelot education,/investment-portfolio/camelot-education/,href,C
909,View Profile,View Profile,a_inner_text,A
909,capol,/investment-portfolio/capol/,href,C
910,View Profile,View Profile,a_inner_text,A
910,caprock communications,/investment-portfolio/caprock-communications/,href,C
911,View Profile,View Profile,a_inner_text,A
911,caravelo,/investment-portfolio/caravelo/,href,C
912,View Profile,View Profile,a_inner_text,A
912,carborundum electrite,/investment-portfolio/carborundum-electrite/,href,C
913,View Profile,View Profile,a_inner_text,A
913,casavi,/investment-portfolio/casavi/,href,C
914,View Profile,View Profile,a_inner_text,A
914,causematch,/investment-portfolio/causematch/,href,C
915,View Profile,View Profile,a_inner_text,A
915,censis,/investment-portfolio/censis/,href,C
916,View Profile,View Profile,a_inner_text,A
916,certasite,/investment-portfolio/certasite/,href,C
917,View Profile,View Profile,a_inner_text,A
917,chronicle heritage,/investment-portfolio/chronicle-heritage/,href,C
918,View Profile,View Profile,a_inner_text,A
918,circlelink health,/investment-portfolio/circlelink-health/,href,C
919,View Profile,View Profile,a_inner_text,A
919,cis secure computing,/investment-portfolio/cis-secure-computing/,href,C
920,View Profile,View Profile,a_inner_text,A
920,clarus,/investment-portfolio/clarus/,href,C
921,View Profile,View Profile,a_inner_text,A
921,clayton group services,/investment-portfolio/clayton-group-services/,href,C
922,View Profile,View Profile,a_inner_text,A
922,clinical education alliance,/investment-portfolio/clinical-education-alliance/,href,C
923,View Profile,View Profile,a_inner_text,A
923,clockworks analytics,/investment-portfolio/clockworks-analytics/,href,C
924,View Profile,View Profile,a_inner_text,A
924,cloud factory,/investment-portfolio/cloud-factory/,href,C
925,View Profile,View Profile,a_inner_text,A
925,cloud range,/investment-portfolio/cloud-range/,href,C
926,View Profile,View Profile,a_inner_text,A
926,cloudlex,/investment-portfolio/cloudlex/,href,C
927,View Profile,View Profile,a_inner_text,A
927,cloudpermit,/investment-portfolio/cloudpermit/,href,C
928,View Profile,View Profile,a_inner_text,A
928,cmit solutions,/investment-portfolio/cmit-solutions/,href,C
929,View Profile,View Profile,a_inner_text,A
929,coeur,/investment-portfolio/coeur/,href,C
930,View Profile,View Profile,a_inner_text,A
930,commonwealth laminating coating,/investment-portfolio/commonwealth-laminating-coating/,href,C
931,View Profile,View Profile,a_inner_text,A
931,compleet,/investment-portfolio/compleet/,href,C
932,View Profile,View Profile,a_inner_text,A
932,computer press,/investment-portfolio/computer-press/,href,C
933,View Profile,View Profile,a_inner_text,A
933,connexient,/investment-portfolio/connexient/,href,C
934,View Profile,View Profile,a_inner_text,A
934,connor sport court international,/investment-portfolio/connor-sport-court-international/,href,C
935,View Profile,View Profile,a_inner_text,A
935,consensus,/investment-portfolio/consensus/,href,C
936,View Profile,View Profile,a_inner_text,A
936,contruent,/investment-portfolio/contruent/,href,C
937,View Profile,View Profile,a_inner_text,A
937,convertr,/investment-portfolio/convertr/,href,C
938,View Profile,View Profile,a_inner_text,A
938,corporate visions inc,/investment-portfolio/corporate-visions-inc/,href,C
939,View Profile,View Profile,a_inner_text,A
939,creditlogic,/investment-portfolio/creditlogic/,href,C
940,View Profile,View Profile,a_inner_text,A
940,crio,/investment-portfolio/crio/,href,C
941,View Profile,View Profile,a_inner_text,A
941,crisis prevention institute,/investment-portfolio/crisis-prevention-institute/,href,C
942,View Profile,View Profile,a_inner_text,A
942,cryptomathic,/investment-portfolio/cryptomathic/,href,C
943,View Profile,View Profile,a_inner_text,A
943,customergauge,/investment-portfolio/customergauge/,href,C
944,View Profile,View Profile,a_inner_text,A
944,cyber guru,/investment-portfolio/cyber-guru/,href,C
945,View Profile,View Profile,a_inner_text,A
945,cybersaint security,/investment-portfolio/cybersaint-security/,href,C
946,View Profile,View Profile,a_inner_text,A
946,dastex,/investment-portfolio/dastex/,href,C
947,View Profile,View Profile,a_inner_text,A
947,dawgs,/investment-portfolio/dawgs/,href,C
948,View Profile,View Profile,a_inner_text,A
948,dcm asia,/investment-portfolio/dcm-asia/,href,C
949,View Profile,View Profile,a_inner_text,A
949,deck commerce,/investment-portfolio/deck-commerce/,href,C
950,View Profile,View Profile,a_inner_text,A
950,decusoft,/investment-portfolio/decusoft/,href,C
951,View Profile,View Profile,a_inner_text,A
951,delaget,/investment-portfolio/delaget/,href,C
952,View Profile,View Profile,a_inner_text,A
952,delta petroleum company,/investment-portfolio/delta-petroleum-company/,href,C
953,View Profile,View Profile,a_inner_text,A
953,dentalplans,/investment-portfolio/dentalplans/,href,C
954,View Profile,View Profile,a_inner_text,A
954,dhd healthcare,/investment-portfolio/dhd-healthcare/,href,C
955,View Profile,View Profile,a_inner_text,A
955,diatron group,/investment-portfolio/diatron-group/,href,C
956,View Profile,View Profile,a_inner_text,A
956,digital technology international,/investment-portfolio/digital-technology-international/,href,C
957,View Profile,View Profile,a_inner_text,A
957,dingo,/investment-portfolio/dingo/,href,C
958,View Profile,View Profile,a_inner_text,A
958,disa global solutions,/investment-portfolio/disa-global-solutions/,href,C
959,View Profile,View Profile,a_inner_text,A
959,doctor com,/investment-portfolio/doctor-com/,href,C
960,View Profile,View Profile,a_inner_text,A
960,dpa microphones,/investment-portfolio/dpa-microphones/,href,C
961,View Profile,View Profile,a_inner_text,A
961,dubois i,/investment-portfolio/dubois-i/,href,C
962,View Profile,View Profile,a_inner_text,A
962,dubois ii,/investment-portfolio/dubois-ii/,href,C
963,View Profile,View Profile,a_inner_text,A
963,dynojet research,/investment-portfolio/dynojet-research/,href,C
964,View Profile,View Profile,a_inner_text,A
964,e a scheer,/investment-portfolio/e-a-scheer/,href,C
965,View Profile,View Profile,a_inner_text,A
965,eemax,/investment-portfolio/eemax/,href,C
966,View Profile,View Profile,a_inner_text,A
966,elite sportswear,/investment-portfolio/elite-sportswear/,href,C
967,View Profile,View Profile,a_inner_text,A
967,em test,/investment-portfolio/em-test/,href,C
968,View Profile,View Profile,a_inner_text,A
968,emergency communications network,/investment-portfolio/emergency-communications-network/,href,C
969,View Profile,View Profile,a_inner_text,A
969,energy exemplar,/investment-portfolio/energy-exemplar/,href,C
970,View Profile,View Profile,a_inner_text,A
970,enhatch,/investment-portfolio/enhatch/,href,C
971,View Profile,View Profile,a_inner_text,A
971,entrix,/investment-portfolio/entrix/,href,C
972,View Profile,View Profile,a_inner_text,A
972,epco,/investment-portfolio/epco/,href,C
973,View Profile,View Profile,a_inner_text,A
973,epilot,/investment-portfolio/epilot/,href,C
974,View Profile,View Profile,a_inner_text,A
974,essential compositions,/investment-portfolio/essential-compositions/,href,C
975,View Profile,View Profile,a_inner_text,A
975,euromed,/investment-portfolio/euromed/,href,C
976,View Profile,View Profile,a_inner_text,A
976,eventsair,/investment-portfolio/eventsair/,href,C
977,View Profile,View Profile,a_inner_text,A
977,eversmith brands,/investment-portfolio/eversmith-brands/,href,C
978,View Profile,View Profile,a_inner_text,A
978,everway i,/investment-portfolio/everway-i/,href,C
979,View Profile,View Profile,a_inner_text,A
979,everway ii,/investment-portfolio/everway-ii/,href,C
980,View Profile,View Profile,a_inner_text,A
980,evive brands,/investment-portfolio/evive-brands/,href,C
981,View Profile,View Profile,a_inner_text,A
981,execvision,/investment-portfolio/execvision/,href,C
982,View Profile,View Profile,a_inner_text,A
982,experient,/investment-portfolio/experient/,href,C
983,View Profile,View Profile,a_inner_text,A
983,expion health,/investment-portfolio/expion-health/,href,C
984,View Profile,View Profile,a_inner_text,A
984,express,/investment-portfolio/express/,href,C
985,View Profile,View Profile,a_inner_text,A
985,fadata,/investment-portfolio/fadata/,href,C
986,View Profile,View Profile,a_inner_text,A
986,fairpay solutions,/investment-portfolio/fairpay-solutions/,href,C
987,View Profile,View Profile,a_inner_text,A
987,fielo,/investment-portfolio/fielo/,href,C
988,View Profile,View Profile,a_inner_text,A
988,fisher unitech,/investment-portfolio/fisher-unitech/,href,C
989,View Profile,View Profile,a_inner_text,A
989,fla orthopedics,/investment-portfolio/fla-orthopedics/,href,C
990,View Profile,View Profile,a_inner_text,A
990,flavorsum,/investment-portfolio/flavorsum/,href,C
991,View Profile,View Profile,a_inner_text,A
991,foodstate,/investment-portfolio/foodstate/,href,C
992,View Profile,View Profile,a_inner_text,A
992,freeeway,/investment-portfolio/freeeway/,href,C
993,View Profile,View Profile,a_inner_text,A
993,freightwise,/investment-portfolio/freightwise/,href,C
994,View Profile,View Profile,a_inner_text,A
994,further,/investment-portfolio/further/,href,C
995,View Profile,View Profile,a_inner_text,A
995,future metals,/investment-portfolio/future-metals/,href,C
996,View Profile,View Profile,a_inner_text,A
996,g a partners,/investment-portfolio/g-a-partners/,href,C
997,View Profile,View Profile,a_inner_text,A
997,g h orthodontics,/investment-portfolio/g-h-orthodontics/,href,C
998,View Profile,View Profile,a_inner_text,A
998,galvanina,/investment-portfolio/galvanina/,href,C
999,View Profile,View Profile,a_inner_text,A
999,gastromatic,/investment-portfolio/gastromatic/,href,C
1000,View Profile,View Profile,a_inner_text,A
1000,gfos,/investment-portfolio/gfos/,href,C
1001,View Profile,View Profile,a_inner_text,A
1001,global claims services,/investment-portfolio/global-claims-services/,href,C
1002,View Profile,View Profile,a_inner_text,A
1002,global orthopaedic technologies,/investment-portfolio/global-orthopaedic-technologies/,href,C
1003,View Profile,View Profile,a_inner_text,A
1003,goby,/investment-portfolio/goby/,href,C
1004,View Profile,View Profile,a_inner_text,A
1004,goreact,/investment-portfolio/goreact/,href,C
1005,View Profile,View Profile,a_inner_text,A
1005,grace hill,/investment-portfolio/grace-hill/,href,C
1006,View Profile,View Profile,a_inner_text,A
1006,gravitee,/investment-portfolio/gravitee/,href,C
1007,View Profile,View Profile,a_inner_text,A
1007,greenline foods,/investment-portfolio/greenline-foods/,href,C
1008,View Profile,View Profile,a_inner_text,A
1008,greenphire,/investment-portfolio/greenphire/,href,C
1009,View Profile,View Profile,a_inner_text,A
1009,gti diagnostics,/investment-portfolio/gti-diagnostics/,href,C
1010,View Profile,View Profile,a_inner_text,A
1010,guestline,/investment-portfolio/guestline/,href,C
1011,View Profile,View Profile,a_inner_text,A
1011,hammerblow towing systems,/investment-portfolio/hammerblow-towing-systems/,href,C
1012,View Profile,View Profile,a_inner_text,A
1012,hapana,/investment-portfolio/hapana/,href,C
1013,View Profile,View Profile,a_inner_text,A
1013,hardware resources,/investment-portfolio/hardware-resources/,href,C
1014,View Profile,View Profile,a_inner_text,A
1014,harvey performance company,/investment-portfolio/harvey-performance-company/,href,C
1015,View Profile,View Profile,a_inner_text,A
1015,hcpro,/investment-portfolio/hcpro/,href,C
1016,View Profile,View Profile,a_inner_text,A
1016,h d advanced manufacturing,/investment-portfolio/h-d-advanced-manufacturing/,href,C
1017,View Profile,View Profile,a_inner_text,A
1017,head to toe brands,/investment-portfolio/head-to-toe-brands/,href,C
1018,View Profile,View Profile,a_inner_text,A
1018,health safety institute i,/investment-portfolio/health-safety-institute-i/,href,C
1019,View Profile,View Profile,a_inner_text,A
1019,health safety institute ii,/investment-portfolio/health-safety-institute-ii/,href,C
1020,View Profile,View Profile,a_inner_text,A
1020,healthcarefirst,/investment-portfolio/healthcarefirst/,href,C
1021,View Profile,View Profile,a_inner_text,A
1021,healthtech,/investment-portfolio/healthtech/,href,C
1022,View Profile,View Profile,a_inner_text,A
1022,herbthyme,/investment-portfolio/herbthyme/,href,C
1023,View Profile,View Profile,a_inner_text,A
1023,heydata,/investment-portfolio/heydata/,href,C
1024,View Profile,View Profile,a_inner_text,A
1024,hiway group,/investment-portfolio/hiway-group/,href,C
1025,View Profile,View Profile,a_inner_text,A
1025,hmi,/investment-portfolio/hmi/,href,C
1026,View Profile,View Profile,a_inner_text,A
1026,hr soft,/investment-portfolio/hr-soft/,href,C
1027,View Profile,View Profile,a_inner_text,A
1027,hra pharma,/investment-portfolio/hra-pharma/,href,C
1028,View Profile,View Profile,a_inner_text,A
1028,hudson sharp,/investment-portfolio/hudson-sharp/,href,C
1029,View Profile,View Profile,a_inner_text,A
1029,hydrocorp,/investment-portfolio/hydrocorp/,href,C
1030,View Profile,View Profile,a_inner_text,A
1030,iautomation,/investment-portfolio/iautomation/,href,C
1031,View Profile,View Profile,a_inner_text,A
1031,icev,/investment-portfolio/icev/,href,C
1032,View Profile,View Profile,a_inner_text,A
1032,ideoclick,/investment-portfolio/ideoclick/,href,C
1033,View Profile,View Profile,a_inner_text,A
1033,ideon,/investment-portfolio/ideon/,href,C
1034,View Profile,View Profile,a_inner_text,A
1034,idoc,/investment-portfolio/idoc/,href,C
1035,View Profile,View Profile,a_inner_text,A
1035,ifs group,/investment-portfolio/ifs-group/,href,C
1036,View Profile,View Profile,a_inner_text,A
1036,il pastaio di brescia,/investment-portfolio/il-pastaio-di-brescia/,href,C
1037,View Profile,View Profile,a_inner_text,A
1037,impact xm,/investment-portfolio/impact-xm/,href,C
1038,View Profile,View Profile,a_inner_text,A
1038,independent living specialists,/investment-portfolio/independent-living-specialists/,href,C
1039,View Profile,View Profile,a_inner_text,A
1039,inscape publishing,/investment-portfolio/inscape-publishing/,href,C
1040,View Profile,View Profile,a_inner_text,A
1040,insurance claims management,/investment-portfolio/insurance-claims-management/,href,C
1041,View Profile,View Profile,a_inner_text,A
1041,integrated power services,/investment-portfolio/integrated-power-services/,href,C
1042,View Profile,View Profile,a_inner_text,A
1042,intrepid networks,/investment-portfolio/intrepid-networks/,href,C
1043,View Profile,View Profile,a_inner_text,A
1043,invita,/investment-portfolio/invita/,href,C
1044,View Profile,View Profile,a_inner_text,A
1044,ironedge,/investment-portfolio/ironedge/,href,C
1045,View Profile,View Profile,a_inner_text,A
1045,it s just lunch,/investment-portfolio/it-s-just-lunch/,href,C
1046,View Profile,View Profile,a_inner_text,A
1046,junior sports corporation,/investment-portfolio/junior-sports-corporation/,href,C
1047,View Profile,View Profile,a_inner_text,A
1047,justrite manufacturing company,/investment-portfolio/justrite-manufacturing-company/,href,C
1048,View Profile,View Profile,a_inner_text,A
1048,kasasa,/investment-portfolio/kasasa/,href,C
1049,View Profile,View Profile,a_inner_text,A
1049,kaseware,/investment-portfolio/kaseware/,href,C
1050,View Profile,View Profile,a_inner_text,A
1050,keepsake quilting,/investment-portfolio/keepsake-quilting/,href,C
1051,View Profile,View Profile,a_inner_text,A
1051,keona health,/investment-portfolio/keona-health/,href,C
1052,View Profile,View Profile,a_inner_text,A
1052,keycast,/investment-portfolio/keycast/,href,C
1053,View Profile,View Profile,a_inner_text,A
1053,keymile,/investment-portfolio/keymile/,href,C
1054,View Profile,View Profile,a_inner_text,A
1054,kfm,/investment-portfolio/kfm/,href,C
1055,View Profile,View Profile,a_inner_text,A
1055,lacuna solutions,/investment-portfolio/lacuna-solutions/,href,C
1056,View Profile,View Profile,a_inner_text,A
1056,lakeview health,/investment-portfolio/lakeview-health/,href,C
1057,View Profile,View Profile,a_inner_text,A
1057,l com,/investment-portfolio/l-com/,href,C
1058,View Profile,View Profile,a_inner_text,A
1058,learning seat,/investment-portfolio/learning-seat/,href,C
1059,View Profile,View Profile,a_inner_text,A
1059,leftshift,/investment-portfolio/leftshift/,href,C
1060,View Profile,View Profile,a_inner_text,A
1060,lexipol i,/investment-portfolio/lexipol-i/,href,C
1061,View Profile,View Profile,a_inner_text,A
1061,lexipol ii,/investment-portfolio/lexipol-ii/,href,C
1062,View Profile,View Profile,a_inner_text,A
1062,lillebaby,/investment-portfolio/lillebaby/,href,C
1063,View Profile,View Profile,a_inner_text,A
1063,lmg holdings inc,/investment-portfolio/lmg-holdings-inc/,href,C
1064,View Profile,View Profile,a_inner_text,A
1064,loadstop,/investment-portfolio/loadstop/,href,C
1065,View Profile,View Profile,a_inner_text,A
1065,localtel,/investment-portfolio/localtel/,href,C
1066,View Profile,View Profile,a_inner_text,A
1066,logically,/investment-portfolio/logically/,href,C
1067,View Profile,View Profile,a_inner_text,A
1067,london s farm dairy,/investment-portfolio/london-s-farm-dairy/,href,C
1068,View Profile,View Profile,a_inner_text,A
1068,loop tie,/investment-portfolio/loop-tie/,href,C
1069,View Profile,View Profile,a_inner_text,A
1069,lumen dynamics group,/investment-portfolio/lumen-dynamics-group/,href,C
1070,View Profile,View Profile,a_inner_text,A
1070,marena group,/investment-portfolio/marena-group/,href,C
1071,View Profile,View Profile,a_inner_text,A
1071,marketmuse,/investment-portfolio/marketmuse/,href,C
1072,View Profile,View Profile,a_inner_text,A
1072,maverick,/investment-portfolio/maverick/,href,C
1073,View Profile,View Profile,a_inner_text,A
1073,mec3,/investment-portfolio/mec3/,href,C
1074,View Profile,View Profile,a_inner_text,A
1074,media source,/investment-portfolio/media-source/,href,C
1075,View Profile,View Profile,a_inner_text,A
1075,mediafly,/investment-portfolio/mediafly/,href,C
1076,View Profile,View Profile,a_inner_text,A
1076,megachemie,/investment-portfolio/megachemie/,href,C
1077,View Profile,View Profile,a_inner_text,A
1077,merit industries,/investment-portfolio/merit-industries/,href,C
1078,View Profile,View Profile,a_inner_text,A
1078,mifam,/investment-portfolio/mifam/,href,C
1079,View Profile,View Profile,a_inner_text,A
1079,mintra,/investment-portfolio/mintra/,href,C
1080,View Profile,View Profile,a_inner_text,A
1080,mk chimney systems,/investment-portfolio/mk-chimney-systems/,href,C
1081,View Profile,View Profile,a_inner_text,A
1081,mlcoa,/investment-portfolio/mlcoa/,href,C
1082,View Profile,View Profile,a_inner_text,A
1082,mmg fusion,/investment-portfolio/mmg-fusion/,href,C
1083,View Profile,View Profile,a_inner_text,A
1083,mnx,/investment-portfolio/mnx/,href,C
1084,View Profile,View Profile,a_inner_text,A
1084,modern campus,/investment-portfolio/modern-campus/,href,C
1085,View Profile,View Profile,a_inner_text,A
1085,modern hire,/investment-portfolio/modern-hire/,href,C
1086,View Profile,View Profile,a_inner_text,A
1086,momentum group i,/investment-portfolio/momentum-group-i/,href,C
1087,View Profile,View Profile,a_inner_text,A
1087,momentum group ii,/investment-portfolio/momentum-group-ii/,href,C
1088,View Profile,View Profile,a_inner_text,A
1088,monessen,/investment-portfolio/monessen/,href,C
1089,View Profile,View Profile,a_inner_text,A
1089,montel,/investment-portfolio/montel/,href,C
1090,View Profile,View Profile,a_inner_text,A
1090,moss,/investment-portfolio/moss/,href,C
1091,View Profile,View Profile,a_inner_text,A
1091,mw industries,/investment-portfolio/mw-industries/,href,C
1092,View Profile,View Profile,a_inner_text,A
1092,myskillcamp,/investment-portfolio/myskillcamp/,href,C
1093,View Profile,View Profile,a_inner_text,A
1093,naka,/investment-portfolio/naka/,href,C
1094,View Profile,View Profile,a_inner_text,A
1094,navex global,/investment-portfolio/navex-global/,href,C
1095,View Profile,View Profile,a_inner_text,A
1095,navigate360,/investment-portfolio/navigate360/,href,C
1096,View Profile,View Profile,a_inner_text,A
1096,neighborly,/investment-portfolio/neighborly/,href,C
1097,View Profile,View Profile,a_inner_text,A
1097,netwatch group,/investment-portfolio/netwatch-group/,href,C
1098,View Profile,View Profile,a_inner_text,A
1098,nordco,/investment-portfolio/nordco/,href,C
1099,View Profile,View Profile,a_inner_text,A
1099,north american dental group,/investment-portfolio/north-american-dental-group/,href,C
1100,View Profile,View Profile,a_inner_text,A
1100,novamed,/investment-portfolio/novamed/,href,C
1101,View Profile,View Profile,a_inner_text,A
1101,npc,/investment-portfolio/npc/,href,C
1102,View Profile,View Profile,a_inner_text,A
1102,nustef baking,/investment-portfolio/nustef-baking/,href,C
1103,View Profile,View Profile,a_inner_text,A
1103,oaky,/investment-portfolio/oaky/,href,C
1104,View Profile,View Profile,a_inner_text,A
1104,olympic boat centers,/investment-portfolio/olympic-boat-centers/,href,C
1105,View Profile,View Profile,a_inner_text,A
1105,omnigo software,/investment-portfolio/omnigo-software/,href,C
1106,View Profile,View Profile,a_inner_text,A
1106,on location,/investment-portfolio/on-location/,href,C
1107,View Profile,View Profile,a_inner_text,A
1107,oncourse learning,/investment-portfolio/oncourse-learning/,href,C
1108,View Profile,View Profile,a_inner_text,A
1108,oni communications,/investment-portfolio/oni-communications/,href,C
1109,View Profile,View Profile,a_inner_text,A
1109,onscent,/investment-portfolio/onscent/,href,C
1110,View Profile,View Profile,a_inner_text,A
1110,oomnitza,/investment-portfolio/oomnitza/,href,C
1111,View Profile,View Profile,a_inner_text,A
1111,orliman,/investment-portfolio/orliman/,href,C
1112,View Profile,View Profile,a_inner_text,A
1112,orthod,/investment-portfolio/orthod/,href,C
1113,View Profile,View Profile,a_inner_text,A
1113,outsolve,/investment-portfolio/outsolve/,href,C
1114,View Profile,View Profile,a_inner_text,A
1114,outward hound,/investment-portfolio/outward-hound/,href,C
1115,View Profile,View Profile,a_inner_text,A
1115,ownlocal,/investment-portfolio/ownlocal/,href,C
1116,View Profile,View Profile,a_inner_text,A
1116,paradigm tax group,/investment-portfolio/paradigm-tax-group/,href,C
1117,View Profile,View Profile,a_inner_text,A
1117,pareto,/investment-portfolio/pareto/,href,C
1118,View Profile,View Profile,a_inner_text,A
1118,parker food group,/investment-portfolio/parker-food-group/,href,C
1119,View Profile,View Profile,a_inner_text,A
1119,partium,/investment-portfolio/partium/,href,C
1120,View Profile,View Profile,a_inner_text,A
1120,patronmanager,/investment-portfolio/patronmanager/,href,C
1121,View Profile,View Profile,a_inner_text,A
1121,peak,/investment-portfolio/peak/,href,C
1122,View Profile,View Profile,a_inner_text,A
1122,peerspot,/investment-portfolio/peerspot/,href,C
1123,View Profile,View Profile,a_inner_text,A
1123,peoplegrove,/investment-portfolio/peoplegrove/,href,C
1124,View Profile,View Profile,a_inner_text,A
1124,performance systems integration,/investment-portfolio/performance-systems-integration/,href,C
1125,View Profile,View Profile,a_inner_text,A
1125,pfb corporation,/investment-portfolio/pfb-corporation/,href,C
1126,View Profile,View Profile,a_inner_text,A
1126,polar windows,/investment-portfolio/polar-windows/,href,C
1127,View Profile,View Profile,a_inner_text,A
1127,ppc insulators,/investment-portfolio/ppc-insulators/,href,C
1128,View Profile,View Profile,a_inner_text,A
1128,precision wire components,/investment-portfolio/precision-wire-components/,href,C
1129,View Profile,View Profile,a_inner_text,A
1129,primalex,/investment-portfolio/primalex/,href,C
1130,View Profile,View Profile,a_inner_text,A
1130,production control services,/investment-portfolio/production-control-services/,href,C
1131,View Profile,View Profile,a_inner_text,A
1131,profitsystems,/investment-portfolio/profitsystems/,href,C
1132,View Profile,View Profile,a_inner_text,A
1132,propensity,/investment-portfolio/propensity/,href,C
1133,View Profile,View Profile,a_inner_text,A
1133,prosites,/investment-portfolio/prosites/,href,C
1134,View Profile,View Profile,a_inner_text,A
1134,pro vigil,/investment-portfolio/pro-vigil/,href,C
1135,View Profile,View Profile,a_inner_text,A
1135,purple,/investment-portfolio/purple/,href,C
1136,View Profile,View Profile,a_inner_text,A
1136,pypestream,/investment-portfolio/pypestream/,href,C
1137,View Profile,View Profile,a_inner_text,A
1137,qualserv,/investment-portfolio/qualserv/,href,C
1138,View Profile,View Profile,a_inner_text,A
1138,quivers,/investment-portfolio/quivers/,href,C
1139,View Profile,View Profile,a_inner_text,A
1139,rameder,/investment-portfolio/rameder/,href,C
1140,View Profile,View Profile,a_inner_text,A
1140,readyset surgical,/investment-portfolio/readyset-surgical/,href,C
1141,View Profile,View Profile,a_inner_text,A
1141,recovery point,/investment-portfolio/recovery-point/,href,C
1142,View Profile,View Profile,a_inner_text,A
1142,red nucleus,/investment-portfolio/red-nucleus/,href,C
1143,View Profile,View Profile,a_inner_text,A
1143,redteam,/investment-portfolio/redteam/,href,C
1144,View Profile,View Profile,a_inner_text,A
1144,reima,/investment-portfolio/reima/,href,C
1145,View Profile,View Profile,a_inner_text,A
1145,relay fire and safety,/investment-portfolio/relay-fire-and-safety/,href,C
1146,View Profile,View Profile,a_inner_text,A
1146,repa,/investment-portfolio/repa/,href,C
1147,View Profile,View Profile,a_inner_text,A
1147,results weight loss,/investment-portfolio/results-weight-loss/,href,C
1148,View Profile,View Profile,a_inner_text,A
1148,retail zoo,/investment-portfolio/retail-zoo/,href,C
1149,View Profile,View Profile,a_inner_text,A
1149,revegy,/investment-portfolio/revegy/,href,C
1150,View Profile,View Profile,a_inner_text,A
1150,revtrax,/investment-portfolio/revtrax/,href,C
1151,View Profile,View Profile,a_inner_text,A
1151,richter chemie technik,/investment-portfolio/richter-chemie-technik/,href,C
1152,View Profile,View Profile,a_inner_text,A
1152,rutland group,/investment-portfolio/rutland-group/,href,C
1153,View Profile,View Profile,a_inner_text,A
1153,safebuilt,/investment-portfolio/safebuilt/,href,C
1154,View Profile,View Profile,a_inner_text,A
1154,salgglas,/investment-portfolio/salgglas/,href,C
1155,View Profile,View Profile,a_inner_text,A
1155,screenvision media,/investment-portfolio/screenvision-media/,href,C
1156,View Profile,View Profile,a_inner_text,A
1156,seatex,/investment-portfolio/seatex/,href,C
1157,View Profile,View Profile,a_inner_text,A
1157,selig sealing products,/investment-portfolio/selig-sealing-products/,href,C
1158,View Profile,View Profile,a_inner_text,A
1158,sencore,/investment-portfolio/sencore/,href,C
1159,View Profile,View Profile,a_inner_text,A
1159,sentinel,/investment-portfolio/sentinel/,href,C
1160,View Profile,View Profile,a_inner_text,A
1160,sevdesk,/investment-portfolio/sevdesk/,href,C
1161,View Profile,View Profile,a_inner_text,A
1161,shinsouki,/investment-portfolio/shinsouki/,href,C
1162,View Profile,View Profile,a_inner_text,A
1162,showd me,/investment-portfolio/showd-me/,href,C
1163,View Profile,View Profile,a_inner_text,A
1163,siffron,/investment-portfolio/siffron/,href,C
1164,View Profile,View Profile,a_inner_text,A
1164,sigg,/investment-portfolio/sigg/,href,C
1165,View Profile,View Profile,a_inner_text,A
1165,simcro,/investment-portfolio/simcro/,href,C
1166,View Profile,View Profile,a_inner_text,A
1166,smartways 1,/investment-portfolio/smartways-1/,href,C
1167,View Profile,View Profile,a_inner_text,A
1167,soluta inc and boon chapman benefit administrators inc,/investment-portfolio/soluta-inc-and-boon-chapman-benefit-administrators-inc/,href,C
1168,View Profile,View Profile,a_inner_text,A
1168,soothe,/investment-portfolio/soothe/,href,C
1169,View Profile,View Profile,a_inner_text,A
1169,south florida newspaper network,/investment-portfolio/south-florida-newspaper-network/,href,C
1170,View Profile,View Profile,a_inner_text,A
1170,specialized medical services,/investment-portfolio/specialized-medical-services/,href,C
1171,View Profile,View Profile,a_inner_text,A
1171,spectrio,/investment-portfolio/spectrio/,href,C
1172,View Profile,View Profile,a_inner_text,A
1172,spirion,/investment-portfolio/spirion/,href,C
1173,View Profile,View Profile,a_inner_text,A
1173,spofadental,/investment-portfolio/spofadental/,href,C
1174,View Profile,View Profile,a_inner_text,A
1174,sportsrecruits,/investment-portfolio/sportsrecruits/,href,C
1175,View Profile,View Profile,a_inner_text,A
1175,squirro,/investment-portfolio/squirro/,href,C
1176,View Profile,View Profile,a_inner_text,A
1176,stemlab,/investment-portfolio/stemlab/,href,C
1177,View Profile,View Profile,a_inner_text,A
1177,stoffel seals,/investment-portfolio/stoffel-seals/,href,C
1178,View Profile,View Profile,a_inner_text,A
1178,suitepad,/investment-portfolio/suitepad/,href,C
1179,View Profile,View Profile,a_inner_text,A
1179,sunless inc,/investment-portfolio/sunless-inc/,href,C
1180,View Profile,View Profile,a_inner_text,A
1180,sunrise windows,/investment-portfolio/sunrise-windows/,href,C
1181,View Profile,View Profile,a_inner_text,A
1181,surewerx,/investment-portfolio/surewerx/,href,C
1182,View Profile,View Profile,a_inner_text,A
1182,swedish education group,/investment-portfolio/swedish-education-group/,href,C
1183,View Profile,View Profile,a_inner_text,A
1183,sytrue,/investment-portfolio/sytrue/,href,C
1184,View Profile,View Profile,a_inner_text,A
1184,t3 services group,/investment-portfolio/t3-services-group/,href,C
1185,View Profile,View Profile,a_inner_text,A
1185,tate s bake shop,/investment-portfolio/tate-s-bake-shop/,href,C
1186,View Profile,View Profile,a_inner_text,A
1186,team technologies,/investment-portfolio/team-technologies/,href,C
1187,View Profile,View Profile,a_inner_text,A
1187,tensator,/investment-portfolio/tensator/,href,C
1188,View Profile,View Profile,a_inner_text,A
1188,teufel,/investment-portfolio/teufel/,href,C
1189,View Profile,View Profile,a_inner_text,A
1189,the derm group,/investment-portfolio/the-derm-group/,href,C
1190,View Profile,View Profile,a_inner_text,A
1190,the dwyer group i,/investment-portfolio/the-dwyer-group-i/,href,C
1191,View Profile,View Profile,a_inner_text,A
1191,the dwyer group ii,/investment-portfolio/the-dwyer-group-ii/,href,C
1192,View Profile,View Profile,a_inner_text,A
1192,the healthea group,/investment-portfolio/the-healthea-group/,href,C
1193,View Profile,View Profile,a_inner_text,A
1193,the townsend group,/investment-portfolio/the-townsend-group/,href,C
1194,View Profile,View Profile,a_inner_text,A
1194,the vomela companies,/investment-portfolio/the-vomela-companies/,href,C
1195,View Profile,View Profile,a_inner_text,A
1195,thibaut,/investment-portfolio/thibaut/,href,C
1196,View Profile,View Profile,a_inner_text,A
1196,thinktank,/investment-portfolio/thinktank/,href,C
1197,View Profile,View Profile,a_inner_text,A
1197,threatmark inc,/investment-portfolio/threatmark-inc/,href,C
1198,View Profile,View Profile,a_inner_text,A
1198,threshold brands,/investment-portfolio/threshold-brands/,href,C
1199,View Profile,View Profile,a_inner_text,A
1199,todaytix,/investment-portfolio/todaytix/,href,C
1200,View Profile,View Profile,a_inner_text,A
1200,toolport,/investment-portfolio/toolport/,href,C
1201,View Profile,View Profile,a_inner_text,A
1201,transporeon,/investment-portfolio/transporeon/,href,C
1202,View Profile,View Profile,a_inner_text,A
1202,trend technologies,/investment-portfolio/trend-technologies/,href,C
1203,View Profile,View Profile,a_inner_text,A
1203,tropikal pet,/investment-portfolio/tropikal-pet/,href,C
1204,View Profile,View Profile,a_inner_text,A
1204,true health group,/investment-portfolio/true-health-group/,href,C
1205,View Profile,View Profile,a_inner_text,A
1205,trustwell,/investment-portfolio/trustwell/,href,C
1206,View Profile,View Profile,a_inner_text,A
1206,turtl,/investment-portfolio/turtl/,href,C
1207,View Profile,View Profile,a_inner_text,A
1207,typsy,/investment-portfolio/typsy/,href,C
1208,View Profile,View Profile,a_inner_text,A
1208,uinta brewing company,/investment-portfolio/uinta-brewing-company/,href,C
1209,View Profile,View Profile,a_inner_text,A
1209,ultravolt,/investment-portfolio/ultravolt/,href,C
1210,View Profile,View Profile,a_inner_text,A
1210,unifocus,/investment-portfolio/unifocus/,href,C
1211,View Profile,View Profile,a_inner_text,A
1211,unipac,/investment-portfolio/unipac/,href,C
1212,View Profile,View Profile,a_inner_text,A
1212,united central industrial supply,/investment-portfolio/united-central-industrial-supply/,href,C
1213,View Profile,View Profile,a_inner_text,A
1213,universal air filter,/investment-portfolio/universal-air-filter/,href,C
1214,View Profile,View Profile,a_inner_text,A
1214,us cabinet depot,/investment-portfolio/us-cabinet-depot/,href,C
1215,View Profile,View Profile,a_inner_text,A
1215,veritext,/investment-portfolio/veritext/,href,C
1216,View Profile,View Profile,a_inner_text,A
1216,viking plastics,/investment-portfolio/viking-plastics/,href,C
1217,View Profile,View Profile,a_inner_text,A
1217,vitex packaging group,/investment-portfolio/vitex-packaging-group/,href,C
1218,View Profile,View Profile,a_inner_text,A
1218,vitg,/investment-portfolio/vitg/,href,C
1219,View Profile,View Profile,a_inner_text,A
1219,vivi,/investment-portfolio/vivi/,href,C
1220,View Profile,View Profile,a_inner_text,A
1220,vokes air group,/investment-portfolio/vokes-air-group/,href,C
1221,View Profile,View Profile,a_inner_text,A
1221,wall street prep,/investment-portfolio/wall-street-prep/,href,C
1222,View Profile,View Profile,a_inner_text,A
1222,waste service group,/investment-portfolio/waste-service-group/,href,C
1223,View Profile,View Profile,a_inner_text,A
1223,water jel,/investment-portfolio/water-jel/,href,C
1224,View Profile,View Profile,a_inner_text,A
1224,welltec,/investment-portfolio/welltec/,href,C
1225,View Profile,View Profile,a_inner_text,A
1225,whatcounts,/investment-portfolio/whatcounts/,href,C
1226,View Profile,View Profile,a_inner_text,A
1226,whitney automotive group,/investment-portfolio/whitney-automotive-group/,href,C
1227,View Profile,View Profile,a_inner_text,A
1227,wildlife international,/investment-portfolio/wildlife-international/,href,C
1228,View Profile,View Profile,a_inner_text,A
1228,wiz korea,/investment-portfolio/wiz-korea/,href,C
1229,View Profile,View Profile,a_inner_text,A
1229,wondr health,/investment-portfolio/wondr-health/,href,C
1230,View Profile,View Profile,a_inner_text,A
1230,work health group,/investment-portfolio/work-health-group/,href,C
1231,View Profile,View Profile,a_inner_text,A
1231,workplace media,/investment-portfolio/workplace-media/,href,C
1232,View Profile,View Profile,a_inner_text,A
1232,workstride,/investment-portfolio/workstride/,href,C
1233,View Profile,View Profile,a_inner_text,A
1233,xcentric,/investment-portfolio/xcentric/,href,C
1234,View Profile,View Profile,a_inner_text,A
1234,y international,/investment-portfolio/y-international/,href,C
1235,View Profile,View Profile,a_inner_text,A
1235,yourmembership,/investment-portfolio/yourmembership/,href,C
1236,View Profile,View Profile,a_inner_text,A
1236,yumearth,/investment-portfolio/yumearth/,href,C
1237,View Profile,View Profile,a_inner_text,A
1237,zetkama,/investment-portfolio/zetkama/,href,C
1238,View Profile,View Profile,a_inner_text,A
1238,ziflow,/investment-portfolio/ziflow/,href,C
1239,View Profile,View Profile,a_inner_text,A
1239,zoobean,/investment-portfolio/zoobean/,href,C
1240,Aforall Weblogo 180X100,Aforall Weblogo 180X100,img_alt_text,B
1241,Abracon2 Weblogo,Abracon2 Weblogo,img_alt_text,B
1242,ACT Test Panels Logo,ACT Test Panels Logo,img_alt_text,B
1243,ACTINEO logo,ACTINEO logo,img_alt_text,B
1244,ActivStyle Logo,ActivStyle Logo,img_alt_text,B
1245,AdhereHealth Logo,AdhereHealth Logo,img_alt_text,B
1246,AERCO Logo,AERCO Logo,img_alt_text,B
1247,Affinitiv Weblogo,Affinitiv Weblogo,img_alt_text,B
1248,Agens Logo,Agens Logo,img_alt_text,B
1249,QDS Logo,QDS Logo,img_alt_text,B
1250,AIA Logo New,AIA Logo New,img_alt_text,B
1251,Airfocus Weblogo 180X100,Airfocus Weblogo 180X100,img_alt_text,B
1252,AIS Logo,AIS Logo,img_alt_text,B
1253,Alchemy Systems Logo,Alchemy Systems Logo,img_alt_text,B
1254,AMS Logo,AMS Logo,img_alt_text,B
1255,Align Networks Logo,Align Networks Logo,img_alt_text,B
1256,Weblogo Alignopps 180X100,Weblogo Alignopps 180X100,img_alt_text,B
1257,Alphah Weblogo2,Alphah Weblogo2,img_alt_text,B
1258,Alsana logo,Alsana logo,img_alt_text,B
1259,Weblogo Altiusgroup2 180X100,Weblogo Altiusgroup2 180X100,img_alt_text,B
1260,"American Electronic Components, Inc. Logo","American Electronic Components, Inc. Logo",img_alt_text,B
1261,American Hospice Logo,American Hospice Logo,img_alt_text,B
1262,American Products Company Logo,American Products Company Logo,img_alt_text,B
1263,AST logo,AST logo,img_alt_text,B
1264,Antiox,Antiox,img_alt_text,B
1265,Apica Weblogo,Apica Weblogo,img_alt_text,B
1266,Apollointeractive Weblogo2,Apollointeractive Weblogo2,img_alt_text,B
1267,Weblogo Aptivio 180X100,Weblogo Aptivio 180X100,img_alt_text,B
1268,ARCOS,ARCOS,img_alt_text,B
1269,ARCOS,ARCOS,img_alt_text,B
1270,Arena Group Logo,Arena Group Logo,img_alt_text,B
1271,Arrowhead Engineered Products,Arrowhead Engineered Products,img_alt_text,B
1272,ATI Logo,ATI Logo,img_alt_text,B
1273,Weblogo Autocorpai 180X100,Weblogo Autocorpai 180X100,img_alt_text,B
1274,Avance Weblogo 180X100,Avance Weblogo 180X100,img_alt_text,B
1275,Avatar Solutions Logo,Avatar Solutions Logo,img_alt_text,B
1276,AWP logo,AWP logo,img_alt_text,B
1277,Awpsafety Weblogo 180X100,Awpsafety Weblogo 180X100,img_alt_text,B
1278,Axsemantics Weblogo 180X100,Axsemantics Weblogo 180X100,img_alt_text,B
1279,Axiom Automotive Technologies Logo,Axiom Automotive Technologies Logo,img_alt_text,B
1280,Baby Jogger Logo,Baby Jogger Logo,img_alt_text,B
1281,Baker Hill Logo,Baker Hill Logo,img_alt_text,B
1282,Be Green Packaging,Be Green Packaging,img_alt_text,B
1283,BeaconMedaes Logo,BeaconMedaes Logo,img_alt_text,B
1284,BeneSys,BeneSys,img_alt_text,B
1285,Bentleylabsweblogo2,Bentleylabsweblogo2,img_alt_text,B
1286,Weblogo Beonx 180X100,Weblogo Beonx 180X100,img_alt_text,B
1287,Bestlifebrandsweblogo (1),Bestlifebrandsweblogo (1),img_alt_text,B
1288,Bigthinkweblogo,Bigthinkweblogo,img_alt_text,B
1289,Bike24,Bike24,img_alt_text,B
1290,Bike24,Bike24,img_alt_text,B
1291,Weblogo Bionativa 180X100,Weblogo Bionativa 180X100,img_alt_text,B
1292,Blue Microphones logo,Blue Microphones logo,img_alt_text,B
1293,Weblogo Bluefletch 180X100,Weblogo Bluefletch 180X100,img_alt_text,B
1294,Blueprint Weblogo 180X100,Blueprint Weblogo 180X100,img_alt_text,B
1295,Bohemia Interactive Simulations,Bohemia Interactive Simulations,img_alt_text,B
1296,BrandMuscle Logo,BrandMuscle Logo,img_alt_text,B
1297,Brookson Logo,Brookson Logo,img_alt_text,B
1298,Buildout Logo,Buildout Logo,img_alt_text,B
1299,Camelot Education Logo,Camelot Education Logo,img_alt_text,B
1300,Capol Logo,Capol Logo,img_alt_text,B
1301,CapRock Logo,CapRock Logo,img_alt_text,B
1302,Weblogo Caravelo 180X100,Weblogo Caravelo 180X100,img_alt_text,B
1303,Carborundum Logo,Carborundum Logo,img_alt_text,B
1304,Casaviweblogo,Casaviweblogo,img_alt_text,B
1305,Causematch Weblogo 180X100,Causematch Weblogo 180X100,img_alt_text,B
1306,Censis,Censis,img_alt_text,B
1307,Certasite Weblogo2,Certasite Weblogo2,img_alt_text,B
1308,Weblogo Chronicleheritage 180X100,Weblogo Chronicleheritage 180X100,img_alt_text,B
1309,Circlelinkhealth Weblogo,Circlelinkhealth Weblogo,img_alt_text,B
1310,CIS Weblogo 180X100,CIS Weblogo 180X100,img_alt_text,B
1311,Clarus logo,Clarus logo,img_alt_text,B
1312,Clayton Logo,Clayton Logo,img_alt_text,B
1313,CEA Weblogo,CEA Weblogo,img_alt_text,B
1314,Clockworksanalytics Weblogo2,Clockworksanalytics Weblogo2,img_alt_text,B
1315,Weblogo Cloudrange 180X100 (1),Weblogo Cloudrange 180X100 (1),img_alt_text,B
1316,Weblogo Cloudrange 180X120,Weblogo Cloudrange 180X120,img_alt_text,B
1317,Cloudlex Weblogo 180X100,Cloudlex Weblogo 180X100,img_alt_text,B
1318,Weblogo Cloudpermit 180X100,Weblogo Cloudpermit 180X100,img_alt_text,B
1319,Cmitsolutions Weblogo 180X100,Cmitsolutions Weblogo 180X100,img_alt_text,B
1320,Coeur Logo,Coeur Logo,img_alt_text,B
1321,Commonwealth Lam-CLC Logo,Commonwealth Lam-CLC Logo,img_alt_text,B
1322,Compleet Weblogo2 180X100,Compleet Weblogo2 180X100,img_alt_text,B
1323,Computer Press Logo,Computer Press Logo,img_alt_text,B
1324,Connexientweblogo,Connexientweblogo,img_alt_text,B
1325,Connor Sport Court,Connor Sport Court,img_alt_text,B
1326,Consensusweblogo,Consensusweblogo,img_alt_text,B
1327,Weblogo Contruent 180X100,Weblogo Contruent 180X100,img_alt_text,B
1328,Convertr Weblogo 180X100,Convertr Weblogo 180X100,img_alt_text,B
1329,Corporatevisions Weblogo 180X100,Corporatevisions Weblogo 180X100,img_alt_text,B
1330,Weblogo Creditlogic 180X100,Weblogo Creditlogic 180X100,img_alt_text,B
1331,Weblogo CRIO 180X100,Weblogo CRIO 180X100,img_alt_text,B
1332,CPI,CPI,img_alt_text,B
1333,Cryptomathic Weblogo 180X100,Cryptomathic Weblogo 180X100,img_alt_text,B
1334,Cutomerguage Weblogocolor,Cutomerguage Weblogocolor,img_alt_text,B
1335,Weblogo Cyberguru 180X100,Weblogo Cyberguru 180X100,img_alt_text,B
1336,Weblogo Cybersaint 180X100,Weblogo Cybersaint 180X100,img_alt_text,B
1337,Weblogo Dastex2a 180X100,Weblogo Dastex2a 180X100,img_alt_text,B
1338,Weblogo DAWGS 180X100,Weblogo DAWGS 180X100,img_alt_text,B
1339,DCM Asia Logo,DCM Asia Logo,img_alt_text,B
1340,Deckcommerce Weblogocolor,Deckcommerce Weblogocolor,img_alt_text,B
1341,Weblogo Decusoftt 180X100,Weblogo Decusoftt 180X100,img_alt_text,B
1342,Weblogo Delaget 180X100,Weblogo Delaget 180X100,img_alt_text,B
1343,Delta Logo,Delta Logo,img_alt_text,B
1344,DentalPlans.com,DentalPlans.com,img_alt_text,B
1345,DHD Logo,DHD Logo,img_alt_text,B
1346,Diatron Group Logo,Diatron Group Logo,img_alt_text,B
1347,DTI Logo,DTI Logo,img_alt_text,B
1348,Weblogo DINGO 180X100,Weblogo DINGO 180X100,img_alt_text,B
1349,DISA Logo,DISA Logo,img_alt_text,B
1350,Doctorcomweblogo,Doctorcomweblogo,img_alt_text,B
1351,DPA Microphones,DPA Microphones,img_alt_text,B
1352,DuBois Logo,DuBois Logo,img_alt_text,B
1353,DuBois Logo,DuBois Logo,img_alt_text,B
1354,Dynojet Logo,Dynojet Logo,img_alt_text,B
1355,E&A Scheer Logo,E&A Scheer Logo,img_alt_text,B
1356,Eemax,Eemax,img_alt_text,B
1357,Elite Sportswear,Elite Sportswear,img_alt_text,B
1358,EM Test Logo,EM Test Logo,img_alt_text,B
1359,ECN Logo,ECN Logo,img_alt_text,B
1360,Weblogo Energyexemplar 180X100,Weblogo Energyexemplar 180X100,img_alt_text,B
1361,Enhatchweblogo,Enhatchweblogo,img_alt_text,B
1362,ENTRIX Logo,ENTRIX Logo,img_alt_text,B
1363,EPCO Logo,EPCO Logo,img_alt_text,B
1364,Epilot Weblogo 180X100,Epilot Weblogo 180X100,img_alt_text,B
1365,Weblogo Essentialcompositions2 180X100,Weblogo Essentialcompositions2 180X100,img_alt_text,B
1366,Euromed Logo,Euromed Logo,img_alt_text,B
1367,Eventsair Weblogo 180X100,Eventsair Weblogo 180X100,img_alt_text,B
1368,Eversmithbrands Weblogo 180X100,Eversmithbrands Weblogo 180X100,img_alt_text,B
1369,Weblogo Everway 180X100,Weblogo Everway 180X100,img_alt_text,B
1370,Weblogo Everway 180X100,Weblogo Everway 180X100,img_alt_text,B
1371,Evive Weblogo 180X100,Evive Weblogo 180X100,img_alt_text,B
1372,Execvisionweblogo,Execvisionweblogo,img_alt_text,B
1373,Experient Logo,Experient Logo,img_alt_text,B
1374,Weblogo Expionhealth 180X100,Weblogo Expionhealth 180X100,img_alt_text,B
1375,Express Logo,Express Logo,img_alt_text,B
1376,Fadata,Fadata,img_alt_text,B
1377,FairPay,FairPay,img_alt_text,B
1378,Fielo Weblogo 180X100,Fielo Weblogo 180X100,img_alt_text,B
1379,Fisher Unitech Logo,Fisher Unitech Logo,img_alt_text,B
1380,FLA Logo,FLA Logo,img_alt_text,B
1381,Flavorsum Weblogo 180X100,Flavorsum Weblogo 180X100,img_alt_text,B
1382,FoodState Company Logo,FoodState Company Logo,img_alt_text,B
1383,Freeway Weblogo 180X100,Freeway Weblogo 180X100,img_alt_text,B
1384,Freightwise Weblogocolor,Freightwise Weblogocolor,img_alt_text,B
1385,FURTHER Weblogo 180X100,FURTHER Weblogo 180X100,img_alt_text,B
1386,Future Metals Logo,Future Metals Logo,img_alt_text,B
1387,Gapartners Weblogo,Gapartners Weblogo,img_alt_text,B
1388,G&H Orthodontics Logo,G&H Orthodontics Logo,img_alt_text,B
1389,Galvanina Logo,Galvanina Logo,img_alt_text,B
1390,Gastromatic Weblogo 180X100,Gastromatic Weblogo 180X100,img_alt_text,B
1391,Weblogo GFOS 180X100,Weblogo GFOS 180X100,img_alt_text,B
1392,Global Claims Services,Global Claims Services,img_alt_text,B
1393,Global Orthopaedic Technology,Global Orthopaedic Technology,img_alt_text,B
1394,Goby Weblogocolor,Goby Weblogocolor,img_alt_text,B
1395,Goreactweblogo,Goreactweblogo,img_alt_text,B
1396,Gracehill Logo,Gracehill Logo,img_alt_text,B
1397,Weblogo Gravitee 180X100,Weblogo Gravitee 180X100,img_alt_text,B
1398,GreenLine Logo,GreenLine Logo,img_alt_text,B
1399,Greenphire Logo,Greenphire Logo,img_alt_text,B
1400,GTI Logo,GTI Logo,img_alt_text,B
1401,Guestline Logo,Guestline Logo,img_alt_text,B
1402,Hammerblow Logo,Hammerblow Logo,img_alt_text,B
1403,Weblogo Hapana 180X100,Weblogo Hapana 180X100,img_alt_text,B
1404,HardwareResources Logo,HardwareResources Logo,img_alt_text,B
1405,Harvey Performance Company Logo,Harvey Performance Company Logo,img_alt_text,B
1406,HCPro Logo,HCPro Logo,img_alt_text,B
1407,HD Advanced Logo,HD Advanced Logo,img_alt_text,B
1408,Weblogo Headtotoebrands 180X100,Weblogo Headtotoebrands 180X100,img_alt_text,B
1409,HSI Logo,HSI Logo,img_alt_text,B
1410,HSI Logo,HSI Logo,img_alt_text,B
1411,healthcarefirst,healthcarefirst,img_alt_text,B
1412,Healthtech3 Logo,Healthtech3 Logo,img_alt_text,B
1413,Herb Thyme Logo,Herb Thyme Logo,img_alt_text,B
1414,Weblogo Heydata 180X100,Weblogo Heydata 180X100,img_alt_text,B
1415,Hiway Group Logo,Hiway Group Logo,img_alt_text,B
1416,HMI Weblogo3,HMI Weblogo3,img_alt_text,B
1417,Hrsoft Weblogo 180X100,Hrsoft Weblogo 180X100,img_alt_text,B
1418,HRA Pharma,HRA Pharma,img_alt_text,B
1419,Hudson Sharp Logo,Hudson Sharp Logo,img_alt_text,B
1420,Hydrocorp Weblogo 180X100,Hydrocorp Weblogo 180X100,img_alt_text,B
1421,iAutomation Logo,iAutomation Logo,img_alt_text,B
1422,Icev Weblogo 180X100,Icev Weblogo 180X100,img_alt_text,B
1423,Ideoclickweblogo,Ideoclickweblogo,img_alt_text,B
1424,Weblogo IDEON 180X100,Weblogo IDEON 180X100,img_alt_text,B
1425,IDOC Logo,IDOC Logo,img_alt_text,B
1426,IFS Group,IFS Group,img_alt_text,B
1427,Weblogo Ilpastaio 180X100,Weblogo Ilpastaio 180X100,img_alt_text,B
1428,Weblogo Impactxm 180X100,Weblogo Impactxm 180X100,img_alt_text,B
1429,ILS Weblogo,ILS Weblogo,img_alt_text,B
1430,Inscape Logo,Inscape Logo,img_alt_text,B
1431,Innovating Claims Management Logo,Innovating Claims Management Logo,img_alt_text,B
1432,IPS Logo,IPS Logo,img_alt_text,B
1433,Weblogo Intrepidnetworks 180X100,Weblogo Intrepidnetworks 180X100,img_alt_text,B
1434,Invita Weblogo,Invita Weblogo,img_alt_text,B
1435,Weblogo Ironedge 180X100,Weblogo Ironedge 180X100,img_alt_text,B
1436,It's Just Lunch Logo,It's Just Lunch Logo,img_alt_text,B
1437,Junior Sports Corporation,Junior Sports Corporation,img_alt_text,B
1438,Justrite Logo,Justrite Logo,img_alt_text,B
1439,Kasasa Logo,Kasasa Logo,img_alt_text,B
1440,Weblogo Kaseware 180X100,Weblogo Kaseware 180X100,img_alt_text,B
1441,Keepsake Logo,Keepsake Logo,img_alt_text,B
1442,Keonahealth Weblogocolor,Keonahealth Weblogocolor,img_alt_text,B
1443,Keycast Logo,Keycast Logo,img_alt_text,B
1444,Keymile,Keymile,img_alt_text,B
1445,KFM Logo,KFM Logo,img_alt_text,B
1446,Lacunasolutions Weblogo 180X100,Lacunasolutions Weblogo 180X100,img_alt_text,B
1447,Lakeview Health Logo,Lakeview Health Logo,img_alt_text,B
1448,L-com Logo,L-com Logo,img_alt_text,B
1449,Learning Seat Logo,Learning Seat Logo,img_alt_text,B
1450,Leftshiftweblogo,Leftshiftweblogo,img_alt_text,B
1451,Lexipol Weblogo2,Lexipol Weblogo2,img_alt_text,B
1452,Lexipol Weblogo2,Lexipol Weblogo2,img_alt_text,B
1453,Lillebaby Logo,Lillebaby Logo,img_alt_text,B
1454,Lmgholdingsweblogo2,Lmgholdingsweblogo2,img_alt_text,B
1455,Weblogo Loadstop 180X100,Weblogo Loadstop 180X100,img_alt_text,B
1456,LocalTel Logo,LocalTel Logo,img_alt_text,B
1457,Logically logo,Logically logo,img_alt_text,B
1458,London's Dairy Farm Logo,London's Dairy Farm Logo,img_alt_text,B
1459,Looptie Weblogocolor,Looptie Weblogocolor,img_alt_text,B
1460,Lumen Dynamics Group Logo,Lumen Dynamics Group Logo,img_alt_text,B
1461,Marena Logo,Marena Logo,img_alt_text,B
1462,Marketmuseweblogo,Marketmuseweblogo,img_alt_text,B
1463,Maverick Logo,Maverick Logo,img_alt_text,B
1464,MEC3 Logo,MEC3 Logo,img_alt_text,B
1465,Media Source Company Logo,Media Source Company Logo,img_alt_text,B
1466,Weblogo Mediafly 180X100,Weblogo Mediafly 180X100,img_alt_text,B
1467,Megachemie Logo,Megachemie Logo,img_alt_text,B
1468,Merit Logo,Merit Logo,img_alt_text,B
1469,Mifam Logo,Mifam Logo,img_alt_text,B
1470,Mintra Weblogo2,Mintra Weblogo2,img_alt_text,B
1471,MK Logo,MK Logo,img_alt_text,B
1472,MLCOA,MLCOA,img_alt_text,B
1473,Mmgfusion Weblogo180x100,Mmgfusion Weblogo180x100,img_alt_text,B
1474,MNX Logo,MNX Logo,img_alt_text,B
1475,Moderncampus Weblogo 180X100,Moderncampus Weblogo 180X100,img_alt_text,B
1476,Modernhire Weblogo,Modernhire Weblogo,img_alt_text,B
1477,Momentum Group Logo,Momentum Group Logo,img_alt_text,B
1478,Weblogo Momentum101625 180X100,Weblogo Momentum101625 180X100,img_alt_text,B
1479,Monessen Logo,Monessen Logo,img_alt_text,B
1480,Montel Weblogo 180X100,Montel Weblogo 180X100,img_alt_text,B
1481,Moss Logo,Moss Logo,img_alt_text,B
1482,Matthew*Warren Industries Logo,Matthew*Warren Industries Logo,img_alt_text,B
1483,Myskillscamp Weblogo 180X100,Myskillscamp Weblogo 180X100,img_alt_text,B
1484,NAKA,NAKA,img_alt_text,B
1485,NAVEX Global,NAVEX Global,img_alt_text,B
1486,Navigate360 Weblogo,Navigate360 Weblogo,img_alt_text,B
1487,neighborly logo,neighborly logo,img_alt_text,B
1488,Logo Netwatch 180X100,Logo Netwatch 180X100,img_alt_text,B
1489,Nordco Logo,Nordco Logo,img_alt_text,B
1490,North American Dental Group Logo,North American Dental Group Logo,img_alt_text,B
1491,Novamed Logo,Novamed Logo,img_alt_text,B
1492,NPC Logo,NPC Logo,img_alt_text,B
1493,Nustef Weblogo 180X100,Nustef Weblogo 180X100,img_alt_text,B
1494,Oaky Weblogo 180X100,Oaky Weblogo 180X100,img_alt_text,B
1495,Olympic Logo,Olympic Logo,img_alt_text,B
1496,Omnigo logo,Omnigo logo,img_alt_text,B
1497,Weblogo Onlocation 180X100,Weblogo Onlocation 180X100,img_alt_text,B
1498,OnCourse Learning,OnCourse Learning,img_alt_text,B
1499,Oni Logo,Oni Logo,img_alt_text,B
1500,Onscent Weblogo2 180X100,Onscent Weblogo2 180X100,img_alt_text,B
1501,Oomnitzaweblogo,Oomnitzaweblogo,img_alt_text,B
1502,Orliman Logo,Orliman Logo,img_alt_text,B
1503,Portfolio Company - Ortho D,Portfolio Company - Ortho D,img_alt_text,B
1504,Outsolve Weblogo 180X100,Outsolve Weblogo 180X100,img_alt_text,B
1505,Outward Hound Logo,Outward Hound Logo,img_alt_text,B
1506,Ownlocalweblogo,Ownlocalweblogo,img_alt_text,B
1507,Paradigm Logo,Paradigm Logo,img_alt_text,B
1508,Pareto Logo,Pareto Logo,img_alt_text,B
1509,Parkerfoodgroup Weblogo 180X100,Parkerfoodgroup Weblogo 180X100,img_alt_text,B
1510,Weblogo Partium 180X100,Weblogo Partium 180X100,img_alt_text,B
1511,Patronmanagerweblogo,Patronmanagerweblogo,img_alt_text,B
1512,Peak Weblogo 180X100,Peak Weblogo 180X100,img_alt_text,B
1513,Peerspot Weblogo 180X100,Peerspot Weblogo 180X100,img_alt_text,B
1514,Weblogo Peoplegrovev3 180X100,Weblogo Peoplegrovev3 180X100,img_alt_text,B
1515,PSI Weblogo,PSI Weblogo,img_alt_text,B
1516,Pfbcorp Weblogo 180X100,Pfbcorp Weblogo 180X100,img_alt_text,B
1517,Polar Windows Logo,Polar Windows Logo,img_alt_text,B
1518,PPC Logo,PPC Logo,img_alt_text,B
1519,Precision Wire Components Logo,Precision Wire Components Logo,img_alt_text,B
1520,Primalex Logo,Primalex Logo,img_alt_text,B
1521,PCS Logo,PCS Logo,img_alt_text,B
1522,Profit Systems Logo,Profit Systems Logo,img_alt_text,B
1523,Weblogo Propensity 180X100,Weblogo Propensity 180X100,img_alt_text,B
1524,ProSites Logo,ProSites Logo,img_alt_text,B
1525,Pro-vigil Logo,Pro-vigil Logo,img_alt_text,B
1526,Purple Weblogo 180X100,Purple Weblogo 180X100,img_alt_text,B
1527,Weblogo Pypestream 180X100,Weblogo Pypestream 180X100,img_alt_text,B
1528,QualServ Logo,QualServ Logo,img_alt_text,B
1529,Quivers Weblogo 180X100,Quivers Weblogo 180X100,img_alt_text,B
1530,Rameder-Logo,Rameder-Logo,img_alt_text,B
1531,Weblogo Readysetsurgical 180X100,Weblogo Readysetsurgical 180X100,img_alt_text,B
1532,Recoverypoint Weblogo,Recoverypoint Weblogo,img_alt_text,B
1533,Rednucleus2 Weblogo 180X100,Rednucleus2 Weblogo 180X100,img_alt_text,B
1534,Redteamweblogo,Redteamweblogo,img_alt_text,B
1535,REIMA Device 180X100,REIMA Device 180X100,img_alt_text,B
1536,Relay Weblogo 180X100,Relay Weblogo 180X100,img_alt_text,B
1537,REPA Weblogo,REPA Weblogo,img_alt_text,B
1538,Results Weight Loss Logo,Results Weight Loss Logo,img_alt_text,B
1539,Boost,Boost,img_alt_text,B
1540,Revegyweblogo,Revegyweblogo,img_alt_text,B
1541,Revtraxweblogo,Revtraxweblogo,img_alt_text,B
1542,Richter Logo,Richter Logo,img_alt_text,B
1543,Rutland Group logo,Rutland Group logo,img_alt_text,B
1544,SAFEbuilt,SAFEbuilt,img_alt_text,B
1545,Salgglas Logo,Salgglas Logo,img_alt_text,B
1546,Screen Vision Logo,Screen Vision Logo,img_alt_text,B
1547,Weblogo Seatex 180X100,Weblogo Seatex 180X100,img_alt_text,B
1548,Selig Logo,Selig Logo,img_alt_text,B
1549,Sencore,Sencore,img_alt_text,B
1550,Sentinel Logo,Sentinel Logo,img_alt_text,B
1551,Weblogo Sevdesk 180X100,Weblogo Sevdesk 180X100,img_alt_text,B
1552,Shinsouki Logo,Shinsouki Logo,img_alt_text,B
1553,RAC Showdme Weblogo 180X100,RAC Showdme Weblogo 180X100,img_alt_text,B
1554,Siffron Weblogo 180X100,Siffron Weblogo 180X100,img_alt_text,B
1555,SIGG Logo,SIGG Logo,img_alt_text,B
1556,Weblogo Simcro2 180X100,Weblogo Simcro2 180X100,img_alt_text,B
1557,Weblogo Smartways 180X100,Weblogo Smartways 180X100,img_alt_text,B
1558,Weblogo Solutaboonchapman 180X100,Weblogo Solutaboonchapman 180X100,img_alt_text,B
1559,Soothe Weblogo2,Soothe Weblogo2,img_alt_text,B
1560,SFNN Logo,SFNN Logo,img_alt_text,B
1561,SMS Company Logo,SMS Company Logo,img_alt_text,B
1562,Spectrio,Spectrio,img_alt_text,B
1563,Spirion Logo,Spirion Logo,img_alt_text,B
1564,SpofaDental Logo,SpofaDental Logo,img_alt_text,B
1565,Sportsrecruitsweblogo,Sportsrecruitsweblogo,img_alt_text,B
1566,Squirro Weblogo 180X100,Squirro Weblogo 180X100,img_alt_text,B
1567,Stemlab Logo,Stemlab Logo,img_alt_text,B
1568,Stoffel Logo,Stoffel Logo,img_alt_text,B
1569,Suitepad Weblogocolor,Suitepad Weblogocolor,img_alt_text,B
1570,Sunless Logo,Sunless Logo,img_alt_text,B
1571,Sunise Windows Logo,Sunise Windows Logo,img_alt_text,B
1572,SureWerx logo,SureWerx logo,img_alt_text,B
1573,Power Planning System,Power Planning System,img_alt_text,B
1574,Sytrue Weblogo 180X100,Sytrue Weblogo 180X100,img_alt_text,B
1575,Weblogo T3servicesgroup 180X100,Weblogo T3servicesgroup 180X100,img_alt_text,B
1576,Tate's Bake Shop,Tate's Bake Shop,img_alt_text,B
1577,Team Technologies Logo,Team Technologies Logo,img_alt_text,B
1578,Tensator Logo,Tensator Logo,img_alt_text,B
1579,Teufel Logo,Teufel Logo,img_alt_text,B
1580,Dermgroupweblogo,Dermgroupweblogo,img_alt_text,B
1581,Dwyer Logo,Dwyer Logo,img_alt_text,B
1582,The Dwyer Group,The Dwyer Group,img_alt_text,B
1583,Weblogo Healthea 180X100,Weblogo Healthea 180X100,img_alt_text,B
1584,Weblogo Townsendgroup 180X100,Weblogo Townsendgroup 180X100,img_alt_text,B
1585,Weblogo Vomela 180X100,Weblogo Vomela 180X100,img_alt_text,B
1586,Thibaut Logo,Thibaut Logo,img_alt_text,B
1587,Thinktankweblogo,Thinktankweblogo,img_alt_text,B
1588,Weblogo Threatmark 180X100,Weblogo Threatmark 180X100,img_alt_text,B
1589,Thresholdbrands Weblogo 180X100,Thresholdbrands Weblogo 180X100,img_alt_text,B
1590,Todaytixweblogo,Todaytixweblogo,img_alt_text,B
1591,TOOLPORT Weblogo,TOOLPORT Weblogo,img_alt_text,B
1592,Transporeon,Transporeon,img_alt_text,B
1593,Trend Logo,Trend Logo,img_alt_text,B
1594,Tropikal Logo,Tropikal Logo,img_alt_text,B
1595,TrueHealth Group Logo,TrueHealth Group Logo,img_alt_text,B
1596,Trustwell Weblogo 180X100,Trustwell Weblogo 180X100,img_alt_text,B
1597,Turtl Weblogocolor,Turtl Weblogocolor,img_alt_text,B
1598,Weblogo Typsy 180X100,Weblogo Typsy 180X100,img_alt_text,B
1599,Uinta Brewing logo,Uinta Brewing logo,img_alt_text,B
1600,UltraVolt Logo,UltraVolt Logo,img_alt_text,B
1601,Unifocus Weblogo2 180X100,Unifocus Weblogo2 180X100,img_alt_text,B
1602,unipac Logo,unipac Logo,img_alt_text,B
1603,United Central Industrial Supplies,United Central Industrial Supplies,img_alt_text,B
1604,UAF Logo,UAF Logo,img_alt_text,B
1605,Uscabinetdepot Weblogo 180X100,Uscabinetdepot Weblogo 180X100,img_alt_text,B
1606,Veritext Logo,Veritext Logo,img_alt_text,B
1607,Viking Plastics Logo,Viking Plastics Logo,img_alt_text,B
1608,VPG Logo,VPG Logo,img_alt_text,B
1609,Weblogo VITG 180X100,Weblogo VITG 180X100,img_alt_text,B
1610,Vivi Updatedlogo 180X100,Vivi Updatedlogo 180X100,img_alt_text,B
1611,Vokes Air Logo,Vokes Air Logo,img_alt_text,B
1612,Weblogo Wallstreetprep 180X100,Weblogo Wallstreetprep 180X100,img_alt_text,B
1613,Waste Service Group Logo,Waste Service Group Logo,img_alt_text,B
1614,WaterJel Logo,WaterJel Logo,img_alt_text,B
1615,Welltec,Welltec,img_alt_text,B
1616,Whatcounts Logo,Whatcounts Logo,img_alt_text,B
1617,WAG Logo,WAG Logo,img_alt_text,B
1618,Wildlife International Logo,Wildlife International Logo,img_alt_text,B
1619,WizIsland,WizIsland,img_alt_text,B
1620,Wondrhealth Weblogo,Wondrhealth Weblogo,img_alt_text,B
1621,Work Health Group Logo,Work Health Group Logo,img_alt_text,B
1622,WorkPlace Media Logo,WorkPlace Media Logo,img_alt_text,B
1623,Workstride Logo,Workstride Logo,img_alt_text,B
1624,Xcentric Mold Logo,Xcentric Mold Logo,img_alt_text,B
1625,Y'sRoad,Y'sRoad,img_alt_text,B
1626,YourMembership Logo,YourMembership Logo,img_alt_text,B
1627,Yum Earth logo,Yum Earth logo,img_alt_text,B
1628,Zetkama Logo,Zetkama Logo,img_alt_text,B
1629,Ziflow Weblogo 180X100,Ziflow Weblogo 180X100,img_alt_text,B
1630,Weblogo Zoobean 180X100,Weblogo Zoobean 180X100,img_alt_text,B
1631,View Profile,View Profile,a_inner_text,A
1631,a forall,/investment-portfolio/a-forall/,href,C
1632,View Profile,View Profile,a_inner_text,A
1632,abracon,/investment-portfolio/abracon/,href,C
1633,View Profile,View Profile,a_inner_text,A
1633,act test panels,/investment-portfolio/act-test-panels/,href,C
1634,View Profile,View Profile,a_inner_text,A
1634,actineo,/investment-portfolio/actineo/,href,C
1635,View Profile,View Profile,a_inner_text,A
1635,activstyle,/investment-portfolio/activstyle/,href,C
1636,View Profile,View Profile,a_inner_text,A
1636,adherehealth,/investment-portfolio/adherehealth/,href,C
1637,View Profile,View Profile,a_inner_text,A
1637,aerco,/investment-portfolio/aerco/,href,C
1638,View Profile,View Profile,a_inner_text,A
1638,affinitiv,/investment-portfolio/affinitiv/,href,C
1639,View Profile,View Profile,a_inner_text,A
1639,agens,/investment-portfolio/agens/,href,C
1640,View Profile,View Profile,a_inner_text,A
1640,agri max,/investment-portfolio/agri-max/,href,C
1641,View Profile,View Profile,a_inner_text,A
1641,aia corporation,/investment-portfolio/aia-corporation/,href,C
1642,View Profile,View Profile,a_inner_text,A
1642,airfocus,/investment-portfolio/airfocus/,href,C
1643,View Profile,View Profile,a_inner_text,A
1643,ais group,/investment-portfolio/ais-group/,href,C
1644,View Profile,View Profile,a_inner_text,A
1644,alchemy,/investment-portfolio/alchemy/,href,C
1645,View Profile,View Profile,a_inner_text,A
1645,alcohol monitoring systems,/investment-portfolio/alcohol-monitoring-systems/,href,C
1646,View Profile,View Profile,a_inner_text,A
1646,align networks,/investment-portfolio/align-networks/,href,C
1647,View Profile,View Profile,a_inner_text,A
1647,align ops,/investment-portfolio/align-ops/,href,C
1648,View Profile,View Profile,a_inner_text,A
1648,alpha h,/investment-portfolio/alpha-h/,href,C
1649,View Profile,View Profile,a_inner_text,A
1649,alsana,/investment-portfolio/alsana/,href,C
1650,View Profile,View Profile,a_inner_text,A
1650,altius group,/investment-portfolio/altius-group/,href,C
1651,View Profile,View Profile,a_inner_text,A
1651,american electronic components,/investment-portfolio/american-electronic-components/,href,C
1652,View Profile,View Profile,a_inner_text,A
1652,american hospice,/investment-portfolio/american-hospice/,href,C
1653,View Profile,View Profile,a_inner_text,A
1653,american products company,/investment-portfolio/american-products-company/,href,C
1654,View Profile,View Profile,a_inner_text,A
1654,american stock transfer trust company,/investment-portfolio/american-stock-transfer-trust-company/,href,C
1655,View Profile,View Profile,a_inner_text,A
1655,anitox,/investment-portfolio/anitox/,href,C
1656,View Profile,View Profile,a_inner_text,A
1656,apica,/investment-portfolio/apica/,href,C
1657,View Profile,View Profile,a_inner_text,A
1657,apollo interactive,/investment-portfolio/apollo-interactive/,href,C
1658,View Profile,View Profile,a_inner_text,A
1658,aptivio,/investment-portfolio/aptivio/,href,C
1659,View Profile,View Profile,a_inner_text,A
1659,arcos i,/investment-portfolio/arcos-i/,href,C
1660,View Profile,View Profile,a_inner_text,A
1660,arcos ii,/investment-portfolio/arcos-ii/,href,C
1661,View Profile,View Profile,a_inner_text,A
1661,arena,/investment-portfolio/arena/,href,C
1662,View Profile,View Profile,a_inner_text,A
1662,arrowhead engineered products,/investment-portfolio/arrowhead-engineered-products/,href,C
1663,View Profile,View Profile,a_inner_text,A
1663,ati,/investment-portfolio/ati/,href,C
1664,View Profile,View Profile,a_inner_text,A
1664,autocorp ai inc,/investment-portfolio/autocorp-ai-inc/,href,C
1665,View Profile,View Profile,a_inner_text,A
1665,avance clinical,/investment-portfolio/avance-clinical/,href,C
1666,View Profile,View Profile,a_inner_text,A
1666,avatar solutions,/investment-portfolio/avatar-solutions/,href,C
1667,View Profile,View Profile,a_inner_text,A
1667,awp safety i,/investment-portfolio/awp-safety-i/,href,C
1668,View Profile,View Profile,a_inner_text,A
1668,awp safety ii,/investment-portfolio/awp-safety-ii/,href,C
1669,View Profile,View Profile,a_inner_text,A
1669,ax semantics,/investment-portfolio/ax-semantics/,href,C
1670,View Profile,View Profile,a_inner_text,A
1670,axiom automotive technologies,/investment-portfolio/axiom-automotive-technologies/,href,C
1671,View Profile,View Profile,a_inner_text,A
1671,baby jogger,/investment-portfolio/baby-jogger/,href,C
1672,View Profile,View Profile,a_inner_text,A
1672,baker hill,/investment-portfolio/baker-hill/,href,C
1673,View Profile,View Profile,a_inner_text,A
1673,be green packaging,/investment-portfolio/be-green-packaging/,href,C
1674,View Profile,View Profile,a_inner_text,A
1674,beaconmedaes,/investment-portfolio/beaconmedaes/,href,C
1675,View Profile,View Profile,a_inner_text,A
1675,benesys,/investment-portfolio/benesys/,href,C
1676,View Profile,View Profile,a_inner_text,A
1676,bentley laboratories,/investment-portfolio/bentley-laboratories/,href,C
1677,View Profile,View Profile,a_inner_text,A
1677,beonx,/investment-portfolio/beonx/,href,C
1678,View Profile,View Profile,a_inner_text,A
1678,best life brands,/investment-portfolio/best-life-brands/,href,C
1679,View Profile,View Profile,a_inner_text,A
1679,big think,/investment-portfolio/big-think/,href,C
1680,View Profile,View Profile,a_inner_text,A
1680,bike24 i,/investment-portfolio/bike24-i/,href,C
1681,View Profile,View Profile,a_inner_text,A
1681,bike24 ii,/investment-portfolio/bike24-ii/,href,C
1682,View Profile,View Profile,a_inner_text,A
1682,bionativa,/investment-portfolio/bionativa/,href,C
1683,View Profile,View Profile,a_inner_text,A
1683,blue microphones,/investment-portfolio/blue-microphones/,href,C
1684,View Profile,View Profile,a_inner_text,A
1684,bluefletch,/investment-portfolio/bluefletch/,href,C
1685,View Profile,View Profile,a_inner_text,A
1685,blueprint,/investment-portfolio/blueprint/,href,C
1686,View Profile,View Profile,a_inner_text,A
1686,bohemia interactive simulations,/investment-portfolio/bohemia-interactive-simulations/,href,C
1687,View Profile,View Profile,a_inner_text,A
1687,brandmuscle,/investment-portfolio/brandmuscle/,href,C
1688,View Profile,View Profile,a_inner_text,A
1688,brookson,/investment-portfolio/brookson/,href,C
1689,View Profile,View Profile,a_inner_text,A
1689,buildout inc,/investment-portfolio/buildout-inc/,href,C
1690,View Profile,View Profile,a_inner_text,A
1690,camelot education,/investment-portfolio/camelot-education/,href,C
1691,View Profile,View Profile,a_inner_text,A
1691,capol,/investment-portfolio/capol/,href,C
1692,View Profile,View Profile,a_inner_text,A
1692,caprock communications,/investment-portfolio/caprock-communications/,href,C
1693,View Profile,View Profile,a_inner_text,A
1693,caravelo,/investment-portfolio/caravelo/,href,C
1694,View Profile,View Profile,a_inner_text,A
1694,carborundum electrite,/investment-portfolio/carborundum-electrite/,href,C
1695,View Profile,View Profile,a_inner_text,A
1695,casavi,/investment-portfolio/casavi/,href,C
1696,View Profile,View Profile,a_inner_text,A
1696,causematch,/investment-portfolio/causematch/,href,C
1697,View Profile,View Profile,a_inner_text,A
1697,censis,/investment-portfolio/censis/,href,C
1698,View Profile,View Profile,a_inner_text,A
1698,certasite,/investment-portfolio/certasite/,href,C
1699,View Profile,View Profile,a_inner_text,A
1699,chronicle heritage,/investment-portfolio/chronicle-heritage/,href,C
1700,View Profile,View Profile,a_inner_text,A
1700,circlelink health,/investment-portfolio/circlelink-health/,href,C
1701,View Profile,View Profile,a_inner_text,A
1701,cis secure computing,/investment-portfolio/cis-secure-computing/,href,C
1702,View Profile,View Profile,a_inner_text,A
1702,clarus,/investment-portfolio/clarus/,href,C
1703,View Profile,View Profile,a_inner_text,A
1703,clayton group services,/investment-portfolio/clayton-group-services/,href,C
1704,View Profile,View Profile,a_inner_text,A
1704,clinical education alliance,/investment-portfolio/clinical-education-alliance/,href,C
1705,View Profile,View Profile,a_inner_text,A
1705,clockworks analytics,/investment-portfolio/clockworks-analytics/,href,C
1706,View Profile,View Profile,a_inner_text,A
1706,cloud factory,/investment-portfolio/cloud-factory/,href,C
1707,View Profile,View Profile,a_inner_text,A
1707,cloud range,/investment-portfolio/cloud-range/,href,C
1708,View Profile,View Profile,a_inner_text,A
1708,cloudlex,/investment-portfolio/cloudlex/,href,C
1709,View Profile,View Profile,a_inner_text,A
1709,cloudpermit,/investment-portfolio/cloudpermit/,href,C
1710,View Profile,View Profile,a_inner_text,A
1710,cmit solutions,/investment-portfolio/cmit-solutions/,href,C
1711,View Profile,View Profile,a_inner_text,A
1711,coeur,/investment-portfolio/coeur/,href,C
1712,View Profile,View Profile,a_inner_text,A
1712,commonwealth laminating coating,/investment-portfolio/commonwealth-laminating-coating/,href,C
1713,View Profile,View Profile,a_inner_text,A
1713,compleet,/investment-portfolio/compleet/,href,C
1714,View Profile,View Profile,a_inner_text,A
1714,computer press,/investment-portfolio/computer-press/,href,C
1715,View Profile,View Profile,a_inner_text,A
1715,connexient,/investment-portfolio/connexient/,href,C
1716,View Profile,View Profile,a_inner_text,A
1716,connor sport court international,/investment-portfolio/connor-sport-court-international/,href,C
1717,View Profile,View Profile,a_inner_text,A
1717,consensus,/investment-portfolio/consensus/,href,C
1718,View Profile,View Profile,a_inner_text,A
1718,contruent,/investment-portfolio/contruent/,href,C
1719,View Profile,View Profile,a_inner_text,A
1719,convertr,/investment-portfolio/convertr/,href,C
1720,View Profile,View Profile,a_inner_text,A
1720,corporate visions inc,/investment-portfolio/corporate-visions-inc/,href,C
1721,View Profile,View Profile,a_inner_text,A
1721,creditlogic,/investment-portfolio/creditlogic/,href,C
1722,View Profile,View Profile,a_inner_text,A
1722,crio,/investment-portfolio/crio/,href,C
1723,View Profile,View Profile,a_inner_text,A
1723,crisis prevention institute,/investment-portfolio/crisis-prevention-institute/,href,C
1724,View Profile,View Profile,a_inner_text,A
1724,cryptomathic,/investment-portfolio/cryptomathic/,href,C
1725,View Profile,View Profile,a_inner_text,A
1725,customergauge,/investment-portfolio/customergauge/,href,C
1726,View Profile,View Profile,a_inner_text,A
1726,cyber guru,/investment-portfolio/cyber-guru/,href,C
1727,View Profile,View Profile,a_inner_text,A
1727,cybersaint security,/investment-portfolio/cybersaint-security/,href,C
1728,View Profile,View Profile,a_inner_text,A
1728,dastex,/investment-portfolio/dastex/,href,C
1729,View Profile,View Profile,a_inner_text,A
1729,dawgs,/investment-portfolio/dawgs/,href,C
1730,View Profile,View Profile,a_inner_text,A
1730,dcm asia,/investment-portfolio/dcm-asia/,href,C
1731,View Profile,View Profile,a_inner_text,A
1731,deck commerce,/investment-portfolio/deck-commerce/,href,C
1732,View Profile,View Profile,a_inner_text,A
1732,decusoft,/investment-portfolio/decusoft/,href,C
1733,View Profile,View Profile,a_inner_text,A
1733,delaget,/investment-portfolio/delaget/,href,C
1734,View Profile,View Profile,a_inner_text,A
1734,delta petroleum company,/investment-portfolio/delta-petroleum-company/,href,C
1735,View Profile,View Profile,a_inner_text,A
1735,dentalplans,/investment-portfolio/dentalplans/,href,C
1736,View Profile,View Profile,a_inner_text,A
1736,dhd healthcare,/investment-portfolio/dhd-healthcare/,href,C
1737,View Profile,View Profile,a_inner_text,A
1737,diatron group,/investment-portfolio/diatron-group/,href,C
1738,View Profile,View Profile,a_inner_text,A
1738,digital technology international,/investment-portfolio/digital-technology-international/,href,C
1739,View Profile,View Profile,a_inner_text,A
1739,dingo,/investment-portfolio/dingo/,href,C
1740,View Profile,View Profile,a_inner_text,A
1740,disa global solutions,/investment-portfolio/disa-global-solutions/,href,C
1741,View Profile,View Profile,a_inner_text,A
1741,doctor com,/investment-portfolio/doctor-com/,href,C
1742,View Profile,View Profile,a_inner_text,A
1742,dpa microphones,/investment-portfolio/dpa-microphones/,href,C
1743,View Profile,View Profile,a_inner_text,A
1743,dubois i,/investment-portfolio/dubois-i/,href,C
1744,View Profile,View Profile,a_inner_text,A
1744,dubois ii,/investment-portfolio/dubois-ii/,href,C
1745,View Profile,View Profile,a_inner_text,A
1745,dynojet research,/investment-portfolio/dynojet-research/,href,C
1746,View Profile,View Profile,a_inner_text,A
1746,e a scheer,/investment-portfolio/e-a-scheer/,href,C
1747,View Profile,View Profile,a_inner_text,A
1747,eemax,/investment-portfolio/eemax/,href,C
1748,View Profile,View Profile,a_inner_text,A
1748,elite sportswear,/investment-portfolio/elite-sportswear/,href,C
1749,View Profile,View Profile,a_inner_text,A
1749,em test,/investment-portfolio/em-test/,href,C
1750,View Profile,View Profile,a_inner_text,A
1750,emergency communications network,/investment-portfolio/emergency-communications-network/,href,C
1751,View Profile,View Profile,a_inner_text,A
1751,energy exemplar,/investment-portfolio/energy-exemplar/,href,C
1752,View Profile,View Profile,a_inner_text,A
1752,enhatch,/investment-portfolio/enhatch/,href,C
1753,View Profile,View Profile,a_inner_text,A
1753,entrix,/investment-portfolio/entrix/,href,C
1754,View Profile,View Profile,a_inner_text,A
1754,epco,/investment-portfolio/epco/,href,C
1755,View Profile,View Profile,a_inner_text,A
1755,epilot,/investment-portfolio/epilot/,href,C
1756,View Profile,View Profile,a_inner_text,A
1756,essential compositions,/investment-portfolio/essential-compositions/,href,C
1757,View Profile,View Profile,a_inner_text,A
1757,euromed,/investment-portfolio/euromed/,href,C
1758,View Profile,View Profile,a_inner_text,A
1758,eventsair,/investment-portfolio/eventsair/,href,C
1759,View Profile,View Profile,a_inner_text,A
1759,eversmith brands,/investment-portfolio/eversmith-brands/,href,C
1760,View Profile,View Profile,a_inner_text,A
1760,everway i,/investment-portfolio/everway-i/,href,C
1761,View Profile,View Profile,a_inner_text,A
1761,everway ii,/investment-portfolio/everway-ii/,href,C
1762,View Profile,View Profile,a_inner_text,A
1762,evive brands,/investment-portfolio/evive-brands/,href,C
1763,View Profile,View Profile,a_inner_text,A
1763,execvision,/investment-portfolio/execvision/,href,C
1764,View Profile,View Profile,a_inner_text,A
1764,experient,/investment-portfolio/experient/,href,C
1765,View Profile,View Profile,a_inner_text,A
1765,expion health,/investment-portfolio/expion-health/,href,C
1766,View Profile,View Profile,a_inner_text,A
1766,express,/investment-portfolio/express/,href,C
1767,View Profile,View Profile,a_inner_text,A
1767,fadata,/investment-portfolio/fadata/,href,C
1768,View Profile,View Profile,a_inner_text,A
1768,fairpay solutions,/investment-portfolio/fairpay-solutions/,href,C
1769,View Profile,View Profile,a_inner_text,A
1769,fielo,/investment-portfolio/fielo/,href,C
1770,View Profile,View Profile,a_inner_text,A
1770,fisher unitech,/investment-portfolio/fisher-unitech/,href,C
1771,View Profile,View Profile,a_inner_text,A
1771,fla orthopedics,/investment-portfolio/fla-orthopedics/,href,C
1772,View Profile,View Profile,a_inner_text,A
1772,flavorsum,/investment-portfolio/flavorsum/,href,C
1773,View Profile,View Profile,a_inner_text,A
1773,foodstate,/investment-portfolio/foodstate/,href,C
1774,View Profile,View Profile,a_inner_text,A
1774,freeeway,/investment-portfolio/freeeway/,href,C
1775,View Profile,View Profile,a_inner_text,A
1775,freightwise,/investment-portfolio/freightwise/,href,C
1776,View Profile,View Profile,a_inner_text,A
1776,further,/investment-portfolio/further/,href,C
1777,View Profile,View Profile,a_inner_text,A
1777,future metals,/investment-portfolio/future-metals/,href,C
1778,View Profile,View Profile,a_inner_text,A
1778,g a partners,/investment-portfolio/g-a-partners/,href,C
1779,View Profile,View Profile,a_inner_text,A
1779,g h orthodontics,/investment-portfolio/g-h-orthodontics/,href,C
1780,View Profile,View Profile,a_inner_text,A
1780,galvanina,/investment-portfolio/galvanina/,href,C
1781,View Profile,View Profile,a_inner_text,A
1781,gastromatic,/investment-portfolio/gastromatic/,href,C
1782,View Profile,View Profile,a_inner_text,A
1782,gfos,/investment-portfolio/gfos/,href,C
1783,View Profile,View Profile,a_inner_text,A
1783,global claims services,/investment-portfolio/global-claims-services/,href,C
1784,View Profile,View Profile,a_inner_text,A
1784,global orthopaedic technologies,/investment-portfolio/global-orthopaedic-technologies/,href,C
1785,View Profile,View Profile,a_inner_text,A
1785,goby,/investment-portfolio/goby/,href,C
1786,View Profile,View Profile,a_inner_text,A
1786,goreact,/investment-portfolio/goreact/,href,C
1787,View Profile,View Profile,a_inner_text,A
1787,grace hill,/investment-portfolio/grace-hill/,href,C
1788,View Profile,View Profile,a_inner_text,A
1788,gravitee,/investment-portfolio/gravitee/,href,C
1789,View Profile,View Profile,a_inner_text,A
1789,greenline foods,/investment-portfolio/greenline-foods/,href,C
1790,View Profile,View Profile,a_inner_text,A
1790,greenphire,/investment-portfolio/greenphire/,href,C
1791,View Profile,View Profile,a_inner_text,A
1791,gti diagnostics,/investment-portfolio/gti-diagnostics/,href,C
1792,View Profile,View Profile,a_inner_text,A
1792,guestline,/investment-portfolio/guestline/,href,C
1793,View Profile,View Profile,a_inner_text,A
1793,hammerblow towing systems,/investment-portfolio/hammerblow-towing-systems/,href,C
1794,View Profile,View Profile,a_inner_text,A
1794,hapana,/investment-portfolio/hapana/,href,C
1795,View Profile,View Profile,a_inner_text,A
1795,hardware resources,/investment-portfolio/hardware-resources/,href,C
1796,View Profile,View Profile,a_inner_text,A
1796,harvey performance company,/investment-portfolio/harvey-performance-company/,href,C
1797,View Profile,View Profile,a_inner_text,A
1797,hcpro,/investment-portfolio/hcpro/,href,C
1798,View Profile,View Profile,a_inner_text,A
1798,h d advanced manufacturing,/investment-portfolio/h-d-advanced-manufacturing/,href,C
1799,View Profile,View Profile,a_inner_text,A
1799,head to toe brands,/investment-portfolio/head-to-toe-brands/,href,C
1800,View Profile,View Profile,a_inner_text,A
1800,health safety institute i,/investment-portfolio/health-safety-institute-i/,href,C
1801,View Profile,View Profile,a_inner_text,A
1801,health safety institute ii,/investment-portfolio/health-safety-institute-ii/,href,C
1802,View Profile,View Profile,a_inner_text,A
1802,healthcarefirst,/investment-portfolio/healthcarefirst/,href,C
1803,View Profile,View Profile,a_inner_text,A
1803,healthtech,/investment-portfolio/healthtech/,href,C
1804,View Profile,View Profile,a_inner_text,A
1804,herbthyme,/investment-portfolio/herbthyme/,href,C
1805,View Profile,View Profile,a_inner_text,A
1805,heydata,/investment-portfolio/heydata/,href,C
1806,View Profile,View Profile,a_inner_text,A
1806,hiway group,/investment-portfolio/hiway-group/,href,C
1807,View Profile,View Profile,a_inner_text,A
1807,hmi,/investment-portfolio/hmi/,href,C
1808,View Profile,View Profile,a_inner_text,A
1808,hr soft,/investment-portfolio/hr-soft/,href,C
1809,View Profile,View Profile,a_inner_text,A
1809,hra pharma,/investment-portfolio/hra-pharma/,href,C
1810,View Profile,View Profile,a_inner_text,A
1810,hudson sharp,/investment-portfolio/hudson-sharp/,href,C
1811,View Profile,View Profile,a_inner_text,A
1811,hydrocorp,/investment-portfolio/hydrocorp/,href,C
1812,View Profile,View Profile,a_inner_text,A
1812,iautomation,/investment-portfolio/iautomation/,href,C
1813,View Profile,View Profile,a_inner_text,A
1813,icev,/investment-portfolio/icev/,href,C
1814,View Profile,View Profile,a_inner_text,A
1814,ideoclick,/investment-portfolio/ideoclick/,href,C
1815,View Profile,View Profile,a_inner_text,A
1815,ideon,/investment-portfolio/ideon/,href,C
1816,View Profile,View Profile,a_inner_text,A
1816,idoc,/investment-portfolio/idoc/,href,C
1817,View Profile,View Profile,a_inner_text,A
1817,ifs group,/investment-portfolio/ifs-group/,href,C
1818,View Profile,View Profile,a_inner_text,A
1818,il pastaio di brescia,/investment-portfolio/il-pastaio-di-brescia/,href,C
1819,View Profile,View Profile,a_inner_text,A
1819,impact xm,/investment-portfolio/impact-xm/,href,C
1820,View Profile,View Profile,a_inner_text,A
1820,independent living specialists,/investment-portfolio/independent-living-specialists/,href,C
1821,View Profile,View Profile,a_inner_text,A
1821,inscape publishing,/investment-portfolio/inscape-publishing/,href,C
1822,View Profile,View Profile,a_inner_text,A
1822,insurance claims management,/investment-portfolio/insurance-claims-management/,href,C
1823,View Profile,View Profile,a_inner_text,A
1823,integrated power services,/investment-portfolio/integrated-power-services/,href,C
1824,View Profile,View Profile,a_inner_text,A
1824,intrepid networks,/investment-portfolio/intrepid-networks/,href,C
1825,View Profile,View Profile,a_inner_text,A
1825,invita,/investment-portfolio/invita/,href,C
1826,View Profile,View Profile,a_inner_text,A
1826,ironedge,/investment-portfolio/ironedge/,href,C
1827,View Profile,View Profile,a_inner_text,A
1827,it s just lunch,/investment-portfolio/it-s-just-lunch/,href,C
1828,View Profile,View Profile,a_inner_text,A
1828,junior sports corporation,/investment-portfolio/junior-sports-corporation/,href,C
1829,View Profile,View Profile,a_inner_text,A
1829,justrite manufacturing company,/investment-portfolio/justrite-manufacturing-company/,href,C
1830,View Profile,View Profile,a_inner_text,A
1830,kasasa,/investment-portfolio/kasasa/,href,C
1831,View Profile,View Profile,a_inner_text,A
1831,kaseware,/investment-portfolio/kaseware/,href,C
1832,View Profile,View Profile,a_inner_text,A
1832,keepsake quilting,/investment-portfolio/keepsake-quilting/,href,C
1833,View Profile,View Profile,a_inner_text,A
1833,keona health,/investment-portfolio/keona-health/,href,C
1834,View Profile,View Profile,a_inner_text,A
1834,keycast,/investment-portfolio/keycast/,href,C
1835,View Profile,View Profile,a_inner_text,A
1835,keymile,/investment-portfolio/keymile/,href,C
1836,View Profile,View Profile,a_inner_text,A
1836,kfm,/investment-portfolio/kfm/,href,C
1837,View Profile,View Profile,a_inner_text,A
1837,lacuna solutions,/investment-portfolio/lacuna-solutions/,href,C
1838,View Profile,View Profile,a_inner_text,A
1838,lakeview health,/investment-portfolio/lakeview-health/,href,C
1839,View Profile,View Profile,a_inner_text,A
1839,l com,/investment-portfolio/l-com/,href,C
1840,View Profile,View Profile,a_inner_text,A
1840,learning seat,/investment-portfolio/learning-seat/,href,C
1841,View Profile,View Profile,a_inner_text,A
1841,leftshift,/investment-portfolio/leftshift/,href,C
1842,View Profile,View Profile,a_inner_text,A
1842,lexipol i,/investment-portfolio/lexipol-i/,href,C
1843,View Profile,View Profile,a_inner_text,A
1843,lexipol ii,/investment-portfolio/lexipol-ii/,href,C
1844,View Profile,View Profile,a_inner_text,A
1844,lillebaby,/investment-portfolio/lillebaby/,href,C
1845,View Profile,View Profile,a_inner_text,A
1845,lmg holdings inc,/investment-portfolio/lmg-holdings-inc/,href,C
1846,View Profile,View Profile,a_inner_text,A
1846,loadstop,/investment-portfolio/loadstop/,href,C
1847,View Profile,View Profile,a_inner_text,A
1847,localtel,/investment-portfolio/localtel/,href,C
1848,View Profile,View Profile,a_inner_text,A
1848,logically,/investment-portfolio/logically/,href,C
1849,View Profile,View Profile,a_inner_text,A
1849,london s farm dairy,/investment-portfolio/london-s-farm-dairy/,href,C
1850,View Profile,View Profile,a_inner_text,A
1850,loop tie,/investment-portfolio/loop-tie/,href,C
1851,View Profile,View Profile,a_inner_text,A
1851,lumen dynamics group,/investment-portfolio/lumen-dynamics-group/,href,C
1852,View Profile,View Profile,a_inner_text,A
1852,marena group,/investment-portfolio/marena-group/,href,C
1853,View Profile,View Profile,a_inner_text,A
1853,marketmuse,/investment-portfolio/marketmuse/,href,C
1854,View Profile,View Profile,a_inner_text,A
1854,maverick,/investment-portfolio/maverick/,href,C
1855,View Profile,View Profile,a_inner_text,A
1855,mec3,/investment-portfolio/mec3/,href,C
1856,View Profile,View Profile,a_inner_text,A
1856,media source,/investment-portfolio/media-source/,href,C
1857,View Profile,View Profile,a_inner_text,A
1857,mediafly,/investment-portfolio/mediafly/,href,C
1858,View Profile,View Profile,a_inner_text,A
1858,megachemie,/investment-portfolio/megachemie/,href,C
1859,View Profile,View Profile,a_inner_text,A
1859,merit industries,/investment-portfolio/merit-industries/,href,C
1860,View Profile,View Profile,a_inner_text,A
1860,mifam,/investment-portfolio/mifam/,href,C
1861,View Profile,View Profile,a_inner_text,A
1861,mintra,/investment-portfolio/mintra/,href,C
1862,View Profile,View Profile,a_inner_text,A
1862,mk chimney systems,/investment-portfolio/mk-chimney-systems/,href,C
1863,View Profile,View Profile,a_inner_text,A
1863,mlcoa,/investment-portfolio/mlcoa/,href,C
1864,View Profile,View Profile,a_inner_text,A
1864,mmg fusion,/investment-portfolio/mmg-fusion/,href,C
1865,View Profile,View Profile,a_inner_text,A
1865,mnx,/investment-portfolio/mnx/,href,C
1866,View Profile,View Profile,a_inner_text,A
1866,modern campus,/investment-portfolio/modern-campus/,href,C
1867,View Profile,View Profile,a_inner_text,A
1867,modern hire,/investment-portfolio/modern-hire/,href,C
1868,View Profile,View Profile,a_inner_text,A
1868,momentum group i,/investment-portfolio/momentum-group-i/,href,C
1869,View Profile,View Profile,a_inner_text,A
1869,momentum group ii,/investment-portfolio/momentum-group-ii/,href,C
1870,View Profile,View Profile,a_inner_text,A
1870,monessen,/investment-portfolio/monessen/,href,C
1871,View Profile,View Profile,a_inner_text,A
1871,montel,/investment-portfolio/montel/,href,C
1872,View Profile,View Profile,a_inner_text,A
1872,moss,/investment-portfolio/moss/,href,C
1873,View Profile,View Profile,a_inner_text,A
1873,mw industries,/investment-portfolio/mw-industries/,href,C
1874,View Profile,View Profile,a_inner_text,A
1874,myskillcamp,/investment-portfolio/myskillcamp/,href,C
1875,View Profile,View Profile,a_inner_text,A
1875,naka,/investment-portfolio/naka/,href,C
1876,View Profile,View Profile,a_inner_text,A
1876,navex global,/investment-portfolio/navex-global/,href,C
1877,View Profile,View Profile,a_inner_text,A
1877,navigate360,/investment-portfolio/navigate360/,href,C
1878,View Profile,View Profile,a_inner_text,A
1878,neighborly,/investment-portfolio/neighborly/,href,C
1879,View Profile,View Profile,a_inner_text,A
1879,netwatch group,/investment-portfolio/netwatch-group/,href,C
1880,View Profile,View Profile,a_inner_text,A
1880,nordco,/investment-portfolio/nordco/,href,C
1881,View Profile,View Profile,a_inner_text,A
1881,north american dental group,/investment-portfolio/north-american-dental-group/,href,C
1882,View Profile,View Profile,a_inner_text,A
1882,novamed,/investment-portfolio/novamed/,href,C
1883,View Profile,View Profile,a_inner_text,A
1883,npc,/investment-portfolio/npc/,href,C
1884,View Profile,View Profile,a_inner_text,A
1884,nustef baking,/investment-portfolio/nustef-baking/,href,C
1885,View Profile,View Profile,a_inner_text,A
1885,oaky,/investment-portfolio/oaky/,href,C
1886,View Profile,View Profile,a_inner_text,A
1886,olympic boat centers,/investment-portfolio/olympic-boat-centers/,href,C
1887,View Profile,View Profile,a_inner_text,A
1887,omnigo software,/investment-portfolio/omnigo-software/,href,C
1888,View Profile,View Profile,a_inner_text,A
1888,on location,/investment-portfolio/on-location/,href,C
1889,View Profile,View Profile,a_inner_text,A
1889,oncourse learning,/investment-portfolio/oncourse-learning/,href,C
1890,View Profile,View Profile,a_inner_text,A
1890,oni communications,/investment-portfolio/oni-communications/,href,C
1891,View Profile,View Profile,a_inner_text,A
1891,onscent,/investment-portfolio/onscent/,href,C
1892,View Profile,View Profile,a_inner_text,A
1892,oomnitza,/investment-portfolio/oomnitza/,href,C
1893,View Profile,View Profile,a_inner_text,A
1893,orliman,/investment-portfolio/orliman/,href,C
1894,View Profile,View Profile,a_inner_text,A
1894,orthod,/investment-portfolio/orthod/,href,C
1895,View Profile,View Profile,a_inner_text,A
1895,outsolve,/investment-portfolio/outsolve/,href,C
1896,View Profile,View Profile,a_inner_text,A
1896,outward hound,/investment-portfolio/outward-hound/,href,C
1897,View Profile,View Profile,a_inner_text,A
1897,ownlocal,/investment-portfolio/ownlocal/,href,C
1898,View Profile,View Profile,a_inner_text,A
1898,paradigm tax group,/investment-portfolio/paradigm-tax-group/,href,C
1899,View Profile,View Profile,a_inner_text,A
1899,pareto,/investment-portfolio/pareto/,href,C
1900,View Profile,View Profile,a_inner_text,A
1900,parker food group,/investment-portfolio/parker-food-group/,href,C
1901,View Profile,View Profile,a_inner_text,A
1901,partium,/investment-portfolio/partium/,href,C
1902,View Profile,View Profile,a_inner_text,A
1902,patronmanager,/investment-portfolio/patronmanager/,href,C
1903,View Profile,View Profile,a_inner_text,A
1903,peak,/investment-portfolio/peak/,href,C
1904,View Profile,View Profile,a_inner_text,A
1904,peerspot,/investment-portfolio/peerspot/,href,C
1905,View Profile,View Profile,a_inner_text,A
1905,peoplegrove,/investment-portfolio/peoplegrove/,href,C
1906,View Profile,View Profile,a_inner_text,A
1906,performance systems integration,/investment-portfolio/performance-systems-integration/,href,C
1907,View Profile,View Profile,a_inner_text,A
1907,pfb corporation,/investment-portfolio/pfb-corporation/,href,C
1908,View Profile,View Profile,a_inner_text,A
1908,polar windows,/investment-portfolio/polar-windows/,href,C
1909,View Profile,View Profile,a_inner_text,A
1909,ppc insulators,/investment-portfolio/ppc-insulators/,href,C
1910,View Profile,View Profile,a_inner_text,A
1910,precision wire components,/investment-portfolio/precision-wire-components/,href,C
1911,View Profile,View Profile,a_inner_text,A
1911,primalex,/investment-portfolio/primalex/,href,C
1912,View Profile,View Profile,a_inner_text,A
1912,production control services,/investment-portfolio/production-control-services/,href,C
1913,View Profile,View Profile,a_inner_text,A
1913,profitsystems,/investment-portfolio/profitsystems/,href,C
1914,View Profile,View Profile,a_inner_text,A
1914,propensity,/investment-portfolio/propensity/,href,C
1915,View Profile,View Profile,a_inner_text,A
1915,prosites,/investment-portfolio/prosites/,href,C
1916,View Profile,View Profile,a_inner_text,A
1916,pro vigil,/investment-portfolio/pro-vigil/,href,C
1917,View Profile,View Profile,a_inner_text,A
1917,purple,/investment-portfolio/purple/,href,C
1918,View Profile,View Profile,a_inner_text,A
1918,pypestream,/investment-portfolio/pypestream/,href,C
1919,View Profile,View Profile,a_inner_text,A
1919,qualserv,/investment-portfolio/qualserv/,href,C
1920,View Profile,View Profile,a_inner_text,A
1920,quivers,/investment-portfolio/quivers/,href,C
1921,View Profile,View Profile,a_inner_text,A
1921,rameder,/investment-portfolio/rameder/,href,C
1922,View Profile,View Profile,a_inner_text,A
1922,readyset surgical,/investment-portfolio/readyset-surgical/,href,C
1923,View Profile,View Profile,a_inner_text,A
1923,recovery point,/investment-portfolio/recovery-point/,href,C
1924,View Profile,View Profile,a_inner_text,A
1924,red nucleus,/investment-portfolio/red-nucleus/,href,C
1925,View Profile,View Profile,a_inner_text,A
1925,redteam,/investment-portfolio/redteam/,href,C
1926,View Profile,View Profile,a_inner_text,A
1926,reima,/investment-portfolio/reima/,href,C
1927,View Profile,View Profile,a_inner_text,A
1927,relay fire and safety,/investment-portfolio/relay-fire-and-safety/,href,C
1928,View Profile,View Profile,a_inner_text,A
1928,repa,/investment-portfolio/repa/,href,C
1929,View Profile,View Profile,a_inner_text,A
1929,results weight loss,/investment-portfolio/results-weight-loss/,href,C
1930,View Profile,View Profile,a_inner_text,A
1930,retail zoo,/investment-portfolio/retail-zoo/,href,C
1931,View Profile,View Profile,a_inner_text,A
1931,revegy,/investment-portfolio/revegy/,href,C
1932,View Profile,View Profile,a_inner_text,A
1932,revtrax,/investment-portfolio/revtrax/,href,C
1933,View Profile,View Profile,a_inner_text,A
1933,richter chemie technik,/investment-portfolio/richter-chemie-technik/,href,C
1934,View Profile,View Profile,a_inner_text,A
1934,rutland group,/investment-portfolio/rutland-group/,href,C
1935,View Profile,View Profile,a_inner_text,A
1935,safebuilt,/investment-portfolio/safebuilt/,href,C
1936,View Profile,View Profile,a_inner_text,A
1936,salgglas,/investment-portfolio/salgglas/,href,C
1937,View Profile,View Profile,a_inner_text,A
1937,screenvision media,/investment-portfolio/screenvision-media/,href,C
1938,View Profile,View Profile,a_inner_text,A
1938,seatex,/investment-portfolio/seatex/,href,C
1939,View Profile,View Profile,a_inner_text,A
1939,selig sealing products,/investment-portfolio/selig-sealing-products/,href,C
1940,View Profile,View Profile,a_inner_text,A
1940,sencore,/investment-portfolio/sencore/,href,C
1941,View Profile,View Profile,a_inner_text,A
1941,sentinel,/investment-portfolio/sentinel/,href,C
1942,View Profile,View Profile,a_inner_text,A
1942,sevdesk,/investment-portfolio/sevdesk/,href,C
1943,View Profile,View Profile,a_inner_text,A
1943,shinsouki,/investment-portfolio/shinsouki/,href,C
1944,View Profile,View Profile,a_inner_text,A
1944,showd me,/investment-portfolio/showd-me/,href,C
1945,View Profile,View Profile,a_inner_text,A
1945,siffron,/investment-portfolio/siffron/,href,C
1946,View Profile,View Profile,a_inner_text,A
1946,sigg,/investment-portfolio/sigg/,href,C
1947,View Profile,View Profile,a_inner_text,A
1947,simcro,/investment-portfolio/simcro/,href,C
1948,View Profile,View Profile,a_inner_text,A
1948,smartways 1,/investment-portfolio/smartways-1/,href,C
1949,View Profile,View Profile,a_inner_text,A
1949,soluta inc and boon chapman benefit administrators inc,/investment-portfolio/soluta-inc-and-boon-chapman-benefit-administrators-inc/,href,C
1950,View Profile,View Profile,a_inner_text,A
1950,soothe,/investment-portfolio/soothe/,href,C
1951,View Profile,View Profile,a_inner_text,A
1951,south florida newspaper network,/investment-portfolio/south-florida-newspaper-network/,href,C
1952,View Profile,View Profile,a_inner_text,A
1952,specialized medical services,/investment-portfolio/specialized-medical-services/,href,C
1953,View Profile,View Profile,a_inner_text,A
1953,spectrio,/investment-portfolio/spectrio/,href,C
1954,View Profile,View Profile,a_inner_text,A
1954,spirion,/investment-portfolio/spirion/,href,C
1955,View Profile,View Profile,a_inner_text,A
1955,spofadental,/investment-portfolio/spofadental/,href,C
1956,View Profile,View Profile,a_inner_text,A
1956,sportsrecruits,/investment-portfolio/sportsrecruits/,href,C
1957,View Profile,View Profile,a_inner_text,A
1957,squirro,/investment-portfolio/squirro/,href,C
1958,View Profile,View Profile,a_inner_text,A
1958,stemlab,/investment-portfolio/stemlab/,href,C
1959,View Profile,View Profile,a_inner_text,A
1959,stoffel seals,/investment-portfolio/stoffel-seals/,href,C
1960,View Profile,View Profile,a_inner_text,A
1960,suitepad,/investment-portfolio/suitepad/,href,C
1961,View Profile,View Profile,a_inner_text,A
1961,sunless inc,/investment-portfolio/sunless-inc/,href,C
1962,View Profile,View Profile,a_inner_text,A
1962,sunrise windows,/investment-portfolio/sunrise-windows/,href,C
1963,View Profile,View Profile,a_inner_text,A
1963,surewerx,/investment-portfolio/surewerx/,href,C
1964,View Profile,View Profile,a_inner_text,A
1964,swedish education group,/investment-portfolio/swedish-education-group/,href,C
1965,View Profile,View Profile,a_inner_text,A
1965,sytrue,/investment-portfolio/sytrue/,href,C
1966,View Profile,View Profile,a_inner_text,A
1966,t3 services group,/investment-portfolio/t3-services-group/,href,C
1967,View Profile,View Profile,a_inner_text,A
1967,tate s bake shop,/investment-portfolio/tate-s-bake-shop/,href,C
1968,View Profile,View Profile,a_inner_text,A
1968,team technologies,/investment-portfolio/team-technologies/,href,C
1969,View Profile,View Profile,a_inner_text,A
1969,tensator,/investment-portfolio/tensator/,href,C
1970,View Profile,View Profile,a_inner_text,A
1970,teufel,/investment-portfolio/teufel/,href,C
1971,View Profile,View Profile,a_inner_text,A
1971,the derm group,/investment-portfolio/the-derm-group/,href,C
1972,View Profile,View Profile,a_inner_text,A
1972,the dwyer group i,/investment-portfolio/the-dwyer-group-i/,href,C
1973,View Profile,View Profile,a_inner_text,A
1973,the dwyer group ii,/investment-portfolio/the-dwyer-group-ii/,href,C
1974,View Profile,View Profile,a_inner_text,A
1974,the healthea group,/investment-portfolio/the-healthea-group/,href,C
1975,View Profile,View Profile,a_inner_text,A
1975,the townsend group,/investment-portfolio/the-townsend-group/,href,C
1976,View Profile,View Profile,a_inner_text,A
1976,the vomela companies,/investment-portfolio/the-vomela-companies/,href,C
1977,View Profile,View Profile,a_inner_text,A
1977,thibaut,/investment-portfolio/thibaut/,href,C
1978,View Profile,View Profile,a_inner_text,A
1978,thinktank,/investment-portfolio/thinktank/,href,C
1979,View Profile,View Profile,a_inner_text,A
1979,threatmark inc,/investment-portfolio/threatmark-inc/,href,C
1980,View Profile,View Profile,a_inner_text,A
1980,threshold brands,/investment-portfolio/threshold-brands/,href,C
1981,View Profile,View Profile,a_inner_text,A
1981,todaytix,/investment-portfolio/todaytix/,href,C
1982,View Profile,View Profile,a_inner_text,A
1982,toolport,/investment-portfolio/toolport/,href,C
1983,View Profile,View Profile,a_inner_text,A
1983,transporeon,/investment-portfolio/transporeon/,href,C
1984,View Profile,View Profile,a_inner_text,A
1984,trend technologies,/investment-portfolio/trend-technologies/,href,C
1985,View Profile,View Profile,a_inner_text,A
1985,tropikal pet,/investment-portfolio/tropikal-pet/,href,C
1986,View Profile,View Profile,a_inner_text,A
1986,true health group,/investment-portfolio/true-health-group/,href,C
1987,View Profile,View Profile,a_inner_text,A
1987,trustwell,/investment-portfolio/trustwell/,href,C
1988,View Profile,View Profile,a_inner_text,A
1988,turtl,/investment-portfolio/turtl/,href,C
1989,View Profile,View Profile,a_inner_text,A
1989,typsy,/investment-portfolio/typsy/,href,C
1990,View Profile,View Profile,a_inner_text,A
1990,uinta brewing company,/investment-portfolio/uinta-brewing-company/,href,C
1991,View Profile,View Profile,a_inner_text,A
1991,ultravolt,/investment-portfolio/ultravolt/,href,C
1992,View Profile,View Profile,a_inner_text,A
1992,unifocus,/investment-portfolio/unifocus/,href,C
1993,View Profile,View Profile,a_inner_text,A
1993,unipac,/investment-portfolio/unipac/,href,C
1994,View Profile,View Profile,a_inner_text,A
1994,united central industrial supply,/investment-portfolio/united-central-industrial-supply/,href,C
1995,View Profile,View Profile,a_inner_text,A
1995,universal air filter,/investment-portfolio/universal-air-filter/,href,C
1996,View Profile,View Profile,a_inner_text,A
1996,us cabinet depot,/investment-portfolio/us-cabinet-depot/,href,C
1997,View Profile,View Profile,a_inner_text,A
1997,veritext,/investment-portfolio/veritext/,href,C
1998,View Profile,View Profile,a_inner_text,A
1998,viking plastics,/investment-portfolio/viking-plastics/,href,C
1999,View Profile,View Profile,a_inner_text,A
1999,vitex packaging group,/investment-portfolio/vitex-packaging-group/,href,C
2000,View Profile,View Profile,a_inner_text,A
2000,vitg,/investment-portfolio/vitg/,href,C
2001,View Profile,View Profile,a_inner_text,A
2001,vivi,/investment-portfolio/vivi/,href,C
2002,View Profile,View Profile,a_inner_text,A
2002,vokes air group,/investment-portfolio/vokes-air-group/,href,C
2003,View Profile,View Profile,a_inner_text,A
2003,wall street prep,/investment-portfolio/wall-street-prep/,href,C
2004,View Profile,View Profile,a_inner_text,A
2004,waste service group,/investment-portfolio/waste-service-group/,href,C
2005,View Profile,View Profile,a_inner_text,A
2005,water jel,/investment-portfolio/water-jel/,href,C
2006,View Profile,View Profile,a_inner_text,A
2006,welltec,/investment-portfolio/welltec/,href,C
2007,View Profile,View Profile,a_inner_text,A
2007,whatcounts,/investment-portfolio/whatcounts/,href,C
2008,View Profile,View Profile,a_inner_text,A
2008,whitney automotive group,/investment-portfolio/whitney-automotive-group/,href,C
2009,View Profile,View Profile,a_inner_text,A
2009,wildlife international,/investment-portfolio/wildlife-international/,href,C
2010,View Profile,View Profile,a_inner_text,A
2010,wiz korea,/investment-portfolio/wiz-korea/,href,C
2011,View Profile,View Profile,a_inner_text,A
2011,wondr health,/investment-portfolio/wondr-health/,href,C
2012,View Profile,View Profile,a_inner_text,A
2012,work health group,/investment-portfolio/work-health-group/,href,C
2013,View Profile,View Profile,a_inner_text,A
2013,workplace media,/investment-portfolio/workplace-media/,href,C
2014,View Profile,View Profile,a_inner_text,A
2014,workstride,/investment-portfolio/workstride/,href,C
2015,View Profile,View Profile,a_inner_text,A
2015,xcentric,/investment-portfolio/xcentric/,href,C
2016,View Profile,View Profile,a_inner_text,A
2016,y international,/investment-portfolio/y-international/,href,C
2017,View Profile,View Profile,a_inner_text,A
2017,yourmembership,/investment-portfolio/yourmembership/,href,C
2018,View Profile,View Profile,a_inner_text,A
2018,yumearth,/investment-portfolio/yumearth/,href,C
2019,View Profile,View Profile,a_inner_text,A
2019,zetkama,/investment-portfolio/zetkama/,href,C
2020,View Profile,View Profile,a_inner_text,A
2020,ziflow,/investment-portfolio/ziflow/,href,C
2021,View Profile,View Profile,a_inner_text,A
2021,zoobean,/investment-portfolio/zoobean/,href,C
2022,Aforall Weblogo 180X100,Aforall Weblogo 180X100,img_alt_text,B
2023,Abracon2 Weblogo,Abracon2 Weblogo,img_alt_text,B
2024,ACT Test Panels Logo,ACT Test Panels Logo,img_alt_text,B
2025,ACTINEO logo,ACTINEO logo,img_alt_text,B
2026,ActivStyle Logo,ActivStyle Logo,img_alt_text,B
2027,AdhereHealth Logo,AdhereHealth Logo,img_alt_text,B
2028,AERCO Logo,AERCO Logo,img_alt_text,B
2029,Affinitiv Weblogo,Affinitiv Weblogo,img_alt_text,B
2030,Agens Logo,Agens Logo,img_alt_text,B
2031,QDS Logo,QDS Logo,img_alt_text,B
2032,AIA Logo New,AIA Logo New,img_alt_text,B
2033,Airfocus Weblogo 180X100,Airfocus Weblogo 180X100,img_alt_text,B
2034,AIS Logo,AIS Logo,img_alt_text,B
2035,Alchemy Systems Logo,Alchemy Systems Logo,img_alt_text,B
2036,AMS Logo,AMS Logo,img_alt_text,B
2037,Align Networks Logo,Align Networks Logo,img_alt_text,B
2038,Weblogo Alignopps 180X100,Weblogo Alignopps 180X100,img_alt_text,B
2039,Alphah Weblogo2,Alphah Weblogo2,img_alt_text,B
2040,Alsana logo,Alsana logo,img_alt_text,B
2041,Weblogo Altiusgroup2 180X100,Weblogo Altiusgroup2 180X100,img_alt_text,B
2042,"American Electronic Components, Inc. Logo","American Electronic Components, Inc. Logo",img_alt_text,B
2043,American Hospice Logo,American Hospice Logo,img_alt_text,B
2044,American Products Company Logo,American Products Company Logo,img_alt_text,B
2045,AST logo,AST logo,img_alt_text,B
2046,Antiox,Antiox,img_alt_text,B
2047,Apica Weblogo,Apica Weblogo,img_alt_text,B
2048,Apollointeractive Weblogo2,Apollointeractive Weblogo2,img_alt_text,B
2049,Weblogo Aptivio 180X100,Weblogo Aptivio 180X100,img_alt_text,B
2050,ARCOS,ARCOS,img_alt_text,B
2051,ARCOS,ARCOS,img_alt_text,B
2052,Arena Group Logo,Arena Group Logo,img_alt_text,B
2053,Arrowhead Engineered Products,Arrowhead Engineered Products,img_alt_text,B
2054,ATI Logo,ATI Logo,img_alt_text,B
2055,Weblogo Autocorpai 180X100,Weblogo Autocorpai 180X100,img_alt_text,B
2056,Avance Weblogo 180X100,Avance Weblogo 180X100,img_alt_text,B
2057,Avatar Solutions Logo,Avatar Solutions Logo,img_alt_text,B
2058,AWP logo,AWP logo,img_alt_text,B
2059,Awpsafety Weblogo 180X100,Awpsafety Weblogo 180X100,img_alt_text,B
2060,Axsemantics Weblogo 180X100,Axsemantics Weblogo 180X100,img_alt_text,B
2061,Axiom Automotive Technologies Logo,Axiom Automotive Technologies Logo,img_alt_text,B
2062,Baby Jogger Logo,Baby Jogger Logo,img_alt_text,B
2063,Baker Hill Logo,Baker Hill Logo,img_alt_text,B
2064,Be Green Packaging,Be Green Packaging,img_alt_text,B
2065,BeaconMedaes Logo,BeaconMedaes Logo,img_alt_text,B
2066,BeneSys,BeneSys,img_alt_text,B
2067,Bentleylabsweblogo2,Bentleylabsweblogo2,img_alt_text,B
2068,Weblogo Beonx 180X100,Weblogo Beonx 180X100,img_alt_text,B
2069,Bestlifebrandsweblogo (1),Bestlifebrandsweblogo (1),img_alt_text,B
2070,Bigthinkweblogo,Bigthinkweblogo,img_alt_text,B
2071,Bike24,Bike24,img_alt_text,B
2072,Bike24,Bike24,img_alt_text,B
2073,Weblogo Bionativa 180X100,Weblogo Bionativa 180X100,img_alt_text,B
2074,Blue Microphones logo,Blue Microphones logo,img_alt_text,B
2075,Weblogo Bluefletch 180X100,Weblogo Bluefletch 180X100,img_alt_text,B
2076,Blueprint Weblogo 180X100,Blueprint Weblogo 180X100,img_alt_text,B
2077,Bohemia Interactive Simulations,Bohemia Interactive Simulations,img_alt_text,B
2078,BrandMuscle Logo,BrandMuscle Logo,img_alt_text,B
2079,Brookson Logo,Brookson Logo,img_alt_text,B
2080,Buildout Logo,Buildout Logo,img_alt_text,B
2081,Camelot Education Logo,Camelot Education Logo,img_alt_text,B
2082,Capol Logo,Capol Logo,img_alt_text,B
2083,CapRock Logo,CapRock Logo,img_alt_text,B
2084,Weblogo Caravelo 180X100,Weblogo Caravelo 180X100,img_alt_text,B
2085,Carborundum Logo,Carborundum Logo,img_alt_text,B
2086,Casaviweblogo,Casaviweblogo,img_alt_text,B
2087,Causematch Weblogo 180X100,Causematch Weblogo 180X100,img_alt_text,B
2088,Censis,Censis,img_alt_text,B
2089,Certasite Weblogo2,Certasite Weblogo2,img_alt_text,B
2090,Weblogo Chronicleheritage 180X100,Weblogo Chronicleheritage 180X100,img_alt_text,B
2091,Circlelinkhealth Weblogo,Circlelinkhealth Weblogo,img_alt_text,B
2092,CIS Weblogo 180X100,CIS Weblogo 180X100,img_alt_text,B
2093,Clarus logo,Clarus logo,img_alt_text,B
2094,Clayton Logo,Clayton Logo,img_alt_text,B
2095,CEA Weblogo,CEA Weblogo,img_alt_text,B
2096,Clockworksanalytics Weblogo2,Clockworksanalytics Weblogo2,img_alt_text,B
2097,Weblogo Cloudrange 180X100 (1),Weblogo Cloudrange 180X100 (1),img_alt_text,B
2098,Weblogo Cloudrange 180X120,Weblogo Cloudrange 180X120,img_alt_text,B
2099,Cloudlex Weblogo 180X100,Cloudlex Weblogo 180X100,img_alt_text,B
2100,Weblogo Cloudpermit 180X100,Weblogo Cloudpermit 180X100,img_alt_text,B
2101,Cmitsolutions Weblogo 180X100,Cmitsolutions Weblogo 180X100,img_alt_text,B
2102,Coeur Logo,Coeur Logo,img_alt_text,B
2103,Commonwealth Lam-CLC Logo,Commonwealth Lam-CLC Logo,img_alt_text,B
2104,Compleet Weblogo2 180X100,Compleet Weblogo2 180X100,img_alt_text,B
2105,Computer Press Logo,Computer Press Logo,img_alt_text,B
2106,Connexientweblogo,Connexientweblogo,img_alt_text,B
2107,Connor Sport Court,Connor Sport Court,img_alt_text,B
2108,Consensusweblogo,Consensusweblogo,img_alt_text,B
2109,Weblogo Contruent 180X100,Weblogo Contruent 180X100,img_alt_text,B
2110,Convertr Weblogo 180X100,Convertr Weblogo 180X100,img_alt_text,B
2111,Corporatevisions Weblogo 180X100,Corporatevisions Weblogo 180X100,img_alt_text,B
2112,Weblogo Creditlogic 180X100,Weblogo Creditlogic 180X100,img_alt_text,B
2113,Weblogo CRIO 180X100,Weblogo CRIO 180X100,img_alt_text,B
2114,CPI,CPI,img_alt_text,B
2115,Cryptomathic Weblogo 180X100,Cryptomathic Weblogo 180X100,img_alt_text,B
2116,Cutomerguage Weblogocolor,Cutomerguage Weblogocolor,img_alt_text,B
2117,Weblogo Cyberguru 180X100,Weblogo Cyberguru 180X100,img_alt_text,B
2118,Weblogo Cybersaint 180X100,Weblogo Cybersaint 180X100,img_alt_text,B
2119,Weblogo Dastex2a 180X100,Weblogo Dastex2a 180X100,img_alt_text,B
2120,Weblogo DAWGS 180X100,Weblogo DAWGS 180X100,img_alt_text,B
2121,DCM Asia Logo,DCM Asia Logo,img_alt_text,B
2122,Deckcommerce Weblogocolor,Deckcommerce Weblogocolor,img_alt_text,B
2123,Weblogo Decusoftt 180X100,Weblogo Decusoftt 180X100,img_alt_text,B
2124,Weblogo Delaget 180X100,Weblogo Delaget 180X100,img_alt_text,B
2125,Delta Logo,Delta Logo,img_alt_text,B
2126,DentalPlans.com,DentalPlans.com,img_alt_text,B
2127,DHD Logo,DHD Logo,img_alt_text,B
2128,Diatron Group Logo,Diatron Group Logo,img_alt_text,B
2129,DTI Logo,DTI Logo,img_alt_text,B
2130,Weblogo DINGO 180X100,Weblogo DINGO 180X100,img_alt_text,B
2131,DISA Logo,DISA Logo,img_alt_text,B
2132,Doctorcomweblogo,Doctorcomweblogo,img_alt_text,B
2133,DPA Microphones,DPA Microphones,img_alt_text,B
2134,DuBois Logo,DuBois Logo,img_alt_text,B
2135,DuBois Logo,DuBois Logo,img_alt_text,B
2136,Dynojet Logo,Dynojet Logo,img_alt_text,B
2137,E&A Scheer Logo,E&A Scheer Logo,img_alt_text,B
2138,Eemax,Eemax,img_alt_text,B
2139,Elite Sportswear,Elite Sportswear,img_alt_text,B
2140,EM Test Logo,EM Test Logo,img_alt_text,B
2141,ECN Logo,ECN Logo,img_alt_text,B
2142,Weblogo Energyexemplar 180X100,Weblogo Energyexemplar 180X100,img_alt_text,B
2143,Enhatchweblogo,Enhatchweblogo,img_alt_text,B
2144,ENTRIX Logo,ENTRIX Logo,img_alt_text,B
2145,EPCO Logo,EPCO Logo,img_alt_text,B
2146,Epilot Weblogo 180X100,Epilot Weblogo 180X100,img_alt_text,B
2147,Weblogo Essentialcompositions2 180X100,Weblogo Essentialcompositions2 180X100,img_alt_text,B
2148,Euromed Logo,Euromed Logo,img_alt_text,B
2149,Eventsair Weblogo 180X100,Eventsair Weblogo 180X100,img_alt_text,B
2150,Eversmithbrands Weblogo 180X100,Eversmithbrands Weblogo 180X100,img_alt_text,B
2151,Weblogo Everway 180X100,Weblogo Everway 180X100,img_alt_text,B
2152,Weblogo Everway 180X100,Weblogo Everway 180X100,img_alt_text,B
2153,Evive Weblogo 180X100,Evive Weblogo 180X100,img_alt_text,B
2154,Execvisionweblogo,Execvisionweblogo,img_alt_text,B
2155,Experient Logo,Experient Logo,img_alt_text,B
2156,Weblogo Expionhealth 180X100,Weblogo Expionhealth 180X100,img_alt_text,B
2157,Express Logo,Express Logo,img_alt_text,B
2158,Fadata,Fadata,img_alt_text,B
2159,FairPay,FairPay,img_alt_text,B
2160,Fielo Weblogo 180X100,Fielo Weblogo 180X100,img_alt_text,B
2161,Fisher Unitech Logo,Fisher Unitech Logo,img_alt_text,B
2162,FLA Logo,FLA Logo,img_alt_text,B
2163,Flavorsum Weblogo 180X100,Flavorsum Weblogo 180X100,img_alt_text,B
2164,FoodState Company Logo,FoodState Company Logo,img_alt_text,B
2165,Freeway Weblogo 180X100,Freeway Weblogo 180X100,img_alt_text,B
2166,Freightwise Weblogocolor,Freightwise Weblogocolor,img_alt_text,B
2167,FURTHER Weblogo 180X100,FURTHER Weblogo 180X100,img_alt_text,B
2168,Future Metals Logo,Future Metals Logo,img_alt_text,B
2169,Gapartners Weblogo,Gapartners Weblogo,img_alt_text,B
2170,G&H Orthodontics Logo,G&H Orthodontics Logo,img_alt_text,B
2171,Galvanina Logo,Galvanina Logo,img_alt_text,B
2172,Gastromatic Weblogo 180X100,Gastromatic Weblogo 180X100,img_alt_text,B
2173,Weblogo GFOS 180X100,Weblogo GFOS 180X100,img_alt_text,B
2174,Global Claims Services,Global Claims Services,img_alt_text,B
2175,Global Orthopaedic Technology,Global Orthopaedic Technology,img_alt_text,B
2176,Goby Weblogocolor,Goby Weblogocolor,img_alt_text,B
2177,Goreactweblogo,Goreactweblogo,img_alt_text,B
2178,Gracehill Logo,Gracehill Logo,img_alt_text,B
2179,Weblogo Gravitee 180X100,Weblogo Gravitee 180X100,img_alt_text,B
2180,GreenLine Logo,GreenLine Logo,img_alt_text,B
2181,Greenphire Logo,Greenphire Logo,img_alt_text,B
2182,GTI Logo,GTI Logo,img_alt_text,B
2183,Guestline Logo,Guestline Logo,img_alt_text,B
2184,Hammerblow Logo,Hammerblow Logo,img_alt_text,B
2185,Weblogo Hapana 180X100,Weblogo Hapana 180X100,img_alt_text,B
2186,HardwareResources Logo,HardwareResources Logo,img_alt_text,B
2187,Harvey Performance Company Logo,Harvey Performance Company Logo,img_alt_text,B
2188,HCPro Logo,HCPro Logo,img_alt_text,B
2189,HD Advanced Logo,HD Advanced Logo,img_alt_text,B
2190,Weblogo Headtotoebrands 180X100,Weblogo Headtotoebrands 180X100,img_alt_text,B
2191,HSI Logo,HSI Logo,img_alt_text,B
2192,HSI Logo,HSI Logo,img_alt_text,B
2193,healthcarefirst,healthcarefirst,img_alt_text,B
2194,Healthtech3 Logo,Healthtech3 Logo,img_alt_text,B
2195,Herb Thyme Logo,Herb Thyme Logo,img_alt_text,B
2196,Weblogo Heydata 180X100,Weblogo Heydata 180X100,img_alt_text,B
2197,Hiway Group Logo,Hiway Group Logo,img_alt_text,B
2198,HMI Weblogo3,HMI Weblogo3,img_alt_text,B
2199,Hrsoft Weblogo 180X100,Hrsoft Weblogo 180X100,img_alt_text,B
2200,HRA Pharma,HRA Pharma,img_alt_text,B
2201,Hudson Sharp Logo,Hudson Sharp Logo,img_alt_text,B
2202,Hydrocorp Weblogo 180X100,Hydrocorp Weblogo 180X100,img_alt_text,B
2203,iAutomation Logo,iAutomation Logo,img_alt_text,B
2204,Icev Weblogo 180X100,Icev Weblogo 180X100,img_alt_text,B
2205,Ideoclickweblogo,Ideoclickweblogo,img_alt_text,B
2206,Weblogo IDEON 180X100,Weblogo IDEON 180X100,img_alt_text,B
2207,IDOC Logo,IDOC Logo,img_alt_text,B
2208,IFS Group,IFS Group,img_alt_text,B
2209,Weblogo Ilpastaio 180X100,Weblogo Ilpastaio 180X100,img_alt_text,B
2210,Weblogo Impactxm 180X100,Weblogo Impactxm 180X100,img_alt_text,B
2211,ILS Weblogo,ILS Weblogo,img_alt_text,B
2212,Inscape Logo,Inscape Logo,img_alt_text,B
2213,Innovating Claims Management Logo,Innovating Claims Management Logo,img_alt_text,B
2214,IPS Logo,IPS Logo,img_alt_text,B
2215,Weblogo Intrepidnetworks 180X100,Weblogo Intrepidnetworks 180X100,img_alt_text,B
2216,Invita Weblogo,Invita Weblogo,img_alt_text,B
2217,Weblogo Ironedge 180X100,Weblogo Ironedge 180X100,img_alt_text,B
2218,It's Just Lunch Logo,It's Just Lunch Logo,img_alt_text,B
2219,Junior Sports Corporation,Junior Sports Corporation,img_alt_text,B
2220,Justrite Logo,Justrite Logo,img_alt_text,B
2221,Kasasa Logo,Kasasa Logo,img_alt_text,B
2222,Weblogo Kaseware 180X100,Weblogo Kaseware 180X100,img_alt_text,B
2223,Keepsake Logo,Keepsake Logo,img_alt_text,B
2224,Keonahealth Weblogocolor,Keonahealth Weblogocolor,img_alt_text,B
2225,Keycast Logo,Keycast Logo,img_alt_text,B
2226,Keymile,Keymile,img_alt_text,B
2227,KFM Logo,KFM Logo,img_alt_text,B
2228,Lacunasolutions Weblogo 180X100,Lacunasolutions Weblogo 180X100,img_alt_text,B
2229,Lakeview Health Logo,Lakeview Health Logo,img_alt_text,B
2230,L-com Logo,L-com Logo,img_alt_text,B
2231,Learning Seat Logo,Learning Seat Logo,img_alt_text,B
2232,Leftshiftweblogo,Leftshiftweblogo,img_alt_text,B
2233,Lexipol Weblogo2,Lexipol Weblogo2,img_alt_text,B
2234,Lexipol Weblogo2,Lexipol Weblogo2,img_alt_text,B
2235,Lillebaby Logo,Lillebaby Logo,img_alt_text,B
2236,Lmgholdingsweblogo2,Lmgholdingsweblogo2,img_alt_text,B
2237,Weblogo Loadstop 180X100,Weblogo Loadstop 180X100,img_alt_text,B
2238,LocalTel Logo,LocalTel Logo,img_alt_text,B
2239,Logically logo,Logically logo,img_alt_text,B
2240,London's Dairy Farm Logo,London's Dairy Farm Logo,img_alt_text,B
2241,Looptie Weblogocolor,Looptie Weblogocolor,img_alt_text,B
2242,Lumen Dynamics Group Logo,Lumen Dynamics Group Logo,img_alt_text,B
2243,Marena Logo,Marena Logo,img_alt_text,B
2244,Marketmuseweblogo,Marketmuseweblogo,img_alt_text,B
2245,Maverick Logo,Maverick Logo,img_alt_text,B
2246,MEC3 Logo,MEC3 Logo,img_alt_text,B
2247,Media Source Company Logo,Media Source Company Logo,img_alt_text,B
2248,Weblogo Mediafly 180X100,Weblogo Mediafly 180X100,img_alt_text,B
2249,Megachemie Logo,Megachemie Logo,img_alt_text,B
2250,Merit Logo,Merit Logo,img_alt_text,B
2251,Mifam Logo,Mifam Logo,img_alt_text,B
2252,Mintra Weblogo2,Mintra Weblogo2,img_alt_text,B
2253,MK Logo,MK Logo,img_alt_text,B
2254,MLCOA,MLCOA,img_alt_text,B
2255,Mmgfusion Weblogo180x100,Mmgfusion Weblogo180x100,img_alt_text,B
2256,MNX Logo,MNX Logo,img_alt_text,B
2257,Moderncampus Weblogo 180X100,Moderncampus Weblogo 180X100,img_alt_text,B
2258,Modernhire Weblogo,Modernhire Weblogo,img_alt_text,B
2259,Momentum Group Logo,Momentum Group Logo,img_alt_text,B
2260,Weblogo Momentum101625 180X100,Weblogo Momentum101625 180X100,img_alt_text,B
2261,Monessen Logo,Monessen Logo,img_alt_text,B
2262,Montel Weblogo 180X100,Montel Weblogo 180X100,img_alt_text,B
2263,Moss Logo,Moss Logo,img_alt_text,B
2264,Matthew*Warren Industries Logo,Matthew*Warren Industries Logo,img_alt_text,B
2265,Myskillscamp Weblogo 180X100,Myskillscamp Weblogo 180X100,img_alt_text,B
2266,NAKA,NAKA,img_alt_text,B
2267,NAVEX Global,NAVEX Global,img_alt_text,B
2268,Navigate360 Weblogo,Navigate360 Weblogo,img_alt_text,B
2269,neighborly logo,neighborly logo,img_alt_text,B
2270,Logo Netwatch 180X100,Logo Netwatch 180X100,img_alt_text,B
2271,Nordco Logo,Nordco Logo,img_alt_text,B
2272,North American Dental Group Logo,North American Dental Group Logo,img_alt_text,B
2273,Novamed Logo,Novamed Logo,img_alt_text,B
2274,NPC Logo,NPC Logo,img_alt_text,B
2275,Nustef Weblogo 180X100,Nustef Weblogo 180X100,img_alt_text,B
2276,Oaky Weblogo 180X100,Oaky Weblogo 180X100,img_alt_text,B
2277,Olympic Logo,Olympic Logo,img_alt_text,B
2278,Omnigo logo,Omnigo logo,img_alt_text,B
2279,Weblogo Onlocation 180X100,Weblogo Onlocation 180X100,img_alt_text,B
2280,OnCourse Learning,OnCourse Learning,img_alt_text,B
2281,Oni Logo,Oni Logo,img_alt_text,B
2282,Onscent Weblogo2 180X100,Onscent Weblogo2 180X100,img_alt_text,B
2283,Oomnitzaweblogo,Oomnitzaweblogo,img_alt_text,B
2284,Orliman Logo,Orliman Logo,img_alt_text,B
2285,Portfolio Company - Ortho D,Portfolio Company - Ortho D,img_alt_text,B
2286,Outsolve Weblogo 180X100,Outsolve Weblogo 180X100,img_alt_text,B
2287,Outward Hound Logo,Outward Hound Logo,img_alt_text,B
2288,Ownlocalweblogo,Ownlocalweblogo,img_alt_text,B
2289,Paradigm Logo,Paradigm Logo,img_alt_text,B
2290,Pareto Logo,Pareto Logo,img_alt_text,B
2291,Parkerfoodgroup Weblogo 180X100,Parkerfoodgroup Weblogo 180X100,img_alt_text,B
2292,Weblogo Partium 180X100,Weblogo Partium 180X100,img_alt_text,B
2293,Patronmanagerweblogo,Patronmanagerweblogo,img_alt_text,B
2294,Peak Weblogo 180X100,Peak Weblogo 180X100,img_alt_text,B
2295,Peerspot Weblogo 180X100,Peerspot Weblogo 180X100,img_alt_text,B
2296,Weblogo Peoplegrovev3 180X100,Weblogo Peoplegrovev3 180X100,img_alt_text,B
2297,PSI Weblogo,PSI Weblogo,img_alt_text,B
2298,Pfbcorp Weblogo 180X100,Pfbcorp Weblogo 180X100,img_alt_text,B
2299,Polar Windows Logo,Polar Windows Logo,img_alt_text,B
2300,PPC Logo,PPC Logo,img_alt_text,B
2301,Precision Wire Components Logo,Precision Wire Components Logo,img_alt_text,B
2302,Primalex Logo,Primalex Logo,img_alt_text,B
2303,PCS Logo,PCS Logo,img_alt_text,B
2304,Profit Systems Logo,Profit Systems Logo,img_alt_text,B
2305,Weblogo Propensity 180X100,Weblogo Propensity 180X100,img_alt_text,B
2306,ProSites Logo,ProSites Logo,img_alt_text,B
2307,Pro-vigil Logo,Pro-vigil Logo,img_alt_text,B
2308,Purple Weblogo 180X100,Purple Weblogo 180X100,img_alt_text,B
2309,Weblogo Pypestream 180X100,Weblogo Pypestream 180X100,img_alt_text,B
2310,QualServ Logo,QualServ Logo,img_alt_text,B
2311,Quivers Weblogo 180X100,Quivers Weblogo 180X100,img_alt_text,B
2312,Rameder-Logo,Rameder-Logo,img_alt_text,B
2313,Weblogo Readysetsurgical 180X100,Weblogo Readysetsurgical 180X100,img_alt_text,B
2314,Recoverypoint Weblogo,Recoverypoint Weblogo,img_alt_text,B
2315,Rednucleus2 Weblogo 180X100,Rednucleus2 Weblogo 180X100,img_alt_text,B
2316,Redteamweblogo,Redteamweblogo,img_alt_text,B
2317,REIMA Device 180X100,REIMA Device 180X100,img_alt_text,B
2318,Relay Weblogo 180X100,Relay Weblogo 180X100,img_alt_text,B
2319,REPA Weblogo,REPA Weblogo,img_alt_text,B
2320,Results Weight Loss Logo,Results Weight Loss Logo,img_alt_text,B
2321,Boost,Boost,img_alt_text,B
2322,Revegyweblogo,Revegyweblogo,img_alt_text,B
2323,Revtraxweblogo,Revtraxweblogo,img_alt_text,B
2324,Richter Logo,Richter Logo,img_alt_text,B
2325,Rutland Group logo,Rutland Group logo,img_alt_text,B
2326,SAFEbuilt,SAFEbuilt,img_alt_text,B
2327,Salgglas Logo,Salgglas Logo,img_alt_text,B
2328,Screen Vision Logo,Screen Vision Logo,img_alt_text,B
2329,Weblogo Seatex 180X100,Weblogo Seatex 180X100,img_alt_text,B
2330,Selig Logo,Selig Logo,img_alt_text,B
2331,Sencore,Sencore,img_alt_text,B
2332,Sentinel Logo,Sentinel Logo,img_alt_text,B
2333,Weblogo Sevdesk 180X100,Weblogo Sevdesk 180X100,img_alt_text,B
2334,Shinsouki Logo,Shinsouki Logo,img_alt_text,B
2335,RAC Showdme Weblogo 180X100,RAC Showdme Weblogo 180X100,img_alt_text,B
2336,Siffron Weblogo 180X100,Siffron Weblogo 180X100,img_alt_text,B
2337,SIGG Logo,SIGG Logo,img_alt_text,B
2338,Weblogo Simcro2 180X100,Weblogo Simcro2 180X100,img_alt_text,B
2339,Weblogo Smartways 180X100,Weblogo Smartways 180X100,img_alt_text,B
2340,Weblogo Solutaboonchapman 180X100,Weblogo Solutaboonchapman 180X100,img_alt_text,B
2341,Soothe Weblogo2,Soothe Weblogo2,img_alt_text,B
2342,SFNN Logo,SFNN Logo,img_alt_text,B
2343,SMS Company Logo,SMS Company Logo,img_alt_text,B
2344,Spectrio,Spectrio,img_alt_text,B
2345,Spirion Logo,Spirion Logo,img_alt_text,B
2346,SpofaDental Logo,SpofaDental Logo,img_alt_text,B
2347,Sportsrecruitsweblogo,Sportsrecruitsweblogo,img_alt_text,B
2348,Squirro Weblogo 180X100,Squirro Weblogo 180X100,img_alt_text,B
2349,Stemlab Logo,Stemlab Logo,img_alt_text,B
2350,Stoffel Logo,Stoffel Logo,img_alt_text,B
2351,Suitepad Weblogocolor,Suitepad Weblogocolor,img_alt_text,B
2352,Sunless Logo,Sunless Logo,img_alt_text,B
2353,Sunise Windows Logo,Sunise Windows Logo,img_alt_text,B
2354,SureWerx logo,SureWerx logo,img_alt_text,B
2355,Power Planning System,Power Planning System,img_alt_text,B
2356,Sytrue Weblogo 180X100,Sytrue Weblogo 180X100,img_alt_text,B
2357,Weblogo T3servicesgroup 180X100,Weblogo T3servicesgroup 180X100,img_alt_text,B
2358,Tate's Bake Shop,Tate's Bake Shop,img_alt_text,B
2359,Team Technologies Logo,Team Technologies Logo,img_alt_text,B
2360,Tensator Logo,Tensator Logo,img_alt_text,B
2361,Teufel Logo,Teufel Logo,img_alt_text,B
2362,Dermgroupweblogo,Dermgroupweblogo,img_alt_text,B
2363,Dwyer Logo,Dwyer Logo,img_alt_text,B
2364,The Dwyer Group,The Dwyer Group,img_alt_text,B
2365,Weblogo Healthea 180X100,Weblogo Healthea 180X100,img_alt_text,B
2366,Weblogo Townsendgroup 180X100,Weblogo Townsendgroup 180X100,img_alt_text,B
2367,Weblogo Vomela 180X100,Weblogo Vomela 180X100,img_alt_text,B
2368,Thibaut Logo,Thibaut Logo,img_alt_text,B
2369,Thinktankweblogo,Thinktankweblogo,img_alt_text,B
2370,Weblogo Threatmark 180X100,Weblogo Threatmark 180X100,img_alt_text,B
2371,Thresholdbrands Weblogo 180X100,Thresholdbrands Weblogo 180X100,img_alt_text,B
2372,Todaytixweblogo,Todaytixweblogo,img_alt_text,B
2373,TOOLPORT Weblogo,TOOLPORT Weblogo,img_alt_text,B
2374,Transporeon,Transporeon,img_alt_text,B
2375,Trend Logo,Trend Logo,img_alt_text,B
2376,Tropikal Logo,Tropikal Logo,img_alt_text,B
2377,TrueHealth Group Logo,TrueHealth Group Logo,img_alt_text,B
2378,Trustwell Weblogo 180X100,Trustwell Weblogo 180X100,img_alt_text,B
2379,Turtl Weblogocolor,Turtl Weblogocolor,img_alt_text,B
2380,Weblogo Typsy 180X100,Weblogo Typsy 180X100,img_alt_text,B
2381,Uinta Brewing logo,Uinta Brewing logo,img_alt_text,B
2382,UltraVolt Logo,UltraVolt Logo,img_alt_text,B
2383,Unifocus Weblogo2 180X100,Unifocus Weblogo2 180X100,img_alt_text,B
2384,unipac Logo,unipac Logo,img_alt_text,B
2385,United Central Industrial Supplies,United Central Industrial Supplies,img_alt_text,B
2386,UAF Logo,UAF Logo,img_alt_text,B
2387,Uscabinetdepot Weblogo 180X100,Uscabinetdepot Weblogo 180X100,img_alt_text,B
2388,Veritext Logo,Veritext Logo,img_alt_text,B
2389,Viking Plastics Logo,Viking Plastics Logo,img_alt_text,B
2390,VPG Logo,VPG Logo,img_alt_text,B
2391,Weblogo VITG 180X100,Weblogo VITG 180X100,img_alt_text,B
2392,Vivi Updatedlogo 180X100,Vivi Updatedlogo 180X100,img_alt_text,B
2393,Vokes Air Logo,Vokes Air Logo,img_alt_text,B
2394,Weblogo Wallstreetprep 180X100,Weblogo Wallstreetprep 180X100,img_alt_text,B
2395,Waste Service Group Logo,Waste Service Group Logo,img_alt_text,B
2396,WaterJel Logo,WaterJel Logo,img_alt_text,B
2397,Welltec,Welltec,img_alt_text,B
2398,Whatcounts Logo,Whatcounts Logo,img_alt_text,B
2399,WAG Logo,WAG Logo,img_alt_text,B
2400,Wildlife International Logo,Wildlife International Logo,img_alt_text,B
2401,WizIsland,WizIsland,img_alt_text,B
2402,Wondrhealth Weblogo,Wondrhealth Weblogo,img_alt_text,B
2403,Work Health Group Logo,Work Health Group Logo,img_alt_text,B
2404,WorkPlace Media Logo,WorkPlace Media Logo,img_alt_text,B
2405,Workstride Logo,Workstride Logo,img_alt_text,B
2406,Xcentric Mold Logo,Xcentric Mold Logo,img_alt_text,B
2407,Y'sRoad,Y'sRoad,img_alt_text,B
2408,YourMembership Logo,YourMembership Logo,img_alt_text,B
2409,Yum Earth logo,Yum Earth logo,img_alt_text,B
2410,Zetkama Logo,Zetkama Logo,img_alt_text,B
2411,Ziflow Weblogo 180X100,Ziflow Weblogo 180X100,img_alt_text,B
2412,Weblogo Zoobean 180X100,Weblogo Zoobean 180X100,img_alt_text,B
2413,View Profile,View Profile,a_inner_text,A
2413,a forall,/investment-portfolio/a-forall/,href,C
2414,Aforall Weblogo 180X100,Aforall Weblogo 180X100,img_alt_text,B
2415,View Profile,View Profile,a_inner_text,A
2415,a forall,/investment-portfolio/a-forall/,href,C
2416,View Profile,View Profile,a_inner_text,A
2416,abracon,/investment-portfolio/abracon/,href,C
2417,Abracon2 Weblogo,Abracon2 Weblogo,img_alt_text,B
2418,View Profile,View Profile,a_inner_text,A
2418,abracon,/investment-portfolio/abracon/,href,C
2419,View Profile,View Profile,a_inner_text,A
2419,act test panels,/investment-portfolio/act-test-panels/,href,C
2420,ACT Test Panels Logo,ACT Test Panels Logo,img_alt_text,B
2421,View Profile,View Profile,a_inner_text,A
2421,act test panels,/investment-portfolio/act-test-panels/,href,C
2422,View Profile,View Profile,a_inner_text,A
2422,actineo,/investment-portfolio/actineo/,href,C
2423,ACTINEO logo,ACTINEO logo,img_alt_text,B
2424,View Profile,View Profile,a_inner_text,A
2424,actineo,/investment-portfolio/actineo/,href,C
2425,View Profile,View Profile,a_inner_text,A
2425,activstyle,/investment-portfolio/activstyle/,href,C
2426,ActivStyle Logo,ActivStyle Logo,img_alt_text,B
2427,View Profile,View Profile,a_inner_text,A
2427,activstyle,/investment-portfolio/activstyle/,href,C
2428,View Profile,View Profile,a_inner_text,A
2428,adherehealth,/investment-portfolio/adherehealth/,href,C
2429,AdhereHealth Logo,AdhereHealth Logo,img_alt_text,B
2430,View Profile,View Profile,a_inner_text,A
2430,adherehealth,/investment-portfolio/adherehealth/,href,C
2431,View Profile,View Profile,a_inner_text,A
2431,aerco,/investment-portfolio/aerco/,href,C
2432,AERCO Logo,AERCO Logo,img_alt_text,B
2433,View Profile,View Profile,a_inner_text,A
2433,aerco,/investment-portfolio/aerco/,href,C
2434,View Profile,View Profile,a_inner_text,A
2434,affinitiv,/investment-portfolio/affinitiv/,href,C
2435,Affinitiv Weblogo,Affinitiv Weblogo,img_alt_text,B
2436,View Profile,View Profile,a_inner_text,A
2436,affinitiv,/investment-portfolio/affinitiv/,href,C
2437,View Profile,View Profile,a_inner_text,A
2437,agens,/investment-portfolio/agens/,href,C
2438,Agens Logo,Agens Logo,img_alt_text,B
2439,View Profile,View Profile,a_inner_text,A
2439,agens,/investment-portfolio/agens/,href,C
2440,View Profile,View Profile,a_inner_text,A
2440,agri max,/investment-portfolio/agri-max/,href,C
2441,QDS Logo,QDS Logo,img_alt_text,B
2442,View Profile,View Profile,a_inner_text,A
2442,agri max,/investment-portfolio/agri-max/,href,C
2443,View Profile,View Profile,a_inner_text,A
2443,aia corporation,/investment-portfolio/aia-corporation/,href,C
2444,AIA Logo New,AIA Logo New,img_alt_text,B
2445,View Profile,View Profile,a_inner_text,A
2445,aia corporation,/investment-portfolio/aia-corporation/,href,C
2446,View Profile,View Profile,a_inner_text,A
2446,airfocus,/investment-portfolio/airfocus/,href,C
2447,Airfocus Weblogo 180X100,Airfocus Weblogo 180X100,img_alt_text,B
2448,View Profile,View Profile,a_inner_text,A
2448,airfocus,/investment-portfolio/airfocus/,href,C
2449,View Profile,View Profile,a_inner_text,A
2449,ais group,/investment-portfolio/ais-group/,href,C
2450,AIS Logo,AIS Logo,img_alt_text,B
2451,View Profile,View Profile,a_inner_text,A
2451,ais group,/investment-portfolio/ais-group/,href,C
2452,View Profile,View Profile,a_inner_text,A
2452,alchemy,/investment-portfolio/alchemy/,href,C
2453,Alchemy Systems Logo,Alchemy Systems Logo,img_alt_text,B
2454,View Profile,View Profile,a_inner_text,A
2454,alchemy,/investment-portfolio/alchemy/,href,C
2455,View Profile,View Profile,a_inner_text,A
2455,alcohol monitoring systems,/investment-portfolio/alcohol-monitoring-systems/,href,C
2456,AMS Logo,AMS Logo,img_alt_text,B
2457,View Profile,View Profile,a_inner_text,A
2457,alcohol monitoring systems,/investment-portfolio/alcohol-monitoring-systems/,href,C
2458,View Profile,View Profile,a_inner_text,A
2458,align networks,/investment-portfolio/align-networks/,href,C
2459,Align Networks Logo,Align Networks Logo,img_alt_text,B
2460,View Profile,View Profile,a_inner_text,A
2460,align networks,/investment-portfolio/align-networks/,href,C
2461,View Profile,View Profile,a_inner_text,A
2461,align ops,/investment-portfolio/align-ops/,href,C
2462,Weblogo Alignopps 180X100,Weblogo Alignopps 180X100,img_alt_text,B
2463,View Profile,View Profile,a_inner_text,A
2463,align ops,/investment-portfolio/align-ops/,href,C
2464,View Profile,View Profile,a_inner_text,A
2464,alpha h,/investment-portfolio/alpha-h/,href,C
2465,Alphah Weblogo2,Alphah Weblogo2,img_alt_text,B
2466,View Profile,View Profile,a_inner_text,A
2466,alpha h,/investment-portfolio/alpha-h/,href,C
2467,View Profile,View Profile,a_inner_text,A
2467,alsana,/investment-portfolio/alsana/,href,C
2468,Alsana logo,Alsana logo,img_alt_text,B
2469,View Profile,View Profile,a_inner_text,A
2469,alsana,/investment-portfolio/alsana/,href,C
2470,View Profile,View Profile,a_inner_text,A
2470,altius group,/investment-portfolio/altius-group/,href,C
2471,Weblogo Altiusgroup2 180X100,Weblogo Altiusgroup2 180X100,img_alt_text,B
2472,View Profile,View Profile,a_inner_text,A
2472,altius group,/investment-portfolio/altius-group/,href,C
2473,View Profile,View Profile,a_inner_text,A
2473,american electronic components,/investment-portfolio/american-electronic-components/,href,C
2474,"American Electronic Components, Inc. Logo","American Electronic Components, Inc. Logo",img_alt_text,B
2475,View Profile,View Profile,a_inner_text,A
2475,american electronic components,/investment-portfolio/american-electronic-components/,href,C
2476,View Profile,View Profile,a_inner_text,A
2476,american hospice,/investment-portfolio/american-hospice/,href,C
2477,American Hospice Logo,American Hospice Logo,img_alt_text,B
2478,View Profile,View Profile,a_inner_text,A
2478,american hospice,/investment-portfolio/american-hospice/,href,C
2479,View Profile,View Profile,a_inner_text,A
2479,american products company,/investment-portfolio/american-products-company/,href,C
2480,American Products Company Logo,American Products Company Logo,img_alt_text,B
2481,View Profile,View Profile,a_inner_text,A
2481,american products company,/investment-portfolio/american-products-company/,href,C
2482,View Profile,View Profile,a_inner_text,A
2482,american stock transfer trust company,/investment-portfolio/american-stock-transfer-trust-company/,href,C
2483,AST logo,AST logo,img_alt_text,B
2484,View Profile,View Profile,a_inner_text,A
2484,american stock transfer trust company,/investment-portfolio/american-stock-transfer-trust-company/,href,C
2485,View Profile,View Profile,a_inner_text,A
2485,anitox,/investment-portfolio/anitox/,href,C
2486,Antiox,Antiox,img_alt_text,B
2487,View Profile,View Profile,a_inner_text,A
2487,anitox,/investment-portfolio/anitox/,href,C
2488,View Profile,View Profile,a_inner_text,A
2488,apica,/investment-portfolio/apica/,href,C
2489,Apica Weblogo,Apica Weblogo,img_alt_text,B
2490,View Profile,View Profile,a_inner_text,A
2490,apica,/investment-portfolio/apica/,href,C
2491,View Profile,View Profile,a_inner_text,A
2491,apollo interactive,/investment-portfolio/apollo-interactive/,href,C
2492,Apollointeractive Weblogo2,Apollointeractive Weblogo2,img_alt_text,B
2493,View Profile,View Profile,a_inner_text,A
2493,apollo interactive,/investment-portfolio/apollo-interactive/,href,C
2494,View Profile,View Profile,a_inner_text,A
2494,aptivio,/investment-portfolio/aptivio/,href,C
2495,Weblogo Aptivio 180X100,Weblogo Aptivio 180X100,img_alt_text,B
2496,View Profile,View Profile,a_inner_text,A
2496,aptivio,/investment-portfolio/aptivio/,href,C
2497,View Profile,View Profile,a_inner_text,A
2497,arcos i,/investment-portfolio/arcos-i/,href,C
2498,ARCOS,ARCOS,img_alt_text,B
2499,View Profile,View Profile,a_inner_text,A
2499,arcos i,/investment-portfolio/arcos-i/,href,C
2500,View Profile,View Profile,a_inner_text,A
2500,arcos ii,/investment-portfolio/arcos-ii/,href,C
2501,ARCOS,ARCOS,img_alt_text,B
2502,View Profile,View Profile,a_inner_text,A
2502,arcos ii,/investment-portfolio/arcos-ii/,href,C
2503,View Profile,View Profile,a_inner_text,A
2503,arena,/investment-portfolio/arena/,href,C
2504,Arena Group Logo,Arena Group Logo,img_alt_text,B
2505,View Profile,View Profile,a_inner_text,A
2505,arena,/investment-portfolio/arena/,href,C
2506,View Profile,View Profile,a_inner_text,A
2506,arrowhead engineered products,/investment-portfolio/arrowhead-engineered-products/,href,C
2507,Arrowhead Engineered Products,Arrowhead Engineered Products,img_alt_text,B
2508,View Profile,View Profile,a_inner_text,A
2508,arrowhead engineered products,/investment-portfolio/arrowhead-engineered-products/,href,C
2509,View Profile,View Profile,a_inner_text,A
2509,ati,/investment-portfolio/ati/,href,C
2510,ATI Logo,ATI Logo,img_alt_text,B
2511,View Profile,View Profile,a_inner_text,A
2511,ati,/investment-portfolio/ati/,href,C
2512,View Profile,View Profile,a_inner_text,A
2512,autocorp ai inc,/investment-portfolio/autocorp-ai-inc/,href,C
2513,Weblogo Autocorpai 180X100,Weblogo Autocorpai 180X100,img_alt_text,B
2514,View Profile,View Profile,a_inner_text,A
2514,autocorp ai inc,/investment-portfolio/autocorp-ai-inc/,href,C
2515,View Profile,View Profile,a_inner_text,A
2515,avance clinical,/investment-portfolio/avance-clinical/,href,C
2516,Avance Weblogo 180X100,Avance Weblogo 180X100,img_alt_text,B
2517,View Profile,View Profile,a_inner_text,A
2517,avance clinical,/investment-portfolio/avance-clinical/,href,C
2518,View Profile,View Profile,a_inner_text,A
2518,avatar solutions,/investment-portfolio/avatar-solutions/,href,C
2519,Avatar Solutions Logo,Avatar Solutions Logo,img_alt_text,B
2520,View Profile,View Profile,a_inner_text,A
2520,avatar solutions,/investment-portfolio/avatar-solutions/,href,C
2521,View Profile,View Profile,a_inner_text,A
2521,awp safety i,/investment-portfolio/awp-safety-i/,href,C
2522,AWP logo,AWP logo,img_alt_text,B
2523,View Profile,View Profile,a_inner_text,A
2523,awp safety i,/investment-portfolio/awp-safety-i/,href,C
2524,View Profile,View Profile,a_inner_text,A
2524,awp safety ii,/investment-portfolio/awp-safety-ii/,href,C
2525,Awpsafety Weblogo 180X100,Awpsafety Weblogo 180X100,img_alt_text,B
2526,View Profile,View Profile,a_inner_text,A
2526,awp safety ii,/investment-portfolio/awp-safety-ii/,href,C
2527,View Profile,View Profile,a_inner_text,A
2527,ax semantics,/investment-portfolio/ax-semantics/,href,C
2528,Axsemantics Weblogo 180X100,Axsemantics Weblogo 180X100,img_alt_text,B
2529,View Profile,View Profile,a_inner_text,A
2529,ax semantics,/investment-portfolio/ax-semantics/,href,C
2530,View Profile,View Profile,a_inner_text,A
2530,axiom automotive technologies,/investment-portfolio/axiom-automotive-technologies/,href,C
2531,Axiom Automotive Technologies Logo,Axiom Automotive Technologies Logo,img_alt_text,B
2532,View Profile,View Profile,a_inner_text,A
2532,axiom automotive technologies,/investment-portfolio/axiom-automotive-technologies/,href,C
2533,View Profile,View Profile,a_inner_text,A
2533,baby jogger,/investment-portfolio/baby-jogger/,href,C
2534,Baby Jogger Logo,Baby Jogger Logo,img_alt_text,B
2535,View Profile,View Profile,a_inner_text,A
2535,baby jogger,/investment-portfolio/baby-jogger/,href,C
2536,View Profile,View Profile,a_inner_text,A
2536,baker hill,/investment-portfolio/baker-hill/,href,C
2537,Baker Hill Logo,Baker Hill Logo,img_alt_text,B
2538,View Profile,View Profile,a_inner_text,A
2538,baker hill,/investment-portfolio/baker-hill/,href,C
2539,View Profile,View Profile,a_inner_text,A
2539,be green packaging,/investment-portfolio/be-green-packaging/,href,C
2540,Be Green Packaging,Be Green Packaging,img_alt_text,B
2541,View Profile,View Profile,a_inner_text,A
2541,be green packaging,/investment-portfolio/be-green-packaging/,href,C
2542,View Profile,View Profile,a_inner_text,A
2542,beaconmedaes,/investment-portfolio/beaconmedaes/,href,C
2543,BeaconMedaes Logo,BeaconMedaes Logo,img_alt_text,B
2544,View Profile,View Profile,a_inner_text,A
2544,beaconmedaes,/investment-portfolio/beaconmedaes/,href,C
2545,View Profile,View Profile,a_inner_text,A
2545,benesys,/investment-portfolio/benesys/,href,C
2546,BeneSys,BeneSys,img_alt_text,B
2547,View Profile,View Profile,a_inner_text,A
2547,benesys,/investment-portfolio/benesys/,href,C
2548,View Profile,View Profile,a_inner_text,A
2548,bentley laboratories,/investment-portfolio/bentley-laboratories/,href,C
2549,Bentleylabsweblogo2,Bentleylabsweblogo2,img_alt_text,B
2550,View Profile,View Profile,a_inner_text,A
2550,bentley laboratories,/investment-portfolio/bentley-laboratories/,href,C
2551,View Profile,View Profile,a_inner_text,A
2551,beonx,/investment-portfolio/beonx/,href,C
2552,Weblogo Beonx 180X100,Weblogo Beonx 180X100,img_alt_text,B
2553,View Profile,View Profile,a_inner_text,A
2553,beonx,/investment-portfolio/beonx/,href,C
2554,View Profile,View Profile,a_inner_text,A
2554,best life brands,/investment-portfolio/best-life-brands/,href,C
2555,Bestlifebrandsweblogo (1),Bestlifebrandsweblogo (1),img_alt_text,B
2556,View Profile,View Profile,a_inner_text,A
2556,best life brands,/investment-portfolio/best-life-brands/,href,C
2557,View Profile,View Profile,a_inner_text,A
2557,big think,/investment-portfolio/big-think/,href,C
2558,Bigthinkweblogo,Bigthinkweblogo,img_alt_text,B
2559,View Profile,View Profile,a_inner_text,A
2559,big think,/investment-portfolio/big-think/,href,C
2560,View Profile,View Profile,a_inner_text,A
2560,bike24 i,/investment-portfolio/bike24-i/,href,C
2561,Bike24,Bike24,img_alt_text,B
2562,View Profile,View Profile,a_inner_text,A
2562,bike24 i,/investment-portfolio/bike24-i/,href,C
2563,View Profile,View Profile,a_inner_text,A
2563,bike24 ii,/investment-portfolio/bike24-ii/,href,C
2564,Bike24,Bike24,img_alt_text,B
2565,View Profile,View Profile,a_inner_text,A
2565,bike24 ii,/investment-portfolio/bike24-ii/,href,C
2566,View Profile,View Profile,a_inner_text,A
2566,bionativa,/investment-portfolio/bionativa/,href,C
2567,Weblogo Bionativa 180X100,Weblogo Bionativa 180X100,img_alt_text,B
2568,View Profile,View Profile,a_inner_text,A
2568,bionativa,/investment-portfolio/bionativa/,href,C
2569,View Profile,View Profile,a_inner_text,A
2569,blue microphones,/investment-portfolio/blue-microphones/,href,C
2570,Blue Microphones logo,Blue Microphones logo,img_alt_text,B
2571,View Profile,View Profile,a_inner_text,A
2571,blue microphones,/investment-portfolio/blue-microphones/,href,C
2572,View Profile,View Profile,a_inner_text,A
2572,bluefletch,/investment-portfolio/bluefletch/,href,C
2573,Weblogo Bluefletch 180X100,Weblogo Bluefletch 180X100,img_alt_text,B
2574,View Profile,View Profile,a_inner_text,A
2574,bluefletch,/investment-portfolio/bluefletch/,href,C
2575,View Profile,View Profile,a_inner_text,A
2575,blueprint,/investment-portfolio/blueprint/,href,C
2576,Blueprint Weblogo 180X100,Blueprint Weblogo 180X100,img_alt_text,B
2577,View Profile,View Profile,a_inner_text,A
2577,blueprint,/investment-portfolio/blueprint/,href,C
2578,View Profile,View Profile,a_inner_text,A
2578,bohemia interactive simulations,/investment-portfolio/bohemia-interactive-simulations/,href,C
2579,Bohemia Interactive Simulations,Bohemia Interactive Simulations,img_alt_text,B
2580,View Profile,View Profile,a_inner_text,A
2580,bohemia interactive simulations,/investment-portfolio/bohemia-interactive-simulations/,href,C
2581,View Profile,View Profile,a_inner_text,A
2581,brandmuscle,/investment-portfolio/brandmuscle/,href,C
2582,BrandMuscle Logo,BrandMuscle Logo,img_alt_text,B
2583,View Profile,View Profile,a_inner_text,A
2583,brandmuscle,/investment-portfolio/brandmuscle/,href,C
2584,View Profile,View Profile,a_inner_text,A
2584,brookson,/investment-portfolio/brookson/,href,C
2585,Brookson Logo,Brookson Logo,img_alt_text,B
2586,View Profile,View Profile,a_inner_text,A
2586,brookson,/investment-portfolio/brookson/,href,C
2587,View Profile,View Profile,a_inner_text,A
2587,buildout inc,/investment-portfolio/buildout-inc/,href,C
2588,Buildout Logo,Buildout Logo,img_alt_text,B
2589,View Profile,View Profile,a_inner_text,A
2589,buildout inc,/investment-portfolio/buildout-inc/,href,C
2590,View Profile,View Profile,a_inner_text,A
2590,camelot education,/investment-portfolio/camelot-education/,href,C
2591,Camelot Education Logo,Camelot Education Logo,img_alt_text,B
2592,View Profile,View Profile,a_inner_text,A
2592,camelot education,/investment-portfolio/camelot-education/,href,C
2593,View Profile,View Profile,a_inner_text,A
2593,capol,/investment-portfolio/capol/,href,C
2594,Capol Logo,Capol Logo,img_alt_text,B
2595,View Profile,View Profile,a_inner_text,A
2595,capol,/investment-portfolio/capol/,href,C
2596,View Profile,View Profile,a_inner_text,A
2596,caprock communications,/investment-portfolio/caprock-communications/,href,C
2597,CapRock Logo,CapRock Logo,img_alt_text,B
2598,View Profile,View Profile,a_inner_text,A
2598,caprock communications,/investment-portfolio/caprock-communications/,href,C
2599,View Profile,View Profile,a_inner_text,A
2599,caravelo,/investment-portfolio/caravelo/,href,C
2600,Weblogo Caravelo 180X100,Weblogo Caravelo 180X100,img_alt_text,B
2601,View Profile,View Profile,a_inner_text,A
2601,caravelo,/investment-portfolio/caravelo/,href,C
2602,View Profile,View Profile,a_inner_text,A
2602,carborundum electrite,/investment-portfolio/carborundum-electrite/,href,C
2603,Carborundum Logo,Carborundum Logo,img_alt_text,B
2604,View Profile,View Profile,a_inner_text,A
2604,carborundum electrite,/investment-portfolio/carborundum-electrite/,href,C
2605,View Profile,View Profile,a_inner_text,A
2605,casavi,/investment-portfolio/casavi/,href,C
2606,Casaviweblogo,Casaviweblogo,img_alt_text,B
2607,View Profile,View Profile,a_inner_text,A
2607,casavi,/investment-portfolio/casavi/,href,C
2608,View Profile,View Profile,a_inner_text,A
2608,causematch,/investment-portfolio/causematch/,href,C
2609,Causematch Weblogo 180X100,Causematch Weblogo 180X100,img_alt_text,B
2610,View Profile,View Profile,a_inner_text,A
2610,causematch,/investment-portfolio/causematch/,href,C
2611,View Profile,View Profile,a_inner_text,A
2611,censis,/investment-portfolio/censis/,href,C
2612,Censis,Censis,img_alt_text,B
2613,View Profile,View Profile,a_inner_text,A
2613,censis,/investment-portfolio/censis/,href,C
2614,View Profile,View Profile,a_inner_text,A
2614,certasite,/investment-portfolio/certasite/,href,C
2615,Certasite Weblogo2,Certasite Weblogo2,img_alt_text,B
2616,View Profile,View Profile,a_inner_text,A
2616,certasite,/investment-portfolio/certasite/,href,C
2617,View Profile,View Profile,a_inner_text,A
2617,chronicle heritage,/investment-portfolio/chronicle-heritage/,href,C
2618,Weblogo Chronicleheritage 180X100,Weblogo Chronicleheritage 180X100,img_alt_text,B
2619,View Profile,View Profile,a_inner_text,A
2619,chronicle heritage,/investment-portfolio/chronicle-heritage/,href,C
2620,View Profile,View Profile,a_inner_text,A
2620,circlelink health,/investment-portfolio/circlelink-health/,href,C
2621,Circlelinkhealth Weblogo,Circlelinkhealth Weblogo,img_alt_text,B
2622,View Profile,View Profile,a_inner_text,A
2622,circlelink health,/investment-portfolio/circlelink-health/,href,C
2623,View Profile,View Profile,a_inner_text,A
2623,cis secure computing,/investment-portfolio/cis-secure-computing/,href,C
2624,CIS Weblogo 180X100,CIS Weblogo 180X100,img_alt_text,B
2625,View Profile,View Profile,a_inner_text,A
2625,cis secure computing,/investment-portfolio/cis-secure-computing/,href,C
2626,View Profile,View Profile,a_inner_text,A
2626,clarus,/investment-portfolio/clarus/,href,C
2627,Clarus logo,Clarus logo,img_alt_text,B
2628,View Profile,View Profile,a_inner_text,A
2628,clarus,/investment-portfolio/clarus/,href,C
2629,View Profile,View Profile,a_inner_text,A
2629,clayton group services,/investment-portfolio/clayton-group-services/,href,C
2630,Clayton Logo,Clayton Logo,img_alt_text,B
2631,View Profile,View Profile,a_inner_text,A
2631,clayton group services,/investment-portfolio/clayton-group-services/,href,C
2632,View Profile,View Profile,a_inner_text,A
2632,clinical education alliance,/investment-portfolio/clinical-education-alliance/,href,C
2633,CEA Weblogo,CEA Weblogo,img_alt_text,B
2634,View Profile,View Profile,a_inner_text,A
2634,clinical education alliance,/investment-portfolio/clinical-education-alliance/,href,C
2635,View Profile,View Profile,a_inner_text,A
2635,clockworks analytics,/investment-portfolio/clockworks-analytics/,href,C
2636,Clockworksanalytics Weblogo2,Clockworksanalytics Weblogo2,img_alt_text,B
2637,View Profile,View Profile,a_inner_text,A
2637,clockworks analytics,/investment-portfolio/clockworks-analytics/,href,C
2638,View Profile,View Profile,a_inner_text,A
2638,cloud factory,/investment-portfolio/cloud-factory/,href,C
2639,Weblogo Cloudrange 180X100 (1),Weblogo Cloudrange 180X100 (1),img_alt_text,B
2640,View Profile,View Profile,a_inner_text,A
2640,cloud factory,/investment-portfolio/cloud-factory/,href,C
2641,View Profile,View Profile,a_inner_text,A
2641,cloud range,/investment-portfolio/cloud-range/,href,C
2642,Weblogo Cloudrange 180X120,Weblogo Cloudrange 180X120,img_alt_text,B
2643,View Profile,View Profile,a_inner_text,A
2643,cloud range,/investment-portfolio/cloud-range/,href,C
2644,View Profile,View Profile,a_inner_text,A
2644,cloudlex,/investment-portfolio/cloudlex/,href,C
2645,Cloudlex Weblogo 180X100,Cloudlex Weblogo 180X100,img_alt_text,B
2646,View Profile,View Profile,a_inner_text,A
2646,cloudlex,/investment-portfolio/cloudlex/,href,C
2647,View Profile,View Profile,a_inner_text,A
2647,cloudpermit,/investment-portfolio/cloudpermit/,href,C
2648,Weblogo Cloudpermit 180X100,Weblogo Cloudpermit 180X100,img_alt_text,B
2649,View Profile,View Profile,a_inner_text,A
2649,cloudpermit,/investment-portfolio/cloudpermit/,href,C
2650,View Profile,View Profile,a_inner_text,A
2650,cmit solutions,/investment-portfolio/cmit-solutions/,href,C
2651,Cmitsolutions Weblogo 180X100,Cmitsolutions Weblogo 180X100,img_alt_text,B
2652,View Profile,View Profile,a_inner_text,A
2652,cmit solutions,/investment-portfolio/cmit-solutions/,href,C
2653,View Profile,View Profile,a_inner_text,A
2653,coeur,/investment-portfolio/coeur/,href,C
2654,Coeur Logo,Coeur Logo,img_alt_text,B
2655,View Profile,View Profile,a_inner_text,A
2655,coeur,/investment-portfolio/coeur/,href,C
2656,View Profile,View Profile,a_inner_text,A
2656,commonwealth laminating coating,/investment-portfolio/commonwealth-laminating-coating/,href,C
2657,Commonwealth Lam-CLC Logo,Commonwealth Lam-CLC Logo,img_alt_text,B
2658,View Profile,View Profile,a_inner_text,A
2658,commonwealth laminating coating,/investment-portfolio/commonwealth-laminating-coating/,href,C
2659,View Profile,View Profile,a_inner_text,A
2659,compleet,/investment-portfolio/compleet/,href,C
2660,Compleet Weblogo2 180X100,Compleet Weblogo2 180X100,img_alt_text,B
2661,View Profile,View Profile,a_inner_text,A
2661,compleet,/investment-portfolio/compleet/,href,C
2662,View Profile,View Profile,a_inner_text,A
2662,computer press,/investment-portfolio/computer-press/,href,C
2663,Computer Press Logo,Computer Press Logo,img_alt_text,B
2664,View Profile,View Profile,a_inner_text,A
2664,computer press,/investment-portfolio/computer-press/,href,C
2665,View Profile,View Profile,a_inner_text,A
2665,connexient,/investment-portfolio/connexient/,href,C
2666,Connexientweblogo,Connexientweblogo,img_alt_text,B
2667,View Profile,View Profile,a_inner_text,A
2667,connexient,/investment-portfolio/connexient/,href,C
2668,View Profile,View Profile,a_inner_text,A
2668,connor sport court international,/investment-portfolio/connor-sport-court-international/,href,C
2669,Connor Sport Court,Connor Sport Court,img_alt_text,B
2670,View Profile,View Profile,a_inner_text,A
2670,connor sport court international,/investment-portfolio/connor-sport-court-international/,href,C
2671,View Profile,View Profile,a_inner_text,A
2671,consensus,/investment-portfolio/consensus/,href,C
2672,Consensusweblogo,Consensusweblogo,img_alt_text,B
2673,View Profile,View Profile,a_inner_text,A
2673,consensus,/investment-portfolio/consensus/,href,C
2674,View Profile,View Profile,a_inner_text,A
2674,contruent,/investment-portfolio/contruent/,href,C
2675,Weblogo Contruent 180X100,Weblogo Contruent 180X100,img_alt_text,B
2676,View Profile,View Profile,a_inner_text,A
2676,contruent,/investment-portfolio/contruent/,href,C
2677,View Profile,View Profile,a_inner_text,A
2677,convertr,/investment-portfolio/convertr/,href,C
2678,Convertr Weblogo 180X100,Convertr Weblogo 180X100,img_alt_text,B
2679,View Profile,View Profile,a_inner_text,A
2679,convertr,/investment-portfolio/convertr/,href,C
2680,View Profile,View Profile,a_inner_text,A
2680,corporate visions inc,/investment-portfolio/corporate-visions-inc/,href,C
2681,Corporatevisions Weblogo 180X100,Corporatevisions Weblogo 180X100,img_alt_text,B
2682,View Profile,View Profile,a_inner_text,A
2682,corporate visions inc,/investment-portfolio/corporate-visions-inc/,href,C
2683,View Profile,View Profile,a_inner_text,A
2683,creditlogic,/investment-portfolio/creditlogic/,href,C
2684,Weblogo Creditlogic 180X100,Weblogo Creditlogic 180X100,img_alt_text,B
2685,View Profile,View Profile,a_inner_text,A
2685,creditlogic,/investment-portfolio/creditlogic/,href,C
2686,View Profile,View Profile,a_inner_text,A
2686,crio,/investment-portfolio/crio/,href,C
2687,Weblogo CRIO 180X100,Weblogo CRIO 180X100,img_alt_text,B
2688,View Profile,View Profile,a_inner_text,A
2688,crio,/investment-portfolio/crio/,href,C
2689,View Profile,View Profile,a_inner_text,A
2689,crisis prevention institute,/investment-portfolio/crisis-prevention-institute/,href,C
2690,CPI,CPI,img_alt_text,B
2691,View Profile,View Profile,a_inner_text,A
2691,crisis prevention institute,/investment-portfolio/crisis-prevention-institute/,href,C
2692,View Profile,View Profile,a_inner_text,A
2692,cryptomathic,/investment-portfolio/cryptomathic/,href,C
2693,Cryptomathic Weblogo 180X100,Cryptomathic Weblogo 180X100,img_alt_text,B
2694,View Profile,View Profile,a_inner_text,A
2694,cryptomathic,/investment-portfolio/cryptomathic/,href,C
2695,View Profile,View Profile,a_inner_text,A
2695,customergauge,/investment-portfolio/customergauge/,href,C
2696,Cutomerguage Weblogocolor,Cutomerguage Weblogocolor,img_alt_text,B
2697,View Profile,View Profile,a_inner_text,A
2697,customergauge,/investment-portfolio/customergauge/,href,C
2698,View Profile,View Profile,a_inner_text,A
2698,cyber guru,/investment-portfolio/cyber-guru/,href,C
2699,Weblogo Cyberguru 180X100,Weblogo Cyberguru 180X100,img_alt_text,B
2700,View Profile,View Profile,a_inner_text,A
2700,cyber guru,/investment-portfolio/cyber-guru/,href,C
2701,View Profile,View Profile,a_inner_text,A
2701,cybersaint security,/investment-portfolio/cybersaint-security/,href,C
2702,Weblogo Cybersaint 180X100,Weblogo Cybersaint 180X100,img_alt_text,B
2703,View Profile,View Profile,a_inner_text,A
2703,cybersaint security,/investment-portfolio/cybersaint-security/,href,C
2704,View Profile,View Profile,a_inner_text,A
2704,dastex,/investment-portfolio/dastex/,href,C
2705,Weblogo Dastex2a 180X100,Weblogo Dastex2a 180X100,img_alt_text,B
2706,View Profile,View Profile,a_inner_text,A
2706,dastex,/investment-portfolio/dastex/,href,C
2707,View Profile,View Profile,a_inner_text,A
2707,dawgs,/investment-portfolio/dawgs/,href,C
2708,Weblogo DAWGS 180X100,Weblogo DAWGS 180X100,img_alt_text,B
2709,View Profile,View Profile,a_inner_text,A
2709,dawgs,/investment-portfolio/dawgs/,href,C
2710,View Profile,View Profile,a_inner_text,A
2710,dcm asia,/investment-portfolio/dcm-asia/,href,C
2711,DCM Asia Logo,DCM Asia Logo,img_alt_text,B
2712,View Profile,View Profile,a_inner_text,A
2712,dcm asia,/investment-portfolio/dcm-asia/,href,C
2713,View Profile,View Profile,a_inner_text,A
2713,deck commerce,/investment-portfolio/deck-commerce/,href,C
2714,Deckcommerce Weblogocolor,Deckcommerce Weblogocolor,img_alt_text,B
2715,View Profile,View Profile,a_inner_text,A
2715,deck commerce,/investment-portfolio/deck-commerce/,href,C
2716,View Profile,View Profile,a_inner_text,A
2716,decusoft,/investment-portfolio/decusoft/,href,C
2717,Weblogo Decusoftt 180X100,Weblogo Decusoftt 180X100,img_alt_text,B
2718,View Profile,View Profile,a_inner_text,A
2718,decusoft,/investment-portfolio/decusoft/,href,C
2719,View Profile,View Profile,a_inner_text,A
2719,delaget,/investment-portfolio/delaget/,href,C
2720,Weblogo Delaget 180X100,Weblogo Delaget 180X100,img_alt_text,B
2721,View Profile,View Profile,a_inner_text,A
2721,delaget,/investment-portfolio/delaget/,href,C
2722,View Profile,View Profile,a_inner_text,A
2722,delta petroleum company,/investment-portfolio/delta-petroleum-company/,href,C
2723,Delta Logo,Delta Logo,img_alt_text,B
2724,View Profile,View Profile,a_inner_text,A
2724,delta petroleum company,/investment-portfolio/delta-petroleum-company/,href,C
2725,View Profile,View Profile,a_inner_text,A
2725,dentalplans,/investment-portfolio/dentalplans/,href,C
2726,DentalPlans.com,DentalPlans.com,img_alt_text,B
2727,View Profile,View Profile,a_inner_text,A
2727,dentalplans,/investment-portfolio/dentalplans/,href,C
2728,View Profile,View Profile,a_inner_text,A
2728,dhd healthcare,/investment-portfolio/dhd-healthcare/,href,C
2729,DHD Logo,DHD Logo,img_alt_text,B
2730,View Profile,View Profile,a_inner_text,A
2730,dhd healthcare,/investment-portfolio/dhd-healthcare/,href,C
2731,View Profile,View Profile,a_inner_text,A
2731,diatron group,/investment-portfolio/diatron-group/,href,C
2732,Diatron Group Logo,Diatron Group Logo,img_alt_text,B
2733,View Profile,View Profile,a_inner_text,A
2733,diatron group,/investment-portfolio/diatron-group/,href,C
2734,View Profile,View Profile,a_inner_text,A
2734,digital technology international,/investment-portfolio/digital-technology-international/,href,C
2735,DTI Logo,DTI Logo,img_alt_text,B
2736,View Profile,View Profile,a_inner_text,A
2736,digital technology international,/investment-portfolio/digital-technology-international/,href,C
2737,View Profile,View Profile,a_inner_text,A
2737,dingo,/investment-portfolio/dingo/,href,C
2738,Weblogo DINGO 180X100,Weblogo DINGO 180X100,img_alt_text,B
2739,View Profile,View Profile,a_inner_text,A
2739,dingo,/investment-portfolio/dingo/,href,C
2740,View Profile,View Profile,a_inner_text,A
2740,disa global solutions,/investment-portfolio/disa-global-solutions/,href,C
2741,DISA Logo,DISA Logo,img_alt_text,B
2742,View Profile,View Profile,a_inner_text,A
2742,disa global solutions,/investment-portfolio/disa-global-solutions/,href,C
2743,View Profile,View Profile,a_inner_text,A
2743,doctor com,/investment-portfolio/doctor-com/,href,C
2744,Doctorcomweblogo,Doctorcomweblogo,img_alt_text,B
2745,View Profile,View Profile,a_inner_text,A
2745,doctor com,/investment-portfolio/doctor-com/,href,C
2746,View Profile,View Profile,a_inner_text,A
2746,dpa microphones,/investment-portfolio/dpa-microphones/,href,C
2747,DPA Microphones,DPA Microphones,img_alt_text,B
2748,View Profile,View Profile,a_inner_text,A
2748,dpa microphones,/investment-portfolio/dpa-microphones/,href,C
2749,View Profile,View Profile,a_inner_text,A
2749,dubois i,/investment-portfolio/dubois-i/,href,C
2750,DuBois Logo,DuBois Logo,img_alt_text,B
2751,View Profile,View Profile,a_inner_text,A
2751,dubois i,/investment-portfolio/dubois-i/,href,C
2752,View Profile,View Profile,a_inner_text,A
2752,dubois ii,/investment-portfolio/dubois-ii/,href,C
2753,DuBois Logo,DuBois Logo,img_alt_text,B
2754,View Profile,View Profile,a_inner_text,A
2754,dubois ii,/investment-portfolio/dubois-ii/,href,C
2755,View Profile,View Profile,a_inner_text,A
2755,dynojet research,/investment-portfolio/dynojet-research/,href,C
2756,Dynojet Logo,Dynojet Logo,img_alt_text,B
2757,View Profile,View Profile,a_inner_text,A
2757,dynojet research,/investment-portfolio/dynojet-research/,href,C
2758,View Profile,View Profile,a_inner_text,A
2758,e a scheer,/investment-portfolio/e-a-scheer/,href,C
2759,E&A Scheer Logo,E&A Scheer Logo,img_alt_text,B
2760,View Profile,View Profile,a_inner_text,A
2760,e a scheer,/investment-portfolio/e-a-scheer/,href,C
2761,View Profile,View Profile,a_inner_text,A
2761,eemax,/investment-portfolio/eemax/,href,C
2762,Eemax,Eemax,img_alt_text,B
2763,View Profile,View Profile,a_inner_text,A
2763,eemax,/investment-portfolio/eemax/,href,C
2764,View Profile,View Profile,a_inner_text,A
2764,elite sportswear,/investment-portfolio/elite-sportswear/,href,C
2765,Elite Sportswear,Elite Sportswear,img_alt_text,B
2766,View Profile,View Profile,a_inner_text,A
2766,elite sportswear,/investment-portfolio/elite-sportswear/,href,C
2767,View Profile,View Profile,a_inner_text,A
2767,em test,/investment-portfolio/em-test/,href,C
2768,EM Test Logo,EM Test Logo,img_alt_text,B
2769,View Profile,View Profile,a_inner_text,A
2769,em test,/investment-portfolio/em-test/,href,C
2770,View Profile,View Profile,a_inner_text,A
2770,emergency communications network,/investment-portfolio/emergency-communications-network/,href,C
2771,ECN Logo,ECN Logo,img_alt_text,B
2772,View Profile,View Profile,a_inner_text,A
2772,emergency communications network,/investment-portfolio/emergency-communications-network/,href,C
2773,View Profile,View Profile,a_inner_text,A
2773,energy exemplar,/investment-portfolio/energy-exemplar/,href,C
2774,Weblogo Energyexemplar 180X100,Weblogo Energyexemplar 180X100,img_alt_text,B
2775,View Profile,View Profile,a_inner_text,A
2775,energy exemplar,/investment-portfolio/energy-exemplar/,href,C
2776,View Profile,View Profile,a_inner_text,A
2776,enhatch,/investment-portfolio/enhatch/,href,C
2777,Enhatchweblogo,Enhatchweblogo,img_alt_text,B
2778,View Profile,View Profile,a_inner_text,A
2778,enhatch,/investment-portfolio/enhatch/,href,C
2779,View Profile,View Profile,a_inner_text,A
2779,entrix,/investment-portfolio/entrix/,href,C
2780,ENTRIX Logo,ENTRIX Logo,img_alt_text,B
2781,View Profile,View Profile,a_inner_text,A
2781,entrix,/investment-portfolio/entrix/,href,C
2782,View Profile,View Profile,a_inner_text,A
2782,epco,/investment-portfolio/epco/,href,C
2783,EPCO Logo,EPCO Logo,img_alt_text,B
2784,View Profile,View Profile,a_inner_text,A
2784,epco,/investment-portfolio/epco/,href,C
2785,View Profile,View Profile,a_inner_text,A
2785,epilot,/investment-portfolio/epilot/,href,C
2786,Epilot Weblogo 180X100,Epilot Weblogo 180X100,img_alt_text,B
2787,View Profile,View Profile,a_inner_text,A
2787,epilot,/investment-portfolio/epilot/,href,C
2788,View Profile,View Profile,a_inner_text,A
2788,essential compositions,/investment-portfolio/essential-compositions/,href,C
2789,Weblogo Essentialcompositions2 180X100,Weblogo Essentialcompositions2 180X100,img_alt_text,B
2790,View Profile,View Profile,a_inner_text,A
2790,essential compositions,/investment-portfolio/essential-compositions/,href,C
2791,View Profile,View Profile,a_inner_text,A
2791,euromed,/investment-portfolio/euromed/,href,C
2792,Euromed Logo,Euromed Logo,img_alt_text,B
2793,View Profile,View Profile,a_inner_text,A
2793,euromed,/investment-portfolio/euromed/,href,C
2794,View Profile,View Profile,a_inner_text,A
2794,eventsair,/investment-portfolio/eventsair/,href,C
2795,Eventsair Weblogo 180X100,Eventsair Weblogo 180X100,img_alt_text,B
2796,View Profile,View Profile,a_inner_text,A
2796,eventsair,/investment-portfolio/eventsair/,href,C
2797,View Profile,View Profile,a_inner_text,A
2797,eversmith brands,/investment-portfolio/eversmith-brands/,href,C
2798,Eversmithbrands Weblogo 180X100,Eversmithbrands Weblogo 180X100,img_alt_text,B
2799,View Profile,View Profile,a_inner_text,A
2799,eversmith brands,/investment-portfolio/eversmith-brands/,href,C
2800,View Profile,View Profile,a_inner_text,A
2800,everway i,/investment-portfolio/everway-i/,href,C
2801,Weblogo Everway 180X100,Weblogo Everway 180X100,img_alt_text,B
2802,View Profile,View Profile,a_inner_text,A
2802,everway i,/investment-portfolio/everway-i/,href,C
2803,View Profile,View Profile,a_inner_text,A
2803,everway ii,/investment-portfolio/everway-ii/,href,C
2804,Weblogo Everway 180X100,Weblogo Everway 180X100,img_alt_text,B
2805,View Profile,View Profile,a_inner_text,A
2805,everway ii,/investment-portfolio/everway-ii/,href,C
2806,View Profile,View Profile,a_inner_text,A
2806,evive brands,/investment-portfolio/evive-brands/,href,C
2807,Evive Weblogo 180X100,Evive Weblogo 180X100,img_alt_text,B
2808,View Profile,View Profile,a_inner_text,A
2808,evive brands,/investment-portfolio/evive-brands/,href,C
2809,View Profile,View Profile,a_inner_text,A
2809,execvision,/investment-portfolio/execvision/,href,C
2810,Execvisionweblogo,Execvisionweblogo,img_alt_text,B
2811,View Profile,View Profile,a_inner_text,A
2811,execvision,/investment-portfolio/execvision/,href,C
2812,View Profile,View Profile,a_inner_text,A
2812,experient,/investment-portfolio/experient/,href,C
2813,Experient Logo,Experient Logo,img_alt_text,B
2814,View Profile,View Profile,a_inner_text,A
2814,experient,/investment-portfolio/experient/,href,C
2815,View Profile,View Profile,a_inner_text,A
2815,expion health,/investment-portfolio/expion-health/,href,C
2816,Weblogo Expionhealth 180X100,Weblogo Expionhealth 180X100,img_alt_text,B
2817,View Profile,View Profile,a_inner_text,A
2817,expion health,/investment-portfolio/expion-health/,href,C
2818,View Profile,View Profile,a_inner_text,A
2818,express,/investment-portfolio/express/,href,C
2819,Express Logo,Express Logo,img_alt_text,B
2820,View Profile,View Profile,a_inner_text,A
2820,express,/investment-portfolio/express/,href,C
2821,View Profile,View Profile,a_inner_text,A
2821,fadata,/investment-portfolio/fadata/,href,C
2822,Fadata,Fadata,img_alt_text,B
2823,View Profile,View Profile,a_inner_text,A
2823,fadata,/investment-portfolio/fadata/,href,C
2824,View Profile,View Profile,a_inner_text,A
2824,fairpay solutions,/investment-portfolio/fairpay-solutions/,href,C
2825,FairPay,FairPay,img_alt_text,B
2826,View Profile,View Profile,a_inner_text,A
2826,fairpay solutions,/investment-portfolio/fairpay-solutions/,href,C
2827,View Profile,View Profile,a_inner_text,A
2827,fielo,/investment-portfolio/fielo/,href,C
2828,Fielo Weblogo 180X100,Fielo Weblogo 180X100,img_alt_text,B
2829,View Profile,View Profile,a_inner_text,A
2829,fielo,/investment-portfolio/fielo/,href,C
2830,View Profile,View Profile,a_inner_text,A
2830,fisher unitech,/investment-portfolio/fisher-unitech/,href,C
2831,Fisher Unitech Logo,Fisher Unitech Logo,img_alt_text,B
2832,View Profile,View Profile,a_inner_text,A
2832,fisher unitech,/investment-portfolio/fisher-unitech/,href,C
2833,View Profile,View Profile,a_inner_text,A
2833,fla orthopedics,/investment-portfolio/fla-orthopedics/,href,C
2834,FLA Logo,FLA Logo,img_alt_text,B
2835,View Profile,View Profile,a_inner_text,A
2835,fla orthopedics,/investment-portfolio/fla-orthopedics/,href,C
2836,View Profile,View Profile,a_inner_text,A
2836,flavorsum,/investment-portfolio/flavorsum/,href,C
2837,Flavorsum Weblogo 180X100,Flavorsum Weblogo 180X100,img_alt_text,B
2838,View Profile,View Profile,a_inner_text,A
2838,flavorsum,/investment-portfolio/flavorsum/,href,C
2839,View Profile,View Profile,a_inner_text,A
2839,foodstate,/investment-portfolio/foodstate/,href,C
2840,FoodState Company Logo,FoodState Company Logo,img_alt_text,B
2841,View Profile,View Profile,a_inner_text,A
2841,foodstate,/investment-portfolio/foodstate/,href,C
2842,View Profile,View Profile,a_inner_text,A
2842,freeeway,/investment-portfolio/freeeway/,href,C
2843,Freeway Weblogo 180X100,Freeway Weblogo 180X100,img_alt_text,B
2844,View Profile,View Profile,a_inner_text,A
2844,freeeway,/investment-portfolio/freeeway/,href,C
2845,View Profile,View Profile,a_inner_text,A
2845,freightwise,/investment-portfolio/freightwise/,href,C
2846,Freightwise Weblogocolor,Freightwise Weblogocolor,img_alt_text,B
2847,View Profile,View Profile,a_inner_text,A
2847,freightwise,/investment-portfolio/freightwise/,href,C
2848,View Profile,View Profile,a_inner_text,A
2848,further,/investment-portfolio/further/,href,C
2849,FURTHER Weblogo 180X100,FURTHER Weblogo 180X100,img_alt_text,B
2850,View Profile,View Profile,a_inner_text,A
2850,further,/investment-portfolio/further/,href,C
2851,View Profile,View Profile,a_inner_text,A
2851,future metals,/investment-portfolio/future-metals/,href,C
2852,Future Metals Logo,Future Metals Logo,img_alt_text,B
2853,View Profile,View Profile,a_inner_text,A
2853,future metals,/investment-portfolio/future-metals/,href,C
2854,View Profile,View Profile,a_inner_text,A
2854,g a partners,/investment-portfolio/g-a-partners/,href,C
2855,Gapartners Weblogo,Gapartners Weblogo,img_alt_text,B
2856,View Profile,View Profile,a_inner_text,A
2856,g a partners,/investment-portfolio/g-a-partners/,href,C
2857,View Profile,View Profile,a_inner_text,A
2857,g h orthodontics,/investment-portfolio/g-h-orthodontics/,href,C
2858,G&H Orthodontics Logo,G&H Orthodontics Logo,img_alt_text,B
2859,View Profile,View Profile,a_inner_text,A
2859,g h orthodontics,/investment-portfolio/g-h-orthodontics/,href,C
2860,View Profile,View Profile,a_inner_text,A
2860,galvanina,/investment-portfolio/galvanina/,href,C
2861,Galvanina Logo,Galvanina Logo,img_alt_text,B
2862,View Profile,View Profile,a_inner_text,A
2862,galvanina,/investment-portfolio/galvanina/,href,C
2863,View Profile,View Profile,a_inner_text,A
2863,gastromatic,/investment-portfolio/gastromatic/,href,C
2864,Gastromatic Weblogo 180X100,Gastromatic Weblogo 180X100,img_alt_text,B
2865,View Profile,View Profile,a_inner_text,A
2865,gastromatic,/investment-portfolio/gastromatic/,href,C
2866,View Profile,View Profile,a_inner_text,A
2866,gfos,/investment-portfolio/gfos/,href,C
2867,Weblogo GFOS 180X100,Weblogo GFOS 180X100,img_alt_text,B
2868,View Profile,View Profile,a_inner_text,A
2868,gfos,/investment-portfolio/gfos/,href,C
2869,View Profile,View Profile,a_inner_text,A
2869,global claims services,/investment-portfolio/global-claims-services/,href,C
2870,Global Claims Services,Global Claims Services,img_alt_text,B
2871,View Profile,View Profile,a_inner_text,A
2871,global claims services,/investment-portfolio/global-claims-services/,href,C
2872,View Profile,View Profile,a_inner_text,A
2872,global orthopaedic technologies,/investment-portfolio/global-orthopaedic-technologies/,href,C
2873,Global Orthopaedic Technology,Global Orthopaedic Technology,img_alt_text,B
2874,View Profile,View Profile,a_inner_text,A
2874,global orthopaedic technologies,/investment-portfolio/global-orthopaedic-technologies/,href,C
2875,View Profile,View Profile,a_inner_text,A
2875,goby,/investment-portfolio/goby/,href,C
2876,Goby Weblogocolor,Goby Weblogocolor,img_alt_text,B
2877,View Profile,View Profile,a_inner_text,A
2877,goby,/investment-portfolio/goby/,href,C
2878,View Profile,View Profile,a_inner_text,A
2878,goreact,/investment-portfolio/goreact/,href,C
2879,Goreactweblogo,Goreactweblogo,img_alt_text,B
2880,View Profile,View Profile,a_inner_text,A
2880,goreact,/investment-portfolio/goreact/,href,C
2881,View Profile,View Profile,a_inner_text,A
2881,grace hill,/investment-portfolio/grace-hill/,href,C
2882,Gracehill Logo,Gracehill Logo,img_alt_text,B
2883,View Profile,View Profile,a_inner_text,A
2883,grace hill,/investment-portfolio/grace-hill/,href,C
2884,View Profile,View Profile,a_inner_text,A
2884,gravitee,/investment-portfolio/gravitee/,href,C
2885,Weblogo Gravitee 180X100,Weblogo Gravitee 180X100,img_alt_text,B
2886,View Profile,View Profile,a_inner_text,A
2886,gravitee,/investment-portfolio/gravitee/,href,C
2887,View Profile,View Profile,a_inner_text,A
2887,greenline foods,/investment-portfolio/greenline-foods/,href,C
2888,GreenLine Logo,GreenLine Logo,img_alt_text,B
2889,View Profile,View Profile,a_inner_text,A
2889,greenline foods,/investment-portfolio/greenline-foods/,href,C
2890,View Profile,View Profile,a_inner_text,A
2890,greenphire,/investment-portfolio/greenphire/,href,C
2891,Greenphire Logo,Greenphire Logo,img_alt_text,B
2892,View Profile,View Profile,a_inner_text,A
2892,greenphire,/investment-portfolio/greenphire/,href,C
2893,View Profile,View Profile,a_inner_text,A
2893,gti diagnostics,/investment-portfolio/gti-diagnostics/,href,C
2894,GTI Logo,GTI Logo,img_alt_text,B
2895,View Profile,View Profile,a_inner_text,A
2895,gti diagnostics,/investment-portfolio/gti-diagnostics/,href,C
2896,View Profile,View Profile,a_inner_text,A
2896,guestline,/investment-portfolio/guestline/,href,C
2897,Guestline Logo,Guestline Logo,img_alt_text,B
2898,View Profile,View Profile,a_inner_text,A
2898,guestline,/investment-portfolio/guestline/,href,C
2899,View Profile,View Profile,a_inner_text,A
2899,hammerblow towing systems,/investment-portfolio/hammerblow-towing-systems/,href,C
2900,Hammerblow Logo,Hammerblow Logo,img_alt_text,B
2901,View Profile,View Profile,a_inner_text,A
2901,hammerblow towing systems,/investment-portfolio/hammerblow-towing-systems/,href,C
2902,View Profile,View Profile,a_inner_text,A
2902,hapana,/investment-portfolio/hapana/,href,C
2903,Weblogo Hapana 180X100,Weblogo Hapana 180X100,img_alt_text,B
2904,View Profile,View Profile,a_inner_text,A
2904,hapana,/investment-portfolio/hapana/,href,C
2905,View Profile,View Profile,a_inner_text,A
2905,hardware resources,/investment-portfolio/hardware-resources/,href,C
2906,HardwareResources Logo,HardwareResources Logo,img_alt_text,B
2907,View Profile,View Profile,a_inner_text,A
2907,hardware resources,/investment-portfolio/hardware-resources/,href,C
2908,View Profile,View Profile,a_inner_text,A
2908,harvey performance company,/investment-portfolio/harvey-performance-company/,href,C
2909,Harvey Performance Company Logo,Harvey Performance Company Logo,img_alt_text,B
2910,View Profile,View Profile,a_inner_text,A
2910,harvey performance company,/investment-portfolio/harvey-performance-company/,href,C
2911,View Profile,View Profile,a_inner_text,A
2911,hcpro,/investment-portfolio/hcpro/,href,C
2912,HCPro Logo,HCPro Logo,img_alt_text,B
2913,View Profile,View Profile,a_inner_text,A
2913,hcpro,/investment-portfolio/hcpro/,href,C
2914,View Profile,View Profile,a_inner_text,A
2914,h d advanced manufacturing,/investment-portfolio/h-d-advanced-manufacturing/,href,C
2915,HD Advanced Logo,HD Advanced Logo,img_alt_text,B
2916,View Profile,View Profile,a_inner_text,A
2916,h d advanced manufacturing,/investment-portfolio/h-d-advanced-manufacturing/,href,C
2917,View Profile,View Profile,a_inner_text,A
2917,head to toe brands,/investment-portfolio/head-to-toe-brands/,href,C
2918,Weblogo Headtotoebrands 180X100,Weblogo Headtotoebrands 180X100,img_alt_text,B
2919,View Profile,View Profile,a_inner_text,A
2919,head to toe brands,/investment-portfolio/head-to-toe-brands/,href,C
2920,View Profile,View Profile,a_inner_text,A
2920,health safety institute i,/investment-portfolio/health-safety-institute-i/,href,C
2921,HSI Logo,HSI Logo,img_alt_text,B
2922,View Profile,View Profile,a_inner_text,A
2922,health safety institute i,/investment-portfolio/health-safety-institute-i/,href,C
2923,View Profile,View Profile,a_inner_text,A
2923,health safety institute ii,/investment-portfolio/health-safety-institute-ii/,href,C
2924,HSI Logo,HSI Logo,img_alt_text,B
2925,View Profile,View Profile,a_inner_text,A
2925,health safety institute ii,/investment-portfolio/health-safety-institute-ii/,href,C
2926,View Profile,View Profile,a_inner_text,A
2926,healthcarefirst,/investment-portfolio/healthcarefirst/,href,C
2927,healthcarefirst,healthcarefirst,img_alt_text,B
2928,View Profile,View Profile,a_inner_text,A
2928,healthcarefirst,/investment-portfolio/healthcarefirst/,href,C
2929,View Profile,View Profile,a_inner_text,A
2929,healthtech,/investment-portfolio/healthtech/,href,C
2930,Healthtech3 Logo,Healthtech3 Logo,img_alt_text,B
2931,View Profile,View Profile,a_inner_text,A
2931,healthtech,/investment-portfolio/healthtech/,href,C
2932,View Profile,View Profile,a_inner_text,A
2932,herbthyme,/investment-portfolio/herbthyme/,href,C
2933,Herb Thyme Logo,Herb Thyme Logo,img_alt_text,B
2934,View Profile,View Profile,a_inner_text,A
2934,herbthyme,/investment-portfolio/herbthyme/,href,C
2935,View Profile,View Profile,a_inner_text,A
2935,heydata,/investment-portfolio/heydata/,href,C
2936,Weblogo Heydata 180X100,Weblogo Heydata 180X100,img_alt_text,B
2937,View Profile,View Profile,a_inner_text,A
2937,heydata,/investment-portfolio/heydata/,href,C
2938,View Profile,View Profile,a_inner_text,A
2938,hiway group,/investment-portfolio/hiway-group/,href,C
2939,Hiway Group Logo,Hiway Group Logo,img_alt_text,B
2940,View Profile,View Profile,a_inner_text,A
2940,hiway group,/investment-portfolio/hiway-group/,href,C
2941,View Profile,View Profile,a_inner_text,A
2941,hmi,/investment-portfolio/hmi/,href,C
2942,HMI Weblogo3,HMI Weblogo3,img_alt_text,B
2943,View Profile,View Profile,a_inner_text,A
2943,hmi,/investment-portfolio/hmi/,href,C
2944,View Profile,View Profile,a_inner_text,A
2944,hr soft,/investment-portfolio/hr-soft/,href,C
2945,Hrsoft Weblogo 180X100,Hrsoft Weblogo 180X100,img_alt_text,B
2946,View Profile,View Profile,a_inner_text,A
2946,hr soft,/investment-portfolio/hr-soft/,href,C
2947,View Profile,View Profile,a_inner_text,A
2947,hra pharma,/investment-portfolio/hra-pharma/,href,C
2948,HRA Pharma,HRA Pharma,img_alt_text,B
2949,View Profile,View Profile,a_inner_text,A
2949,hra pharma,/investment-portfolio/hra-pharma/,href,C
2950,View Profile,View Profile,a_inner_text,A
2950,hudson sharp,/investment-portfolio/hudson-sharp/,href,C
2951,Hudson Sharp Logo,Hudson Sharp Logo,img_alt_text,B
2952,View Profile,View Profile,a_inner_text,A
2952,hudson sharp,/investment-portfolio/hudson-sharp/,href,C
2953,View Profile,View Profile,a_inner_text,A
2953,hydrocorp,/investment-portfolio/hydrocorp/,href,C
2954,Hydrocorp Weblogo 180X100,Hydrocorp Weblogo 180X100,img_alt_text,B
2955,View Profile,View Profile,a_inner_text,A
2955,hydrocorp,/investment-portfolio/hydrocorp/,href,C
2956,View Profile,View Profile,a_inner_text,A
2956,iautomation,/investment-portfolio/iautomation/,href,C
2957,iAutomation Logo,iAutomation Logo,img_alt_text,B
2958,View Profile,View Profile,a_inner_text,A
2958,iautomation,/investment-portfolio/iautomation/,href,C
2959,View Profile,View Profile,a_inner_text,A
2959,icev,/investment-portfolio/icev/,href,C
2960,Icev Weblogo 180X100,Icev Weblogo 180X100,img_alt_text,B
2961,View Profile,View Profile,a_inner_text,A
2961,icev,/investment-portfolio/icev/,href,C
2962,View Profile,View Profile,a_inner_text,A
2962,ideoclick,/investment-portfolio/ideoclick/,href,C
2963,Ideoclickweblogo,Ideoclickweblogo,img_alt_text,B
2964,View Profile,View Profile,a_inner_text,A
2964,ideoclick,/investment-portfolio/ideoclick/,href,C
2965,View Profile,View Profile,a_inner_text,A
2965,ideon,/investment-portfolio/ideon/,href,C
2966,Weblogo IDEON 180X100,Weblogo IDEON 180X100,img_alt_text,B
2967,View Profile,View Profile,a_inner_text,A
2967,ideon,/investment-portfolio/ideon/,href,C
2968,View Profile,View Profile,a_inner_text,A
2968,idoc,/investment-portfolio/idoc/,href,C
2969,IDOC Logo,IDOC Logo,img_alt_text,B
2970,View Profile,View Profile,a_inner_text,A
2970,idoc,/investment-portfolio/idoc/,href,C
2971,View Profile,View Profile,a_inner_text,A
2971,ifs group,/investment-portfolio/ifs-group/,href,C
2972,IFS Group,IFS Group,img_alt_text,B
2973,View Profile,View Profile,a_inner_text,A
2973,ifs group,/investment-portfolio/ifs-group/,href,C
2974,View Profile,View Profile,a_inner_text,A
2974,il pastaio di brescia,/investment-portfolio/il-pastaio-di-brescia/,href,C
2975,Weblogo Ilpastaio 180X100,Weblogo Ilpastaio 180X100,img_alt_text,B
2976,View Profile,View Profile,a_inner_text,A
2976,il pastaio di brescia,/investment-portfolio/il-pastaio-di-brescia/,href,C
2977,View Profile,View Profile,a_inner_text,A
2977,impact xm,/investment-portfolio/impact-xm/,href,C
2978,Weblogo Impactxm 180X100,Weblogo Impactxm 180X100,img_alt_text,B
2979,View Profile,View Profile,a_inner_text,A
2979,impact xm,/investment-portfolio/impact-xm/,href,C
2980,View Profile,View Profile,a_inner_text,A
2980,independent living specialists,/investment-portfolio/independent-living-specialists/,href,C
2981,ILS Weblogo,ILS Weblogo,img_alt_text,B
2982,View Profile,View Profile,a_inner_text,A
2982,independent living specialists,/investment-portfolio/independent-living-specialists/,href,C
2983,View Profile,View Profile,a_inner_text,A
2983,inscape publishing,/investment-portfolio/inscape-publishing/,href,C
2984,Inscape Logo,Inscape Logo,img_alt_text,B
2985,View Profile,View Profile,a_inner_text,A
2985,inscape publishing,/investment-portfolio/inscape-publishing/,href,C
2986,View Profile,View Profile,a_inner_text,A
2986,insurance claims management,/investment-portfolio/insurance-claims-management/,href,C
2987,Innovating Claims Management Logo,Innovating Claims Management Logo,img_alt_text,B
2988,View Profile,View Profile,a_inner_text,A
2988,insurance claims management,/investment-portfolio/insurance-claims-management/,href,C
2989,View Profile,View Profile,a_inner_text,A
2989,integrated power services,/investment-portfolio/integrated-power-services/,href,C
2990,IPS Logo,IPS Logo,img_alt_text,B
2991,View Profile,View Profile,a_inner_text,A
2991,integrated power services,/investment-portfolio/integrated-power-services/,href,C
2992,View Profile,View Profile,a_inner_text,A
2992,intrepid networks,/investment-portfolio/intrepid-networks/,href,C
2993,Weblogo Intrepidnetworks 180X100,Weblogo Intrepidnetworks 180X100,img_alt_text,B
2994,View Profile,View Profile,a_inner_text,A
2994,intrepid networks,/investment-portfolio/intrepid-networks/,href,C
2995,View Profile,View Profile,a_inner_text,A
2995,invita,/investment-portfolio/invita/,href,C
2996,Invita Weblogo,Invita Weblogo,img_alt_text,B
2997,View Profile,View Profile,a_inner_text,A
2997,invita,/investment-portfolio/invita/,href,C
2998,View Profile,View Profile,a_inner_text,A
2998,ironedge,/investment-portfolio/ironedge/,href,C
2999,Weblogo Ironedge 180X100,Weblogo Ironedge 180X100,img_alt_text,B
3000,View Profile,View Profile,a_inner_text,A
3000,ironedge,/investment-portfolio/ironedge/,href,C
3001,View Profile,View Profile,a_inner_text,A
3001,it s just lunch,/investment-portfolio/it-s-just-lunch/,href,C
3002,It's Just Lunch Logo,It's Just Lunch Logo,img_alt_text,B
3003,View Profile,View Profile,a_inner_text,A
3003,it s just lunch,/investment-portfolio/it-s-just-lunch/,href,C
3004,View Profile,View Profile,a_inner_text,A
3004,junior sports corporation,/investment-portfolio/junior-sports-corporation/,href,C
3005,Junior Sports Corporation,Junior Sports Corporation,img_alt_text,B
3006,View Profile,View Profile,a_inner_text,A
3006,junior sports corporation,/investment-portfolio/junior-sports-corporation/,href,C
3007,View Profile,View Profile,a_inner_text,A
3007,justrite manufacturing company,/investment-portfolio/justrite-manufacturing-company/,href,C
3008,Justrite Logo,Justrite Logo,img_alt_text,B
3009,View Profile,View Profile,a_inner_text,A
3009,justrite manufacturing company,/investment-portfolio/justrite-manufacturing-company/,href,C
3010,View Profile,View Profile,a_inner_text,A
3010,kasasa,/investment-portfolio/kasasa/,href,C
3011,Kasasa Logo,Kasasa Logo,img_alt_text,B
3012,View Profile,View Profile,a_inner_text,A
3012,kasasa,/investment-portfolio/kasasa/,href,C
3013,View Profile,View Profile,a_inner_text,A
3013,kaseware,/investment-portfolio/kaseware/,href,C
3014,Weblogo Kaseware 180X100,Weblogo Kaseware 180X100,img_alt_text,B
3015,View Profile,View Profile,a_inner_text,A
3015,kaseware,/investment-portfolio/kaseware/,href,C
3016,View Profile,View Profile,a_inner_text,A
3016,keepsake quilting,/investment-portfolio/keepsake-quilting/,href,C
3017,Keepsake Logo,Keepsake Logo,img_alt_text,B
3018,View Profile,View Profile,a_inner_text,A
3018,keepsake quilting,/investment-portfolio/keepsake-quilting/,href,C
3019,View Profile,View Profile,a_inner_text,A
3019,keona health,/investment-portfolio/keona-health/,href,C
3020,Keonahealth Weblogocolor,Keonahealth Weblogocolor,img_alt_text,B
3021,View Profile,View Profile,a_inner_text,A
3021,keona health,/investment-portfolio/keona-health/,href,C
3022,View Profile,View Profile,a_inner_text,A
3022,keycast,/investment-portfolio/keycast/,href,C
3023,Keycast Logo,Keycast Logo,img_alt_text,B
3024,View Profile,View Profile,a_inner_text,A
3024,keycast,/investment-portfolio/keycast/,href,C
3025,View Profile,View Profile,a_inner_text,A
3025,keymile,/investment-portfolio/keymile/,href,C
3026,Keymile,Keymile,img_alt_text,B
3027,View Profile,View Profile,a_inner_text,A
3027,keymile,/investment-portfolio/keymile/,href,C
3028,View Profile,View Profile,a_inner_text,A
3028,kfm,/investment-portfolio/kfm/,href,C
3029,KFM Logo,KFM Logo,img_alt_text,B
3030,View Profile,View Profile,a_inner_text,A
3030,kfm,/investment-portfolio/kfm/,href,C
3031,View Profile,View Profile,a_inner_text,A
3031,lacuna solutions,/investment-portfolio/lacuna-solutions/,href,C
3032,Lacunasolutions Weblogo 180X100,Lacunasolutions Weblogo 180X100,img_alt_text,B
3033,View Profile,View Profile,a_inner_text,A
3033,lacuna solutions,/investment-portfolio/lacuna-solutions/,href,C
3034,View Profile,View Profile,a_inner_text,A
3034,lakeview health,/investment-portfolio/lakeview-health/,href,C
3035,Lakeview Health Logo,Lakeview Health Logo,img_alt_text,B
3036,View Profile,View Profile,a_inner_text,A
3036,lakeview health,/investment-portfolio/lakeview-health/,href,C
3037,View Profile,View Profile,a_inner_text,A
3037,l com,/investment-portfolio/l-com/,href,C
3038,L-com Logo,L-com Logo,img_alt_text,B
3039,View Profile,View Profile,a_inner_text,A
3039,l com,/investment-portfolio/l-com/,href,C
3040,View Profile,View Profile,a_inner_text,A
3040,learning seat,/investment-portfolio/learning-seat/,href,C
3041,Learning Seat Logo,Learning Seat Logo,img_alt_text,B
3042,View Profile,View Profile,a_inner_text,A
3042,learning seat,/investment-portfolio/learning-seat/,href,C
3043,View Profile,View Profile,a_inner_text,A
3043,leftshift,/investment-portfolio/leftshift/,href,C
3044,Leftshiftweblogo,Leftshiftweblogo,img_alt_text,B
3045,View Profile,View Profile,a_inner_text,A
3045,leftshift,/investment-portfolio/leftshift/,href,C
3046,View Profile,View Profile,a_inner_text,A
3046,lexipol i,/investment-portfolio/lexipol-i/,href,C
3047,Lexipol Weblogo2,Lexipol Weblogo2,img_alt_text,B
3048,View Profile,View Profile,a_inner_text,A
3048,lexipol i,/investment-portfolio/lexipol-i/,href,C
3049,View Profile,View Profile,a_inner_text,A
3049,lexipol ii,/investment-portfolio/lexipol-ii/,href,C
3050,Lexipol Weblogo2,Lexipol Weblogo2,img_alt_text,B
3051,View Profile,View Profile,a_inner_text,A
3051,lexipol ii,/investment-portfolio/lexipol-ii/,href,C
3052,View Profile,View Profile,a_inner_text,A
3052,lillebaby,/investment-portfolio/lillebaby/,href,C
3053,Lillebaby Logo,Lillebaby Logo,img_alt_text,B
3054,View Profile,View Profile,a_inner_text,A
3054,lillebaby,/investment-portfolio/lillebaby/,href,C
3055,View Profile,View Profile,a_inner_text,A
3055,lmg holdings inc,/investment-portfolio/lmg-holdings-inc/,href,C
3056,Lmgholdingsweblogo2,Lmgholdingsweblogo2,img_alt_text,B
3057,View Profile,View Profile,a_inner_text,A
3057,lmg holdings inc,/investment-portfolio/lmg-holdings-inc/,href,C
3058,View Profile,View Profile,a_inner_text,A
3058,loadstop,/investment-portfolio/loadstop/,href,C
3059,Weblogo Loadstop 180X100,Weblogo Loadstop 180X100,img_alt_text,B
3060,View Profile,View Profile,a_inner_text,A
3060,loadstop,/investment-portfolio/loadstop/,href,C
3061,View Profile,View Profile,a_inner_text,A
3061,localtel,/investment-portfolio/localtel/,href,C
3062,LocalTel Logo,LocalTel Logo,img_alt_text,B
3063,View Profile,View Profile,a_inner_text,A
3063,localtel,/investment-portfolio/localtel/,href,C
3064,View Profile,View Profile,a_inner_text,A
3064,logically,/investment-portfolio/logically/,href,C
3065,Logically logo,Logically logo,img_alt_text,B
3066,View Profile,View Profile,a_inner_text,A
3066,logically,/investment-portfolio/logically/,href,C
3067,View Profile,View Profile,a_inner_text,A
3067,london s farm dairy,/investment-portfolio/london-s-farm-dairy/,href,C
3068,London's Dairy Farm Logo,London's Dairy Farm Logo,img_alt_text,B
3069,View Profile,View Profile,a_inner_text,A
3069,london s farm dairy,/investment-portfolio/london-s-farm-dairy/,href,C
3070,View Profile,View Profile,a_inner_text,A
3070,loop tie,/investment-portfolio/loop-tie/,href,C
3071,Looptie Weblogocolor,Looptie Weblogocolor,img_alt_text,B
3072,View Profile,View Profile,a_inner_text,A
3072,loop tie,/investment-portfolio/loop-tie/,href,C
3073,View Profile,View Profile,a_inner_text,A
3073,lumen dynamics group,/investment-portfolio/lumen-dynamics-group/,href,C
3074,Lumen Dynamics Group Logo,Lumen Dynamics Group Logo,img_alt_text,B
3075,View Profile,View Profile,a_inner_text,A
3075,lumen dynamics group,/investment-portfolio/lumen-dynamics-group/,href,C
3076,View Profile,View Profile,a_inner_text,A
3076,marena group,/investment-portfolio/marena-group/,href,C
3077,Marena Logo,Marena Logo,img_alt_text,B
3078,View Profile,View Profile,a_inner_text,A
3078,marena group,/investment-portfolio/marena-group/,href,C
3079,View Profile,View Profile,a_inner_text,A
3079,marketmuse,/investment-portfolio/marketmuse/,href,C
3080,Marketmuseweblogo,Marketmuseweblogo,img_alt_text,B
3081,View Profile,View Profile,a_inner_text,A
3081,marketmuse,/investment-portfolio/marketmuse/,href,C
3082,View Profile,View Profile,a_inner_text,A
3082,maverick,/investment-portfolio/maverick/,href,C
3083,Maverick Logo,Maverick Logo,img_alt_text,B
3084,View Profile,View Profile,a_inner_text,A
3084,maverick,/investment-portfolio/maverick/,href,C
3085,View Profile,View Profile,a_inner_text,A
3085,mec3,/investment-portfolio/mec3/,href,C
3086,MEC3 Logo,MEC3 Logo,img_alt_text,B
3087,View Profile,View Profile,a_inner_text,A
3087,mec3,/investment-portfolio/mec3/,href,C
3088,View Profile,View Profile,a_inner_text,A
3088,media source,/investment-portfolio/media-source/,href,C
3089,Media Source Company Logo,Media Source Company Logo,img_alt_text,B
3090,View Profile,View Profile,a_inner_text,A
3090,media source,/investment-portfolio/media-source/,href,C
3091,View Profile,View Profile,a_inner_text,A
3091,mediafly,/investment-portfolio/mediafly/,href,C
3092,Weblogo Mediafly 180X100,Weblogo Mediafly 180X100,img_alt_text,B
3093,View Profile,View Profile,a_inner_text,A
3093,mediafly,/investment-portfolio/mediafly/,href,C
3094,View Profile,View Profile,a_inner_text,A
3094,megachemie,/investment-portfolio/megachemie/,href,C
3095,Megachemie Logo,Megachemie Logo,img_alt_text,B
3096,View Profile,View Profile,a_inner_text,A
3096,megachemie,/investment-portfolio/megachemie/,href,C
3097,View Profile,View Profile,a_inner_text,A
3097,merit industries,/investment-portfolio/merit-industries/,href,C
3098,Merit Logo,Merit Logo,img_alt_text,B
3099,View Profile,View Profile,a_inner_text,A
3099,merit industries,/investment-portfolio/merit-industries/,href,C
3100,View Profile,View Profile,a_inner_text,A
3100,mifam,/investment-portfolio/mifam/,href,C
3101,Mifam Logo,Mifam Logo,img_alt_text,B
3102,View Profile,View Profile,a_inner_text,A
3102,mifam,/investment-portfolio/mifam/,href,C
3103,View Profile,View Profile,a_inner_text,A
3103,mintra,/investment-portfolio/mintra/,href,C
3104,Mintra Weblogo2,Mintra Weblogo2,img_alt_text,B
3105,View Profile,View Profile,a_inner_text,A
3105,mintra,/investment-portfolio/mintra/,href,C
3106,View Profile,View Profile,a_inner_text,A
3106,mk chimney systems,/investment-portfolio/mk-chimney-systems/,href,C
3107,MK Logo,MK Logo,img_alt_text,B
3108,View Profile,View Profile,a_inner_text,A
3108,mk chimney systems,/investment-portfolio/mk-chimney-systems/,href,C
3109,View Profile,View Profile,a_inner_text,A
3109,mlcoa,/investment-portfolio/mlcoa/,href,C
3110,MLCOA,MLCOA,img_alt_text,B
3111,View Profile,View Profile,a_inner_text,A
3111,mlcoa,/investment-portfolio/mlcoa/,href,C
3112,View Profile,View Profile,a_inner_text,A
3112,mmg fusion,/investment-portfolio/mmg-fusion/,href,C
3113,Mmgfusion Weblogo180x100,Mmgfusion Weblogo180x100,img_alt_text,B
3114,View Profile,View Profile,a_inner_text,A
3114,mmg fusion,/investment-portfolio/mmg-fusion/,href,C
3115,View Profile,View Profile,a_inner_text,A
3115,mnx,/investment-portfolio/mnx/,href,C
3116,MNX Logo,MNX Logo,img_alt_text,B
3117,View Profile,View Profile,a_inner_text,A
3117,mnx,/investment-portfolio/mnx/,href,C
3118,View Profile,View Profile,a_inner_text,A
3118,modern campus,/investment-portfolio/modern-campus/,href,C
3119,Moderncampus Weblogo 180X100,Moderncampus Weblogo 180X100,img_alt_text,B
3120,View Profile,View Profile,a_inner_text,A
3120,modern campus,/investment-portfolio/modern-campus/,href,C
3121,View Profile,View Profile,a_inner_text,A
3121,modern hire,/investment-portfolio/modern-hire/,href,C
3122,Modernhire Weblogo,Modernhire Weblogo,img_alt_text,B
3123,View Profile,View Profile,a_inner_text,A
3123,modern hire,/investment-portfolio/modern-hire/,href,C
3124,View Profile,View Profile,a_inner_text,A
3124,momentum group i,/investment-portfolio/momentum-group-i/,href,C
3125,Momentum Group Logo,Momentum Group Logo,img_alt_text,B
3126,View Profile,View Profile,a_inner_text,A
3126,momentum group i,/investment-portfolio/momentum-group-i/,href,C
3127,View Profile,View Profile,a_inner_text,A
3127,momentum group ii,/investment-portfolio/momentum-group-ii/,href,C
3128,Weblogo Momentum101625 180X100,Weblogo Momentum101625 180X100,img_alt_text,B
3129,View Profile,View Profile,a_inner_text,A
3129,momentum group ii,/investment-portfolio/momentum-group-ii/,href,C
3130,View Profile,View Profile,a_inner_text,A
3130,monessen,/investment-portfolio/monessen/,href,C
3131,Monessen Logo,Monessen Logo,img_alt_text,B
3132,View Profile,View Profile,a_inner_text,A
3132,monessen,/investment-portfolio/monessen/,href,C
3133,View Profile,View Profile,a_inner_text,A
3133,montel,/investment-portfolio/montel/,href,C
3134,Montel Weblogo 180X100,Montel Weblogo 180X100,img_alt_text,B
3135,View Profile,View Profile,a_inner_text,A
3135,montel,/investment-portfolio/montel/,href,C
3136,View Profile,View Profile,a_inner_text,A
3136,moss,/investment-portfolio/moss/,href,C
3137,Moss Logo,Moss Logo,img_alt_text,B
3138,View Profile,View Profile,a_inner_text,A
3138,moss,/investment-portfolio/moss/,href,C
3139,View Profile,View Profile,a_inner_text,A
3139,mw industries,/investment-portfolio/mw-industries/,href,C
3140,Matthew*Warren Industries Logo,Matthew*Warren Industries Logo,img_alt_text,B
3141,View Profile,View Profile,a_inner_text,A
3141,mw industries,/investment-portfolio/mw-industries/,href,C
3142,View Profile,View Profile,a_inner_text,A
3142,myskillcamp,/investment-portfolio/myskillcamp/,href,C
3143,Myskillscamp Weblogo 180X100,Myskillscamp Weblogo 180X100,img_alt_text,B
3144,View Profile,View Profile,a_inner_text,A
3144,myskillcamp,/investment-portfolio/myskillcamp/,href,C
3145,View Profile,View Profile,a_inner_text,A
3145,naka,/investment-portfolio/naka/,href,C
3146,NAKA,NAKA,img_alt_text,B
3147,View Profile,View Profile,a_inner_text,A
3147,naka,/investment-portfolio/naka/,href,C
3148,View Profile,View Profile,a_inner_text,A
3148,navex global,/investment-portfolio/navex-global/,href,C
3149,NAVEX Global,NAVEX Global,img_alt_text,B
3150,View Profile,View Profile,a_inner_text,A
3150,navex global,/investment-portfolio/navex-global/,href,C
3151,View Profile,View Profile,a_inner_text,A
3151,navigate360,/investment-portfolio/navigate360/,href,C
3152,Navigate360 Weblogo,Navigate360 Weblogo,img_alt_text,B
3153,View Profile,View Profile,a_inner_text,A
3153,navigate360,/investment-portfolio/navigate360/,href,C
3154,View Profile,View Profile,a_inner_text,A
3154,neighborly,/investment-portfolio/neighborly/,href,C
3155,neighborly logo,neighborly logo,img_alt_text,B
3156,View Profile,View Profile,a_inner_text,A
3156,neighborly,/investment-portfolio/neighborly/,href,C
3157,View Profile,View Profile,a_inner_text,A
3157,netwatch group,/investment-portfolio/netwatch-group/,href,C
3158,Logo Netwatch 180X100,Logo Netwatch 180X100,img_alt_text,B
3159,View Profile,View Profile,a_inner_text,A
3159,netwatch group,/investment-portfolio/netwatch-group/,href,C
3160,View Profile,View Profile,a_inner_text,A
3160,nordco,/investment-portfolio/nordco/,href,C
3161,Nordco Logo,Nordco Logo,img_alt_text,B
3162,View Profile,View Profile,a_inner_text,A
3162,nordco,/investment-portfolio/nordco/,href,C
3163,View Profile,View Profile,a_inner_text,A
3163,north american dental group,/investment-portfolio/north-american-dental-group/,href,C
3164,North American Dental Group Logo,North American Dental Group Logo,img_alt_text,B
3165,View Profile,View Profile,a_inner_text,A
3165,north american dental group,/investment-portfolio/north-american-dental-group/,href,C
3166,View Profile,View Profile,a_inner_text,A
3166,novamed,/investment-portfolio/novamed/,href,C
3167,Novamed Logo,Novamed Logo,img_alt_text,B
3168,View Profile,View Profile,a_inner_text,A
3168,novamed,/investment-portfolio/novamed/,href,C
3169,View Profile,View Profile,a_inner_text,A
3169,npc,/investment-portfolio/npc/,href,C
3170,NPC Logo,NPC Logo,img_alt_text,B
3171,View Profile,View Profile,a_inner_text,A
3171,npc,/investment-portfolio/npc/,href,C
3172,View Profile,View Profile,a_inner_text,A
3172,nustef baking,/investment-portfolio/nustef-baking/,href,C
3173,Nustef Weblogo 180X100,Nustef Weblogo 180X100,img_alt_text,B
3174,View Profile,View Profile,a_inner_text,A
3174,nustef baking,/investment-portfolio/nustef-baking/,href,C
3175,View Profile,View Profile,a_inner_text,A
3175,oaky,/investment-portfolio/oaky/,href,C
3176,Oaky Weblogo 180X100,Oaky Weblogo 180X100,img_alt_text,B
3177,View Profile,View Profile,a_inner_text,A
3177,oaky,/investment-portfolio/oaky/,href,C
3178,View Profile,View Profile,a_inner_text,A
3178,olympic boat centers,/investment-portfolio/olympic-boat-centers/,href,C
3179,Olympic Logo,Olympic Logo,img_alt_text,B
3180,View Profile,View Profile,a_inner_text,A
3180,olympic boat centers,/investment-portfolio/olympic-boat-centers/,href,C
3181,View Profile,View Profile,a_inner_text,A
3181,omnigo software,/investment-portfolio/omnigo-software/,href,C
3182,Omnigo logo,Omnigo logo,img_alt_text,B
3183,View Profile,View Profile,a_inner_text,A
3183,omnigo software,/investment-portfolio/omnigo-software/,href,C
3184,View Profile,View Profile,a_inner_text,A
3184,on location,/investment-portfolio/on-location/,href,C
3185,Weblogo Onlocation 180X100,Weblogo Onlocation 180X100,img_alt_text,B
3186,View Profile,View Profile,a_inner_text,A
3186,on location,/investment-portfolio/on-location/,href,C
3187,View Profile,View Profile,a_inner_text,A
3187,oncourse learning,/investment-portfolio/oncourse-learning/,href,C
3188,OnCourse Learning,OnCourse Learning,img_alt_text,B
3189,View Profile,View Profile,a_inner_text,A
3189,oncourse learning,/investment-portfolio/oncourse-learning/,href,C
3190,View Profile,View Profile,a_inner_text,A
3190,oni communications,/investment-portfolio/oni-communications/,href,C
3191,Oni Logo,Oni Logo,img_alt_text,B
3192,View Profile,View Profile,a_inner_text,A
3192,oni communications,/investment-portfolio/oni-communications/,href,C
3193,View Profile,View Profile,a_inner_text,A
3193,onscent,/investment-portfolio/onscent/,href,C
3194,Onscent Weblogo2 180X100,Onscent Weblogo2 180X100,img_alt_text,B
3195,View Profile,View Profile,a_inner_text,A
3195,onscent,/investment-portfolio/onscent/,href,C
3196,View Profile,View Profile,a_inner_text,A
3196,oomnitza,/investment-portfolio/oomnitza/,href,C
3197,Oomnitzaweblogo,Oomnitzaweblogo,img_alt_text,B
3198,View Profile,View Profile,a_inner_text,A
3198,oomnitza,/investment-portfolio/oomnitza/,href,C
3199,View Profile,View Profile,a_inner_text,A
3199,orliman,/investment-portfolio/orliman/,href,C
3200,Orliman Logo,Orliman Logo,img_alt_text,B
3201,View Profile,View Profile,a_inner_text,A
3201,orliman,/investment-portfolio/orliman/,href,C
3202,View Profile,View Profile,a_inner_text,A
3202,orthod,/investment-portfolio/orthod/,href,C
3203,Portfolio Company - Ortho D,Portfolio Company - Ortho D,img_alt_text,B
3204,View Profile,View Profile,a_inner_text,A
3204,orthod,/investment-portfolio/orthod/,href,C
3205,View Profile,View Profile,a_inner_text,A
3205,outsolve,/investment-portfolio/outsolve/,href,C
3206,Outsolve Weblogo 180X100,Outsolve Weblogo 180X100,img_alt_text,B
3207,View Profile,View Profile,a_inner_text,A
3207,outsolve,/investment-portfolio/outsolve/,href,C
3208,View Profile,View Profile,a_inner_text,A
3208,outward hound,/investment-portfolio/outward-hound/,href,C
3209,Outward Hound Logo,Outward Hound Logo,img_alt_text,B
3210,View Profile,View Profile,a_inner_text,A
3210,outward hound,/investment-portfolio/outward-hound/,href,C
3211,View Profile,View Profile,a_inner_text,A
3211,ownlocal,/investment-portfolio/ownlocal/,href,C
3212,Ownlocalweblogo,Ownlocalweblogo,img_alt_text,B
3213,View Profile,View Profile,a_inner_text,A
3213,ownlocal,/investment-portfolio/ownlocal/,href,C
3214,View Profile,View Profile,a_inner_text,A
3214,paradigm tax group,/investment-portfolio/paradigm-tax-group/,href,C
3215,Paradigm Logo,Paradigm Logo,img_alt_text,B
3216,View Profile,View Profile,a_inner_text,A
3216,paradigm tax group,/investment-portfolio/paradigm-tax-group/,href,C
3217,View Profile,View Profile,a_inner_text,A
3217,pareto,/investment-portfolio/pareto/,href,C
3218,Pareto Logo,Pareto Logo,img_alt_text,B
3219,View Profile,View Profile,a_inner_text,A
3219,pareto,/investment-portfolio/pareto/,href,C
3220,View Profile,View Profile,a_inner_text,A
3220,parker food group,/investment-portfolio/parker-food-group/,href,C
3221,Parkerfoodgroup Weblogo 180X100,Parkerfoodgroup Weblogo 180X100,img_alt_text,B
3222,View Profile,View Profile,a_inner_text,A
3222,parker food group,/investment-portfolio/parker-food-group/,href,C
3223,View Profile,View Profile,a_inner_text,A
3223,partium,/investment-portfolio/partium/,href,C
3224,Weblogo Partium 180X100,Weblogo Partium 180X100,img_alt_text,B
3225,View Profile,View Profile,a_inner_text,A
3225,partium,/investment-portfolio/partium/,href,C
3226,View Profile,View Profile,a_inner_text,A
3226,patronmanager,/investment-portfolio/patronmanager/,href,C
3227,Patronmanagerweblogo,Patronmanagerweblogo,img_alt_text,B
3228,View Profile,View Profile,a_inner_text,A
3228,patronmanager,/investment-portfolio/patronmanager/,href,C
3229,View Profile,View Profile,a_inner_text,A
3229,peak,/investment-portfolio/peak/,href,C
3230,Peak Weblogo 180X100,Peak Weblogo 180X100,img_alt_text,B
3231,View Profile,View Profile,a_inner_text,A
3231,peak,/investment-portfolio/peak/,href,C
3232,View Profile,View Profile,a_inner_text,A
3232,peerspot,/investment-portfolio/peerspot/,href,C
3233,Peerspot Weblogo 180X100,Peerspot Weblogo 180X100,img_alt_text,B
3234,View Profile,View Profile,a_inner_text,A
3234,peerspot,/investment-portfolio/peerspot/,href,C
3235,View Profile,View Profile,a_inner_text,A
3235,peoplegrove,/investment-portfolio/peoplegrove/,href,C
3236,Weblogo Peoplegrovev3 180X100,Weblogo Peoplegrovev3 180X100,img_alt_text,B
3237,View Profile,View Profile,a_inner_text,A
3237,peoplegrove,/investment-portfolio/peoplegrove/,href,C
3238,View Profile,View Profile,a_inner_text,A
3238,performance systems integration,/investment-portfolio/performance-systems-integration/,href,C
3239,PSI Weblogo,PSI Weblogo,img_alt_text,B
3240,View Profile,View Profile,a_inner_text,A
3240,performance systems integration,/investment-portfolio/performance-systems-integration/,href,C
3241,View Profile,View Profile,a_inner_text,A
3241,pfb corporation,/investment-portfolio/pfb-corporation/,href,C
3242,Pfbcorp Weblogo 180X100,Pfbcorp Weblogo 180X100,img_alt_text,B
3243,View Profile,View Profile,a_inner_text,A
3243,pfb corporation,/investment-portfolio/pfb-corporation/,href,C
3244,View Profile,View Profile,a_inner_text,A
3244,polar windows,/investment-portfolio/polar-windows/,href,C
3245,Polar Windows Logo,Polar Windows Logo,img_alt_text,B
3246,View Profile,View Profile,a_inner_text,A
3246,polar windows,/investment-portfolio/polar-windows/,href,C
3247,View Profile,View Profile,a_inner_text,A
3247,ppc insulators,/investment-portfolio/ppc-insulators/,href,C
3248,PPC Logo,PPC Logo,img_alt_text,B
3249,View Profile,View Profile,a_inner_text,A
3249,ppc insulators,/investment-portfolio/ppc-insulators/,href,C
3250,View Profile,View Profile,a_inner_text,A
3250,precision wire components,/investment-portfolio/precision-wire-components/,href,C
3251,Precision Wire Components Logo,Precision Wire Components Logo,img_alt_text,B
3252,View Profile,View Profile,a_inner_text,A
3252,precision wire components,/investment-portfolio/precision-wire-components/,href,C
3253,View Profile,View Profile,a_inner_text,A
3253,primalex,/investment-portfolio/primalex/,href,C
3254,Primalex Logo,Primalex Logo,img_alt_text,B
3255,View Profile,View Profile,a_inner_text,A
3255,primalex,/investment-portfolio/primalex/,href,C
3256,View Profile,View Profile,a_inner_text,A
3256,production control services,/investment-portfolio/production-control-services/,href,C
3257,PCS Logo,PCS Logo,img_alt_text,B
3258,View Profile,View Profile,a_inner_text,A
3258,production control services,/investment-portfolio/production-control-services/,href,C
3259,View Profile,View Profile,a_inner_text,A
3259,profitsystems,/investment-portfolio/profitsystems/,href,C
3260,Profit Systems Logo,Profit Systems Logo,img_alt_text,B
3261,View Profile,View Profile,a_inner_text,A
3261,profitsystems,/investment-portfolio/profitsystems/,href,C
3262,View Profile,View Profile,a_inner_text,A
3262,propensity,/investment-portfolio/propensity/,href,C
3263,Weblogo Propensity 180X100,Weblogo Propensity 180X100,img_alt_text,B
3264,View Profile,View Profile,a_inner_text,A
3264,propensity,/investment-portfolio/propensity/,href,C
3265,View Profile,View Profile,a_inner_text,A
3265,prosites,/investment-portfolio/prosites/,href,C
3266,ProSites Logo,ProSites Logo,img_alt_text,B
3267,View Profile,View Profile,a_inner_text,A
3267,prosites,/investment-portfolio/prosites/,href,C
3268,View Profile,View Profile,a_inner_text,A
3268,pro vigil,/investment-portfolio/pro-vigil/,href,C
3269,Pro-vigil Logo,Pro-vigil Logo,img_alt_text,B
3270,View Profile,View Profile,a_inner_text,A
3270,pro vigil,/investment-portfolio/pro-vigil/,href,C
3271,View Profile,View Profile,a_inner_text,A
3271,purple,/investment-portfolio/purple/,href,C
3272,Purple Weblogo 180X100,Purple Weblogo 180X100,img_alt_text,B
3273,View Profile,View Profile,a_inner_text,A
3273,purple,/investment-portfolio/purple/,href,C
3274,View Profile,View Profile,a_inner_text,A
3274,pypestream,/investment-portfolio/pypestream/,href,C
3275,Weblogo Pypestream 180X100,Weblogo Pypestream 180X100,img_alt_text,B
3276,View Profile,View Profile,a_inner_text,A
3276,pypestream,/investment-portfolio/pypestream/,href,C
3277,View Profile,View Profile,a_inner_text,A
3277,qualserv,/investment-portfolio/qualserv/,href,C
3278,QualServ Logo,QualServ Logo,img_alt_text,B
3279,View Profile,View Profile,a_inner_text,A
3279,qualserv,/investment-portfolio/qualserv/,href,C
3280,View Profile,View Profile,a_inner_text,A
3280,quivers,/investment-portfolio/quivers/,href,C
3281,Quivers Weblogo 180X100,Quivers Weblogo 180X100,img_alt_text,B
3282,View Profile,View Profile,a_inner_text,A
3282,quivers,/investment-portfolio/quivers/,href,C
3283,View Profile,View Profile,a_inner_text,A
3283,rameder,/investment-portfolio/rameder/,href,C
3284,Rameder-Logo,Rameder-Logo,img_alt_text,B
3285,View Profile,View Profile,a_inner_text,A
3285,rameder,/investment-portfolio/rameder/,href,C
3286,View Profile,View Profile,a_inner_text,A
3286,readyset surgical,/investment-portfolio/readyset-surgical/,href,C
3287,Weblogo Readysetsurgical 180X100,Weblogo Readysetsurgical 180X100,img_alt_text,B
3288,View Profile,View Profile,a_inner_text,A
3288,readyset surgical,/investment-portfolio/readyset-surgical/,href,C
3289,View Profile,View Profile,a_inner_text,A
3289,recovery point,/investment-portfolio/recovery-point/,href,C
3290,Recoverypoint Weblogo,Recoverypoint Weblogo,img_alt_text,B
3291,View Profile,View Profile,a_inner_text,A
3291,recovery point,/investment-portfolio/recovery-point/,href,C
3292,View Profile,View Profile,a_inner_text,A
3292,red nucleus,/investment-portfolio/red-nucleus/,href,C
3293,Rednucleus2 Weblogo 180X100,Rednucleus2 Weblogo 180X100,img_alt_text,B
3294,View Profile,View Profile,a_inner_text,A
3294,red nucleus,/investment-portfolio/red-nucleus/,href,C
3295,View Profile,View Profile,a_inner_text,A
3295,redteam,/investment-portfolio/redteam/,href,C
3296,Redteamweblogo,Redteamweblogo,img_alt_text,B
3297,View Profile,View Profile,a_inner_text,A
3297,redteam,/investment-portfolio/redteam/,href,C
3298,View Profile,View Profile,a_inner_text,A
3298,reima,/investment-portfolio/reima/,href,C
3299,REIMA Device 180X100,REIMA Device 180X100,img_alt_text,B
3300,View Profile,View Profile,a_inner_text,A
3300,reima,/investment-portfolio/reima/,href,C
3301,View Profile,View Profile,a_inner_text,A
3301,relay fire and safety,/investment-portfolio/relay-fire-and-safety/,href,C
3302,Relay Weblogo 180X100,Relay Weblogo 180X100,img_alt_text,B
3303,View Profile,View Profile,a_inner_text,A
3303,relay fire and safety,/investment-portfolio/relay-fire-and-safety/,href,C
3304,View Profile,View Profile,a_inner_text,A
3304,repa,/investment-portfolio/repa/,href,C
3305,REPA Weblogo,REPA Weblogo,img_alt_text,B
3306,View Profile,View Profile,a_inner_text,A
3306,repa,/investment-portfolio/repa/,href,C
3307,View Profile,View Profile,a_inner_text,A
3307,results weight loss,/investment-portfolio/results-weight-loss/,href,C
3308,Results Weight Loss Logo,Results Weight Loss Logo,img_alt_text,B
3309,View Profile,View Profile,a_inner_text,A
3309,results weight loss,/investment-portfolio/results-weight-loss/,href,C
3310,View Profile,View Profile,a_inner_text,A
3310,retail zoo,/investment-portfolio/retail-zoo/,href,C
3311,Boost,Boost,img_alt_text,B
3312,View Profile,View Profile,a_inner_text,A
3312,retail zoo,/investment-portfolio/retail-zoo/,href,C
3313,View Profile,View Profile,a_inner_text,A
3313,revegy,/investment-portfolio/revegy/,href,C
3314,Revegyweblogo,Revegyweblogo,img_alt_text,B
3315,View Profile,View Profile,a_inner_text,A
3315,revegy,/investment-portfolio/revegy/,href,C
3316,View Profile,View Profile,a_inner_text,A
3316,revtrax,/investment-portfolio/revtrax/,href,C
3317,Revtraxweblogo,Revtraxweblogo,img_alt_text,B
3318,View Profile,View Profile,a_inner_text,A
3318,revtrax,/investment-portfolio/revtrax/,href,C
3319,View Profile,View Profile,a_inner_text,A
3319,richter chemie technik,/investment-portfolio/richter-chemie-technik/,href,C
3320,Richter Logo,Richter Logo,img_alt_text,B
3321,View Profile,View Profile,a_inner_text,A
3321,richter chemie technik,/investment-portfolio/richter-chemie-technik/,href,C
3322,View Profile,View Profile,a_inner_text,A
3322,rutland group,/investment-portfolio/rutland-group/,href,C
3323,Rutland Group logo,Rutland Group logo,img_alt_text,B
3324,View Profile,View Profile,a_inner_text,A
3324,rutland group,/investment-portfolio/rutland-group/,href,C
3325,View Profile,View Profile,a_inner_text,A
3325,safebuilt,/investment-portfolio/safebuilt/,href,C
3326,SAFEbuilt,SAFEbuilt,img_alt_text,B
3327,View Profile,View Profile,a_inner_text,A
3327,safebuilt,/investment-portfolio/safebuilt/,href,C
3328,View Profile,View Profile,a_inner_text,A
3328,salgglas,/investment-portfolio/salgglas/,href,C
3329,Salgglas Logo,Salgglas Logo,img_alt_text,B
3330,View Profile,View Profile,a_inner_text,A
3330,salgglas,/investment-portfolio/salgglas/,href,C
3331,View Profile,View Profile,a_inner_text,A
3331,screenvision media,/investment-portfolio/screenvision-media/,href,C
3332,Screen Vision Logo,Screen Vision Logo,img_alt_text,B
3333,View Profile,View Profile,a_inner_text,A
3333,screenvision media,/investment-portfolio/screenvision-media/,href,C
3334,View Profile,View Profile,a_inner_text,A
3334,seatex,/investment-portfolio/seatex/,href,C
3335,Weblogo Seatex 180X100,Weblogo Seatex 180X100,img_alt_text,B
3336,View Profile,View Profile,a_inner_text,A
3336,seatex,/investment-portfolio/seatex/,href,C
3337,View Profile,View Profile,a_inner_text,A
3337,selig sealing products,/investment-portfolio/selig-sealing-products/,href,C
3338,Selig Logo,Selig Logo,img_alt_text,B
3339,View Profile,View Profile,a_inner_text,A
3339,selig sealing products,/investment-portfolio/selig-sealing-products/,href,C
3340,View Profile,View Profile,a_inner_text,A
3340,sencore,/investment-portfolio/sencore/,href,C
3341,Sencore,Sencore,img_alt_text,B
3342,View Profile,View Profile,a_inner_text,A
3342,sencore,/investment-portfolio/sencore/,href,C
3343,View Profile,View Profile,a_inner_text,A
3343,sentinel,/investment-portfolio/sentinel/,href,C
3344,Sentinel Logo,Sentinel Logo,img_alt_text,B
3345,View Profile,View Profile,a_inner_text,A
3345,sentinel,/investment-portfolio/sentinel/,href,C
3346,View Profile,View Profile,a_inner_text,A
3346,sevdesk,/investment-portfolio/sevdesk/,href,C
3347,Weblogo Sevdesk 180X100,Weblogo Sevdesk 180X100,img_alt_text,B
3348,View Profile,View Profile,a_inner_text,A
3348,sevdesk,/investment-portfolio/sevdesk/,href,C
3349,View Profile,View Profile,a_inner_text,A
3349,shinsouki,/investment-portfolio/shinsouki/,href,C
3350,Shinsouki Logo,Shinsouki Logo,img_alt_text,B
3351,View Profile,View Profile,a_inner_text,A
3351,shinsouki,/investment-portfolio/shinsouki/,href,C
3352,View Profile,View Profile,a_inner_text,A
3352,showd me,/investment-portfolio/showd-me/,href,C
3353,RAC Showdme Weblogo 180X100,RAC Showdme Weblogo 180X100,img_alt_text,B
3354,View Profile,View Profile,a_inner_text,A
3354,showd me,/investment-portfolio/showd-me/,href,C
3355,View Profile,View Profile,a_inner_text,A
3355,siffron,/investment-portfolio/siffron/,href,C
3356,Siffron Weblogo 180X100,Siffron Weblogo 180X100,img_alt_text,B
3357,View Profile,View Profile,a_inner_text,A
3357,siffron,/investment-portfolio/siffron/,href,C
3358,View Profile,View Profile,a_inner_text,A
3358,sigg,/investment-portfolio/sigg/,href,C
3359,SIGG Logo,SIGG Logo,img_alt_text,B
3360,View Profile,View Profile,a_inner_text,A
3360,sigg,/investment-portfolio/sigg/,href,C
3361,View Profile,View Profile,a_inner_text,A
3361,simcro,/investment-portfolio/simcro/,href,C
3362,Weblogo Simcro2 180X100,Weblogo Simcro2 180X100,img_alt_text,B
3363,View Profile,View Profile,a_inner_text,A
3363,simcro,/investment-portfolio/simcro/,href,C
3364,View Profile,View Profile,a_inner_text,A
3364,smartways 1,/investment-portfolio/smartways-1/,href,C
3365,Weblogo Smartways 180X100,Weblogo Smartways 180X100,img_alt_text,B
3366,View Profile,View Profile,a_inner_text,A
3366,smartways 1,/investment-portfolio/smartways-1/,href,C
3367,View Profile,View Profile,a_inner_text,A
3367,soluta inc and boon chapman benefit administrators inc,/investment-portfolio/soluta-inc-and-boon-chapman-benefit-administrators-inc/,href,C
3368,Weblogo Solutaboonchapman 180X100,Weblogo Solutaboonchapman 180X100,img_alt_text,B
3369,View Profile,View Profile,a_inner_text,A
3369,soluta inc and boon chapman benefit administrators inc,/investment-portfolio/soluta-inc-and-boon-chapman-benefit-administrators-inc/,href,C
3370,View Profile,View Profile,a_inner_text,A
3370,soothe,/investment-portfolio/soothe/,href,C
3371,Soothe Weblogo2,Soothe Weblogo2,img_alt_text,B
3372,View Profile,View Profile,a_inner_text,A
3372,soothe,/investment-portfolio/soothe/,href,C
3373,View Profile,View Profile,a_inner_text,A
3373,south florida newspaper network,/investment-portfolio/south-florida-newspaper-network/,href,C
3374,SFNN Logo,SFNN Logo,img_alt_text,B
3375,View Profile,View Profile,a_inner_text,A
3375,south florida newspaper network,/investment-portfolio/south-florida-newspaper-network/,href,C
3376,View Profile,View Profile,a_inner_text,A
3376,specialized medical services,/investment-portfolio/specialized-medical-services/,href,C
3377,SMS Company Logo,SMS Company Logo,img_alt_text,B
3378,View Profile,View Profile,a_inner_text,A
3378,specialized medical services,/investment-portfolio/specialized-medical-services/,href,C
3379,View Profile,View Profile,a_inner_text,A
3379,spectrio,/investment-portfolio/spectrio/,href,C
3380,Spectrio,Spectrio,img_alt_text,B
3381,View Profile,View Profile,a_inner_text,A
3381,spectrio,/investment-portfolio/spectrio/,href,C
3382,View Profile,View Profile,a_inner_text,A
3382,spirion,/investment-portfolio/spirion/,href,C
3383,Spirion Logo,Spirion Logo,img_alt_text,B
3384,View Profile,View Profile,a_inner_text,A
3384,spirion,/investment-portfolio/spirion/,href,C
3385,View Profile,View Profile,a_inner_text,A
3385,spofadental,/investment-portfolio/spofadental/,href,C
3386,SpofaDental Logo,SpofaDental Logo,img_alt_text,B
3387,View Profile,View Profile,a_inner_text,A
3387,spofadental,/investment-portfolio/spofadental/,href,C
3388,View Profile,View Profile,a_inner_text,A
3388,sportsrecruits,/investment-portfolio/sportsrecruits/,href,C
3389,Sportsrecruitsweblogo,Sportsrecruitsweblogo,img_alt_text,B
3390,View Profile,View Profile,a_inner_text,A
3390,sportsrecruits,/investment-portfolio/sportsrecruits/,href,C
3391,View Profile,View Profile,a_inner_text,A
3391,squirro,/investment-portfolio/squirro/,href,C
3392,Squirro Weblogo 180X100,Squirro Weblogo 180X100,img_alt_text,B
3393,View Profile,View Profile,a_inner_text,A
3393,squirro,/investment-portfolio/squirro/,href,C
3394,View Profile,View Profile,a_inner_text,A
3394,stemlab,/investment-portfolio/stemlab/,href,C
3395,Stemlab Logo,Stemlab Logo,img_alt_text,B
3396,View Profile,View Profile,a_inner_text,A
3396,stemlab,/investment-portfolio/stemlab/,href,C
3397,View Profile,View Profile,a_inner_text,A
3397,stoffel seals,/investment-portfolio/stoffel-seals/,href,C
3398,Stoffel Logo,Stoffel Logo,img_alt_text,B
3399,View Profile,View Profile,a_inner_text,A
3399,stoffel seals,/investment-portfolio/stoffel-seals/,href,C
3400,View Profile,View Profile,a_inner_text,A
3400,suitepad,/investment-portfolio/suitepad/,href,C
3401,Suitepad Weblogocolor,Suitepad Weblogocolor,img_alt_text,B
3402,View Profile,View Profile,a_inner_text,A
3402,suitepad,/investment-portfolio/suitepad/,href,C
3403,View Profile,View Profile,a_inner_text,A
3403,sunless inc,/investment-portfolio/sunless-inc/,href,C
3404,Sunless Logo,Sunless Logo,img_alt_text,B
3405,View Profile,View Profile,a_inner_text,A
3405,sunless inc,/investment-portfolio/sunless-inc/,href,C
3406,View Profile,View Profile,a_inner_text,A
3406,sunrise windows,/investment-portfolio/sunrise-windows/,href,C
3407,Sunise Windows Logo,Sunise Windows Logo,img_alt_text,B
3408,View Profile,View Profile,a_inner_text,A
3408,sunrise windows,/investment-portfolio/sunrise-windows/,href,C
3409,View Profile,View Profile,a_inner_text,A
3409,surewerx,/investment-portfolio/surewerx/,href,C
3410,SureWerx logo,SureWerx logo,img_alt_text,B
3411,View Profile,View Profile,a_inner_text,A
3411,surewerx,/investment-portfolio/surewerx/,href,C
3412,View Profile,View Profile,a_inner_text,A
3412,swedish education group,/investment-portfolio/swedish-education-group/,href,C
3413,Power Planning System,Power Planning System,img_alt_text,B
3414,View Profile,View Profile,a_inner_text,A
3414,swedish education group,/investment-portfolio/swedish-education-group/,href,C
3415,View Profile,View Profile,a_inner_text,A
3415,sytrue,/investment-portfolio/sytrue/,href,C
3416,Sytrue Weblogo 180X100,Sytrue Weblogo 180X100,img_alt_text,B
3417,View Profile,View Profile,a_inner_text,A
3417,sytrue,/investment-portfolio/sytrue/,href,C
3418,View Profile,View Profile,a_inner_text,A
3418,t3 services group,/investment-portfolio/t3-services-group/,href,C
3419,Weblogo T3servicesgroup 180X100,Weblogo T3servicesgroup 180X100,img_alt_text,B
3420,View Profile,View Profile,a_inner_text,A
3420,t3 services group,/investment-portfolio/t3-services-group/,href,C
3421,View Profile,View Profile,a_inner_text,A
3421,tate s bake shop,/investment-portfolio/tate-s-bake-shop/,href,C
3422,Tate's Bake Shop,Tate's Bake Shop,img_alt_text,B
3423,View Profile,View Profile,a_inner_text,A
3423,tate s bake shop,/investment-portfolio/tate-s-bake-shop/,href,C
3424,View Profile,View Profile,a_inner_text,A
3424,team technologies,/investment-portfolio/team-technologies/,href,C
3425,Team Technologies Logo,Team Technologies Logo,img_alt_text,B
3426,View Profile,View Profile,a_inner_text,A
3426,team technologies,/investment-portfolio/team-technologies/,href,C
3427,View Profile,View Profile,a_inner_text,A
3427,tensator,/investment-portfolio/tensator/,href,C
3428,Tensator Logo,Tensator Logo,img_alt_text,B
3429,View Profile,View Profile,a_inner_text,A
3429,tensator,/investment-portfolio/tensator/,href,C
3430,View Profile,View Profile,a_inner_text,A
3430,teufel,/investment-portfolio/teufel/,href,C
3431,Teufel Logo,Teufel Logo,img_alt_text,B
3432,View Profile,View Profile,a_inner_text,A
3432,teufel,/investment-portfolio/teufel/,href,C
3433,View Profile,View Profile,a_inner_text,A
3433,the derm group,/investment-portfolio/the-derm-group/,href,C
3434,Dermgroupweblogo,Dermgroupweblogo,img_alt_text,B
3435,View Profile,View Profile,a_inner_text,A
3435,the derm group,/investment-portfolio/the-derm-group/,href,C
3436,View Profile,View Profile,a_inner_text,A
3436,the dwyer group i,/investment-portfolio/the-dwyer-group-i/,href,C
3437,Dwyer Logo,Dwyer Logo,img_alt_text,B
3438,View Profile,View Profile,a_inner_text,A
3438,the dwyer group i,/investment-portfolio/the-dwyer-group-i/,href,C
3439,View Profile,View Profile,a_inner_text,A
3439,the dwyer group ii,/investment-portfolio/the-dwyer-group-ii/,href,C
3440,The Dwyer Group,The Dwyer Group,img_alt_text,B
3441,View Profile,View Profile,a_inner_text,A
3441,the dwyer group ii,/investment-portfolio/the-dwyer-group-ii/,href,C
3442,View Profile,View Profile,a_inner_text,A
3442,the healthea group,/investment-portfolio/the-healthea-group/,href,C
3443,Weblogo Healthea 180X100,Weblogo Healthea 180X100,img_alt_text,B
3444,View Profile,View Profile,a_inner_text,A
3444,the healthea group,/investment-portfolio/the-healthea-group/,href,C
3445,View Profile,View Profile,a_inner_text,A
3445,the townsend group,/investment-portfolio/the-townsend-group/,href,C
3446,Weblogo Townsendgroup 180X100,Weblogo Townsendgroup 180X100,img_alt_text,B
3447,View Profile,View Profile,a_inner_text,A
3447,the townsend group,/investment-portfolio/the-townsend-group/,href,C
3448,View Profile,View Profile,a_inner_text,A
3448,the vomela companies,/investment-portfolio/the-vomela-companies/,href,C
3449,Weblogo Vomela 180X100,Weblogo Vomela 180X100,img_alt_text,B
3450,View Profile,View Profile,a_inner_text,A
3450,the vomela companies,/investment-portfolio/the-vomela-companies/,href,C
3451,View Profile,View Profile,a_inner_text,A
3451,thibaut,/investment-portfolio/thibaut/,href,C
3452,Thibaut Logo,Thibaut Logo,img_alt_text,B
3453,View Profile,View Profile,a_inner_text,A
3453,thibaut,/investment-portfolio/thibaut/,href,C
3454,View Profile,View Profile,a_inner_text,A
3454,thinktank,/investment-portfolio/thinktank/,href,C
3455,Thinktankweblogo,Thinktankweblogo,img_alt_text,B
3456,View Profile,View Profile,a_inner_text,A
3456,thinktank,/investment-portfolio/thinktank/,href,C
3457,View Profile,View Profile,a_inner_text,A
3457,threatmark inc,/investment-portfolio/threatmark-inc/,href,C
3458,Weblogo Threatmark 180X100,Weblogo Threatmark 180X100,img_alt_text,B
3459,View Profile,View Profile,a_inner_text,A
3459,threatmark inc,/investment-portfolio/threatmark-inc/,href,C
3460,View Profile,View Profile,a_inner_text,A
3460,threshold brands,/investment-portfolio/threshold-brands/,href,C
3461,Thresholdbrands Weblogo 180X100,Thresholdbrands Weblogo 180X100,img_alt_text,B
3462,View Profile,View Profile,a_inner_text,A
3462,threshold brands,/investment-portfolio/threshold-brands/,href,C
3463,View Profile,View Profile,a_inner_text,A
3463,todaytix,/investment-portfolio/todaytix/,href,C
3464,Todaytixweblogo,Todaytixweblogo,img_alt_text,B
3465,View Profile,View Profile,a_inner_text,A
3465,todaytix,/investment-portfolio/todaytix/,href,C
3466,View Profile,View Profile,a_inner_text,A
3466,toolport,/investment-portfolio/toolport/,href,C
3467,TOOLPORT Weblogo,TOOLPORT Weblogo,img_alt_text,B
3468,View Profile,View Profile,a_inner_text,A
3468,toolport,/investment-portfolio/toolport/,href,C
3469,View Profile,View Profile,a_inner_text,A
3469,transporeon,/investment-portfolio/transporeon/,href,C
3470,Transporeon,Transporeon,img_alt_text,B
3471,View Profile,View Profile,a_inner_text,A
3471,transporeon,/investment-portfolio/transporeon/,href,C
3472,View Profile,View Profile,a_inner_text,A
3472,trend technologies,/investment-portfolio/trend-technologies/,href,C
3473,Trend Logo,Trend Logo,img_alt_text,B
3474,View Profile,View Profile,a_inner_text,A
3474,trend technologies,/investment-portfolio/trend-technologies/,href,C
3475,View Profile,View Profile,a_inner_text,A
3475,tropikal pet,/investment-portfolio/tropikal-pet/,href,C
3476,Tropikal Logo,Tropikal Logo,img_alt_text,B
3477,View Profile,View Profile,a_inner_text,A
3477,tropikal pet,/investment-portfolio/tropikal-pet/,href,C
3478,View Profile,View Profile,a_inner_text,A
3478,true health group,/investment-portfolio/true-health-group/,href,C
3479,TrueHealth Group Logo,TrueHealth Group Logo,img_alt_text,B
3480,View Profile,View Profile,a_inner_text,A
3480,true health group,/investment-portfolio/true-health-group/,href,C
3481,View Profile,View Profile,a_inner_text,A
3481,trustwell,/investment-portfolio/trustwell/,href,C
3482,Trustwell Weblogo 180X100,Trustwell Weblogo 180X100,img_alt_text,B
3483,View Profile,View Profile,a_inner_text,A
3483,trustwell,/investment-portfolio/trustwell/,href,C
3484,View Profile,View Profile,a_inner_text,A
3484,turtl,/investment-portfolio/turtl/,href,C
3485,Turtl Weblogocolor,Turtl Weblogocolor,img_alt_text,B
3486,View Profile,View Profile,a_inner_text,A
3486,turtl,/investment-portfolio/turtl/,href,C
3487,View Profile,View Profile,a_inner_text,A
3487,typsy,/investment-portfolio/typsy/,href,C
3488,Weblogo Typsy 180X100,Weblogo Typsy 180X100,img_alt_text,B
3489,View Profile,View Profile,a_inner_text,A
3489,typsy,/investment-portfolio/typsy/,href,C
3490,View Profile,View Profile,a_inner_text,A
3490,uinta brewing company,/investment-portfolio/uinta-brewing-company/,href,C
3491,Uinta Brewing logo,Uinta Brewing logo,img_alt_text,B
3492,View Profile,View Profile,a_inner_text,A
3492,uinta brewing company,/investment-portfolio/uinta-brewing-company/,href,C
3493,View Profile,View Profile,a_inner_text,A
3493,ultravolt,/investment-portfolio/ultravolt/,href,C
3494,UltraVolt Logo,UltraVolt Logo,img_alt_text,B
3495,View Profile,View Profile,a_inner_text,A
3495,ultravolt,/investment-portfolio/ultravolt/,href,C
3496,View Profile,View Profile,a_inner_text,A
3496,unifocus,/investment-portfolio/unifocus/,href,C
3497,Unifocus Weblogo2 180X100,Unifocus Weblogo2 180X100,img_alt_text,B
3498,View Profile,View Profile,a_inner_text,A
3498,unifocus,/investment-portfolio/unifocus/,href,C
3499,View Profile,View Profile,a_inner_text,A
3499,unipac,/investment-portfolio/unipac/,href,C
3500,unipac Logo,unipac Logo,img_alt_text,B
3501,View Profile,View Profile,a_inner_text,A
3501,unipac,/investment-portfolio/unipac/,href,C
3502,View Profile,View Profile,a_inner_text,A
3502,united central industrial supply,/investment-portfolio/united-central-industrial-supply/,href,C
3503,United Central Industrial Supplies,United Central Industrial Supplies,img_alt_text,B
3504,View Profile,View Profile,a_inner_text,A
3504,united central industrial supply,/investment-portfolio/united-central-industrial-supply/,href,C
3505,View Profile,View Profile,a_inner_text,A
3505,universal air filter,/investment-portfolio/universal-air-filter/,href,C
3506,UAF Logo,UAF Logo,img_alt_text,B
3507,View Profile,View Profile,a_inner_text,A
3507,universal air filter,/investment-portfolio/universal-air-filter/,href,C
3508,View Profile,View Profile,a_inner_text,A
3508,us cabinet depot,/investment-portfolio/us-cabinet-depot/,href,C
3509,Uscabinetdepot Weblogo 180X100,Uscabinetdepot Weblogo 180X100,img_alt_text,B
3510,View Profile,View Profile,a_inner_text,A
3510,us cabinet depot,/investment-portfolio/us-cabinet-depot/,href,C
3511,View Profile,View Profile,a_inner_text,A
3511,veritext,/investment-portfolio/veritext/,href,C
3512,Veritext Logo,Veritext Logo,img_alt_text,B
3513,View Profile,View Profile,a_inner_text,A
3513,veritext,/investment-portfolio/veritext/,href,C
3514,View Profile,View Profile,a_inner_text,A
3514,viking plastics,/investment-portfolio/viking-plastics/,href,C
3515,Viking Plastics Logo,Viking Plastics Logo,img_alt_text,B
3516,View Profile,View Profile,a_inner_text,A
3516,viking plastics,/investment-portfolio/viking-plastics/,href,C
3517,View Profile,View Profile,a_inner_text,A
3517,vitex packaging group,/investment-portfolio/vitex-packaging-group/,href,C
3518,VPG Logo,VPG Logo,img_alt_text,B
3519,View Profile,View Profile,a_inner_text,A
3519,vitex packaging group,/investment-portfolio/vitex-packaging-group/,href,C
3520,View Profile,View Profile,a_inner_text,A
3520,vitg,/investment-portfolio/vitg/,href,C
3521,Weblogo VITG 180X100,Weblogo VITG 180X100,img_alt_text,B
3522,View Profile,View Profile,a_inner_text,A
3522,vitg,/investment-portfolio/vitg/,href,C
3523,View Profile,View Profile,a_inner_text,A
3523,vivi,/investment-portfolio/vivi/,href,C
3524,Vivi Updatedlogo 180X100,Vivi Updatedlogo 180X100,img_alt_text,B
3525,View Profile,View Profile,a_inner_text,A
3525,vivi,/investment-portfolio/vivi/,href,C
3526,View Profile,View Profile,a_inner_text,A
3526,vokes air group,/investment-portfolio/vokes-air-group/,href,C
3527,Vokes Air Logo,Vokes Air Logo,img_alt_text,B
3528,View Profile,View Profile,a_inner_text,A
3528,vokes air group,/investment-portfolio/vokes-air-group/,href,C
3529,View Profile,View Profile,a_inner_text,A
3529,wall street prep,/investment-portfolio/wall-street-prep/,href,C
3530,Weblogo Wallstreetprep 180X100,Weblogo Wallstreetprep 180X100,img_alt_text,B
3531,View Profile,View Profile,a_inner_text,A
3531,wall street prep,/investment-portfolio/wall-street-prep/,href,C
3532,View Profile,View Profile,a_inner_text,A
3532,waste service group,/investment-portfolio/waste-service-group/,href,C
3533,Waste Service Group Logo,Waste Service Group Logo,img_alt_text,B
3534,View Profile,View Profile,a_inner_text,A
3534,waste service group,/investment-portfolio/waste-service-group/,href,C
3535,View Profile,View Profile,a_inner_text,A
3535,water jel,/investment-portfolio/water-jel/,href,C
3536,WaterJel Logo,WaterJel Logo,img_alt_text,B
3537,View Profile,View Profile,a_inner_text,A
3537,water jel,/investment-portfolio/water-jel/,href,C
3538,View Profile,View Profile,a_inner_text,A
3538,welltec,/investment-portfolio/welltec/,href,C
3539,Welltec,Welltec,img_alt_text,B
3540,View Profile,View Profile,a_inner_text,A
3540,welltec,/investment-portfolio/welltec/,href,C
3541,View Profile,View Profile,a_inner_text,A
3541,whatcounts,/investment-portfolio/whatcounts/,href,C
3542,Whatcounts Logo,Whatcounts Logo,img_alt_text,B
3543,View Profile,View Profile,a_inner_text,A
3543,whatcounts,/investment-portfolio/whatcounts/,href,C
3544,View Profile,View Profile,a_inner_text,A
3544,whitney automotive group,/investment-portfolio/whitney-automotive-group/,href,C
3545,WAG Logo,WAG Logo,img_alt_text,B
3546,View Profile,View Profile,a_inner_text,A
3546,whitney automotive group,/investment-portfolio/whitney-automotive-group/,href,C
3547,View Profile,View Profile,a_inner_text,A
3547,wildlife international,/investment-portfolio/wildlife-international/,href,C
3548,Wildlife International Logo,Wildlife International Logo,img_alt_text,B
3549,View Profile,View Profile,a_inner_text,A
3549,wildlife international,/investment-portfolio/wildlife-international/,href,C
3550,View Profile,View Profile,a_inner_text,A
3550,wiz korea,/investment-portfolio/wiz-korea/,href,C
3551,WizIsland,WizIsland,img_alt_text,B
3552,View Profile,View Profile,a_inner_text,A
3552,wiz korea,/investment-portfolio/wiz-korea/,href,C
3553,View Profile,View Profile,a_inner_text,A
3553,wondr health,/investment-portfolio/wondr-health/,href,C
3554,Wondrhealth Weblogo,Wondrhealth Weblogo,img_alt_text,B
3555,View Profile,View Profile,a_inner_text,A
3555,wondr health,/investment-portfolio/wondr-health/,href,C
3556,View Profile,View Profile,a_inner_text,A
3556,work health group,/investment-portfolio/work-health-group/,href,C
3557,Work Health Group Logo,Work Health Group Logo,img_alt_text,B
3558,View Profile,View Profile,a_inner_text,A
3558,work health group,/investment-portfolio/work-health-group/,href,C
3559,View Profile,View Profile,a_inner_text,A
3559,workplace media,/investment-portfolio/workplace-media/,href,C
3560,WorkPlace Media Logo,WorkPlace Media Logo,img_alt_text,B
3561,View Profile,View Profile,a_inner_text,A
3561,workplace media,/investment-portfolio/workplace-media/,href,C
3562,View Profile,View Profile,a_inner_text,A
3562,workstride,/investment-portfolio/workstride/,href,C
3563,Workstride Logo,Workstride Logo,img_alt_text,B
3564,View Profile,View Profile,a_inner_text,A
3564,workstride,/investment-portfolio/workstride/,href,C
3565,View Profile,View Profile,a_inner_text,A
3565,xcentric,/investment-portfolio/xcentric/,href,C
3566,Xcentric Mold Logo,Xcentric Mold Logo,img_alt_text,B
3567,View Profile,View Profile,a_inner_text,A
3567,xcentric,/investment-portfolio/xcentric/,href,C
3568,View Profile,View Profile,a_inner_text,A
3568,y international,/investment-portfolio/y-international/,href,C
3569,Y'sRoad,Y'sRoad,img_alt_text,B
3570,View Profile,View Profile,a_inner_text,A
3570,y international,/investment-portfolio/y-international/,href,C
3571,View Profile,View Profile,a_inner_text,A
3571,yourmembership,/investment-portfolio/yourmembership/,href,C
3572,YourMembership Logo,YourMembership Logo,img_alt_text,B
3573,View Profile,View Profile,a_inner_text,A
3573,yourmembership,/investment-portfolio/yourmembership/,href,C
3574,View Profile,View Profile,a_inner_text,A
3574,yumearth,/investment-portfolio/yumearth/,href,C
3575,Yum Earth logo,Yum Earth logo,img_alt_text,B
3576,View Profile,View Profile,a_inner_text,A
3576,yumearth,/investment-portfolio/yumearth/,href,C
3577,View Profile,View Profile,a_inner_text,A
3577,zetkama,/investment-portfolio/zetkama/,href,C
3578,Zetkama Logo,Zetkama Logo,img_alt_text,B
3579,View Profile,View Profile,a_inner_text,A
3579,zetkama,/investment-portfolio/zetkama/,href,C
3580,View Profile,View Profile,a_inner_text,A
3580,ziflow,/investment-portfolio/ziflow/,href,C
3581,Ziflow Weblogo 180X100,Ziflow Weblogo 180X100,img_alt_text,B
3582,View Profile,View Profile,a_inner_text,A
3582,ziflow,/investment-portfolio/ziflow/,href,C
3583,View Profile,View Profile,a_inner_text,A
3583,zoobean,/investment-portfolio/zoobean/,href,C
3584,Weblogo Zoobean 180X100,Weblogo Zoobean 180X100,img_alt_text,B
3585,View Profile,View Profile,a_inner_text,A
3585,zoobean,/investment-portfolio/zoobean/,href,C
5606,media,/media/2hcbiged/riversidecompanylogotrademarked.gif?anchor=center&mode=crop&width=276&height=95&rnd=132151116773330000,image_src,I
5608,2hcbiged,/media/2hcbiged/riversidecompanylogotrademarked.gif?anchor=center&mode=crop&width=276&height=95&rnd=132151116773330000,image_src,I
5610,riversidecompanylogotrademarked,/media/2hcbiged/riversidecompanylogotrademarked.gif?anchor=center&mode=crop&width=276&height=95&rnd=132151116773330000,image_src,I
5612,media,/media/4yxbdq3n/icon_hunmanresources_blue.png?anchor=center&mode=crop&width=170&height=170&rnd=132140787107500000,image_src,I
5614,4yxbdq3n,/media/4yxbdq3n/icon_hunmanresources_blue.png?anchor=center&mode=crop&width=170&height=170&rnd=132140787107500000,image_src,I
5616,icon hunmanresources blue,/media/4yxbdq3n/icon_hunmanresources_blue.png?anchor=center&mode=crop&width=170&height=170&rnd=132140787107500000,image_src,I
5618,media,/media/gokfj2ve/icon_email_blue.png?anchor=center&mode=crop&width=170&height=170&rnd=132137697385930000,image_src,I
5620,gokfj2ve,/media/gokfj2ve/icon_email_blue.png?anchor=center&mode=crop&width=170&height=170&rnd=132137697385930000,image_src,I
5622,icon email blue,/media/gokfj2ve/icon_email_blue.png?anchor=center&mode=crop&width=170&height=170&rnd=132137697385930000,image_src,I
5624,media,/media/l0jktm0d/footer-logo.png?anchor=center&mode=crop&width=164&height=80&rnd=132082997777370000,image_src,I
5626,l0jktm0d,/media/l0jktm0d/footer-logo.png?anchor=center&mode=crop&width=164&height=80&rnd=132082997777370000,image_src,I
5628,footer logo,/media/l0jktm0d/footer-logo.png?anchor=center&mode=crop&width=164&height=80&rnd=132082997777370000,image_src,I
